bar_place_id,bar_name,bar_vicinity,bar_lat,bar_lon,rank,stop_id,stop_code,stop_name,stop_lat,stop_lon,straight_line_m,walk_distance_m,walk_duration_s
ChIJsZBu6mpbFkcRtbOQ22y2jkE,"""Pracownia"" Cafe & Pub","Brzozowa 15, Kraków",50.0533553,19.9458262,1,stop_227_36219,815-01,Miodowa,50.053886,19.948108,173,,
ChIJsZBu6mpbFkcRtbOQ22y2jkE,"""Pracownia"" Cafe & Pub","Brzozowa 15, Kraków",50.0533553,19.9458262,2,stop_227_36229,815-02,Miodowa,50.05321,19.9489,220,,
ChIJsZBu6mpbFkcRtbOQ22y2jkE,"""Pracownia"" Cafe & Pub","Brzozowa 15, Kraków",50.0533553,19.9458262,3,stop_224_35939,819-03,Stradom,50.052258,19.942061,295,,
ChIJsZBu6mpbFkcRtbOQ22y2jkE,"""Pracownia"" Cafe & Pub","Brzozowa 15, Kraków",50.0533553,19.9458262,4,stop_224_35929,819-02,Stradom,50.052086,19.941166,361,,
ChIJsZBu6mpbFkcRtbOQ22y2jkE,"""Pracownia"" Cafe & Pub","Brzozowa 15, Kraków",50.0533553,19.9458262,5,stop_224_35949,819-04,Stradom,50.050842,19.942415,371,,
ChIJbWr1r7FbFkcR1kerx1rdPtc,"""Winnica"" Specjalistyczny sklep z winem Kraków","Kazimierza Wielkiego 124, Kraków",50.07475609999999,19.9124528,1,stop_1554_380819,,UKEN,50.074123,19.910791,138,,
ChIJbWr1r7FbFkcR1kerx1rdPtc,"""Winnica"" Specjalistyczny sklep z winem Kraków","Kazimierza Wielkiego 124, Kraków",50.07475609999999,19.9124528,2,stop_1554_380829,,UKEN,50.07426,19.909991,184,,
ChIJbWr1r7FbFkcR1kerx1rdPtc,"""Winnica"" Specjalistyczny sklep z winem Kraków","Kazimierza Wielkiego 124, Kraków",50.07475609999999,19.9124528,3,stop_195_8429,,Biprostal,50.07309,19.915045,262,,
ChIJbWr1r7FbFkcR1kerx1rdPtc,"""Winnica"" Specjalistyczny sklep z winem Kraków","Kazimierza Wielkiego 124, Kraków",50.07475609999999,19.9124528,4,stop_195_8419,,Biprostal,50.072862,19.916075,333,,
ChIJbWr1r7FbFkcR1kerx1rdPtc,"""Winnica"" Specjalistyczny sklep z winem Kraków","Kazimierza Wielkiego 124, Kraków",50.07475609999999,19.9124528,5,stop_319_104919,,Głowackiego,50.07536,19.9068,409,,
ChIJTw9pg1VbFkcRdmU1wmh4t9s,"103,8 FM","Bożego Ciała 7, Kraków",50.0516,19.9431749,1,stop_224_35949,819-04,Stradom,50.050842,19.942415,100,,
ChIJTw9pg1VbFkcRdmU1wmh4t9s,"103,8 FM","Bożego Ciała 7, Kraków",50.0516,19.9431749,2,stop_224_35939,819-03,Stradom,50.052258,19.942061,108,,
ChIJTw9pg1VbFkcRdmU1wmh4t9s,"103,8 FM","Bożego Ciała 7, Kraków",50.0516,19.9431749,3,stop_224_35919,819-01,Stradom,50.05148,19.941337,132,,
ChIJTw9pg1VbFkcRdmU1wmh4t9s,"103,8 FM","Bożego Ciała 7, Kraków",50.0516,19.9431749,4,stop_224_35929,819-02,Stradom,50.052086,19.941166,153,,
ChIJTw9pg1VbFkcRdmU1wmh4t9s,"103,8 FM","Bożego Ciała 7, Kraków",50.0516,19.9431749,5,stop_226_36119,872-01,Orzeszkowej,50.050631,19.938671,339,,
ChIJ5TDr1blbFkcRfNEKtBbdO7Y,442 Sport Pub,"Świętego Tomasza 20, Kraków",50.06273439999999,19.9404896,1,stop_222_35719,806-01,Poczta Główna,50.059797,19.942404,354,,
ChIJ5TDr1blbFkcRfNEKtBbdO7Y,442 Sport Pub,"Świętego Tomasza 20, Kraków",50.06273439999999,19.9404896,2,stop_852_324239,801-03,Teatr Słowackiego,50.064192,19.94499,360,,
ChIJ5TDr1blbFkcRfNEKtBbdO7Y,442 Sport Pub,"Świętego Tomasza 20, Kraków",50.06273439999999,19.9404896,3,stop_852_324229,801-02,Teatr Słowackiego,50.064792,19.944409,361,,
ChIJ5TDr1blbFkcRfNEKtBbdO7Y,442 Sport Pub,"Świętego Tomasza 20, Kraków",50.06273439999999,19.9404896,4,stop_222_35739,806-03,Poczta Główna,50.059339,19.941821,389,,
ChIJ5TDr1blbFkcRfNEKtBbdO7Y,442 Sport Pub,"Świętego Tomasza 20, Kraków",50.06273439999999,19.9404896,5,stop_568_303219,833-01,Stary Kleparz,50.066314,19.939721,402,,
ChIJHfLaQ7ZbFkcRH_Jmpxn2nD0,5th Avenue Restaurant & Lounge Bar,"Dąbska 5, Kraków",50.06459939999999,19.98210259999999,1,stop_208_13019,804-01,Białucha,50.067841,19.977991,465,,
ChIJHfLaQ7ZbFkcRH_Jmpxn2nD0,5th Avenue Restaurant & Lounge Bar,"Dąbska 5, Kraków",50.06459939999999,19.98210259999999,2,stop_234_37019,814-01,Dąbie,50.060724,19.979185,479,,
ChIJHfLaQ7ZbFkcRH_Jmpxn2nD0,5th Avenue Restaurant & Lounge Bar,"Dąbska 5, Kraków",50.06459939999999,19.98210259999999,3,stop_208_13029,804-02,Białucha,50.067597,19.977192,484,,
ChIJHfLaQ7ZbFkcRH_Jmpxn2nD0,5th Avenue Restaurant & Lounge Bar,"Dąbska 5, Kraków",50.06459939999999,19.98210259999999,4,stop_234_37029,814-02,Dąbie,50.060709,19.979012,486,,
ChIJHfLaQ7ZbFkcRH_Jmpxn2nD0,5th Avenue Restaurant & Lounge Bar,"Dąbska 5, Kraków",50.06459939999999,19.98210259999999,5,stop_1105_347319,112-01,TAURON Arena Kraków al. Pokoju,50.064188,19.988978,493,,
ChIJSW1PeBFbFkcRvgi65blKm0c,AWARIA,"Mikołajska 9, Kraków",50.0612444,19.941935,1,stop_222_35719,806-01,Poczta Główna,50.059797,19.942404,164,,
ChIJSW1PeBFbFkcRvgi65blKm0c,AWARIA,"Mikołajska 9, Kraków",50.0612444,19.941935,2,stop_222_35739,806-03,Poczta Główna,50.059339,19.941821,212,,
ChIJSW1PeBFbFkcRvgi65blKm0c,AWARIA,"Mikołajska 9, Kraków",50.0612444,19.941935,3,stop_222_35729,806-02,Poczta Główna,50.059205,19.942571,231,,
ChIJSW1PeBFbFkcRvgi65blKm0c,AWARIA,"Mikołajska 9, Kraków",50.0612444,19.941935,4,stop_1102_347019,817-01,św. Gertrudy,50.058627,19.940988,299,,
ChIJSW1PeBFbFkcRvgi65blKm0c,AWARIA,"Mikołajska 9, Kraków",50.0612444,19.941935,5,stop_1102_347029,817-02,św. Gertrudy,50.058486,19.940838,317,,
ChIJl1yI7mpbFkcRQN67IvZRx-U,Absynt Cafe & Bar,"Miodowa 28, Kraków",50.05311690000001,19.9455244,1,stop_227_36219,815-01,Miodowa,50.053886,19.948108,203,,
ChIJl1yI7mpbFkcRQN67IvZRx-U,Absynt Cafe & Bar,"Miodowa 28, Kraków",50.05311690000001,19.9455244,2,stop_227_36229,815-02,Miodowa,50.05321,19.9489,241,,
ChIJl1yI7mpbFkcRQN67IvZRx-U,Absynt Cafe & Bar,"Miodowa 28, Kraków",50.05311690000001,19.9455244,3,stop_224_35939,819-03,Stradom,50.052258,19.942061,265,,
ChIJl1yI7mpbFkcRQN67IvZRx-U,Absynt Cafe & Bar,"Miodowa 28, Kraków",50.05311690000001,19.9455244,4,stop_224_35929,819-02,Stradom,50.052086,19.941166,332,,
ChIJl1yI7mpbFkcRQN67IvZRx-U,Absynt Cafe & Bar,"Miodowa 28, Kraków",50.05311690000001,19.9455244,5,stop_224_35949,819-04,Stradom,50.050842,19.942415,337,,
ChIJ8W8oerpbFkcRiIbINxB6AWc,Akwarium. Klubokawiarnia,"Juliusza Lea 90a, Kraków",50.0717746,19.9085734,1,stop_1554_380829,,UKEN,50.07426,19.909991,294,,
ChIJ8W8oerpbFkcRiIbINxB6AWc,Akwarium. Klubokawiarnia,"Juliusza Lea 90a, Kraków",50.0717746,19.9085734,2,stop_1554_380819,,UKEN,50.074123,19.910791,305,,
ChIJ8W8oerpbFkcRiIbINxB6AWc,Akwarium. Klubokawiarnia,"Juliusza Lea 90a, Kraków",50.0717746,19.9085734,3,stop_319_104919,,Głowackiego,50.07536,19.9068,418,,
ChIJ8W8oerpbFkcRiIbINxB6AWc,Akwarium. Klubokawiarnia,"Juliusza Lea 90a, Kraków",50.0717746,19.9085734,4,stop_195_8429,,Biprostal,50.07309,19.915045,484,,
ChIJ8W8oerpbFkcRiIbINxB6AWc,Akwarium. Klubokawiarnia,"Juliusza Lea 90a, Kraków",50.0717746,19.9085734,5,stop_319_104929,,Głowackiego,50.075882,19.905845,496,,
ChIJ--zXXRJbFkcRaNTfe-AEoXE,Albertina Restaurant & Wine,"Dominikańska 3, Kraków",50.0589948,19.9394673,1,stop_325_136019,821-01,Plac Wszystkich Świętych,50.05912,19.93824,89,,
ChIJ--zXXRJbFkcRaNTfe-AEoXE,Albertina Restaurant & Wine,"Dominikańska 3, Kraków",50.0589948,19.9394673,2,stop_1102_347029,817-02,św. Gertrudy,50.058486,19.940838,113,,
ChIJ--zXXRJbFkcRaNTfe-AEoXE,Albertina Restaurant & Wine,"Dominikańska 3, Kraków",50.0589948,19.9394673,3,stop_1102_347019,817-01,św. Gertrudy,50.058627,19.940988,116,,
ChIJ--zXXRJbFkcRaNTfe-AEoXE,Albertina Restaurant & Wine,"Dominikańska 3, Kraków",50.0589948,19.9394673,4,stop_325_136029,821-02,Plac Wszystkich Świętych,50.059113,19.937497,141,,
ChIJ--zXXRJbFkcRaNTfe-AEoXE,Albertina Restaurant & Wine,"Dominikańska 3, Kraków",50.0589948,19.9394673,5,stop_222_35739,806-03,Poczta Główna,50.059339,19.941821,172,,
ChIJmzoTiBFbFkcRvON--cfCMPE,Albo tak cafe,"Mały Rynek 4, Kraków",50.0611629,19.94061,1,stop_222_35719,806-01,Poczta Główna,50.059797,19.942404,199,,
ChIJmzoTiBFbFkcRvON--cfCMPE,Albo tak cafe,"Mały Rynek 4, Kraków",50.0611629,19.94061,2,stop_222_35739,806-03,Poczta Główna,50.059339,19.941821,220,,
ChIJmzoTiBFbFkcRvON--cfCMPE,Albo tak cafe,"Mały Rynek 4, Kraków",50.0611629,19.94061,3,stop_222_35729,806-02,Poczta Główna,50.059205,19.942571,259,,
ChIJmzoTiBFbFkcRvON--cfCMPE,Albo tak cafe,"Mały Rynek 4, Kraków",50.0611629,19.94061,4,stop_325_136019,821-01,Plac Wszystkich Świętych,50.05912,19.93824,283,,
ChIJmzoTiBFbFkcRvON--cfCMPE,Albo tak cafe,"Mały Rynek 4, Kraków",50.0611629,19.94061,5,stop_1102_347019,817-01,św. Gertrudy,50.058627,19.940988,283,,
ChIJH1D9EAhbFkcRQOLQmfnuqiU,Aleksander's Chocolate. Bar,"Karmelicka 56, Kraków",50.0677669,19.927727,1,stop_4_9,,Stefana Batorego,50.067023,19.928837,115,,
ChIJH1D9EAhbFkcRQOLQmfnuqiU,Aleksander's Chocolate. Bar,"Karmelicka 56, Kraków",50.0677669,19.927727,2,stop_193_7919,,Plac Inwalidów,50.068728,19.926981,119,,
ChIJH1D9EAhbFkcRQOLQmfnuqiU,Aleksander's Chocolate. Bar,"Karmelicka 56, Kraków",50.0677669,19.927727,3,stop_4_8,,Stefana Batorego,50.066586,19.929432,179,,
ChIJH1D9EAhbFkcRQOLQmfnuqiU,Aleksander's Chocolate. Bar,"Karmelicka 56, Kraków",50.0677669,19.927727,4,stop_193_7929,,Plac Inwalidów,50.069585,19.925897,241,,
ChIJH1D9EAhbFkcRQOLQmfnuqiU,Aleksander's Chocolate. Bar,"Karmelicka 56, Kraków",50.0677669,19.927727,5,stop_191_7739,,Teatr Bagatela,50.063755,19.932586,565,,
ChIJhwEsTL1bFkcRD8rzpDONyRw,Alkoparty.pl - Hurtownia Alkoholu,"Samuela Bogumiła Lindego 1/1, Kraków",50.0784371,19.8773437,1,stop_212_13519,,Bronowice Małe,50.08179,19.88192,496,,
ChIJhwEsTL1bFkcRD8rzpDONyRw,Alkoparty.pl - Hurtownia Alkoholu,"Samuela Bogumiła Lindego 1/1, Kraków",50.0784371,19.8773437,2,stop_1058_345929,,Bronowice SKA,50.081524,19.888593,873,,
ChIJhwEsTL1bFkcRD8rzpDONyRw,Alkoparty.pl - Hurtownia Alkoholu,"Samuela Bogumiła Lindego 1/1, Kraków",50.0784371,19.8773437,3,stop_1058_345919,,Bronowice SKA,50.081331,19.889698,938,,
ChIJhwEsTL1bFkcRD8rzpDONyRw,Alkoparty.pl - Hurtownia Alkoholu,"Samuela Bogumiła Lindego 1/1, Kraków",50.0784371,19.8773437,4,stop_210_13329,,Wesele,50.079235,19.896704,1384,,
ChIJhwEsTL1bFkcRD8rzpDONyRw,Alkoparty.pl - Hurtownia Alkoholu,"Samuela Bogumiła Lindego 1/1, Kraków",50.0784371,19.8773437,5,stop_210_13319,,Wesele,50.078856,19.897857,1465,,
ChIJOWlvPbZdFkcR_AExd2bZ4eQ,Alpen Grill,"Zachodnia 1a, Kraków",50.0239077,19.9102416,1,stop_289_58929,706-02,Ruczaj,50.02729,19.906125,477,,
ChIJOWlvPbZdFkcR_AExd2bZ4eQ,Alpen Grill,"Zachodnia 1a, Kraków",50.0239077,19.9102416,2,stop_289_58919,706-01,Ruczaj,50.026932,19.905181,494,,
ChIJOWlvPbZdFkcR_AExd2bZ4eQ,Alpen Grill,"Zachodnia 1a, Kraków",50.0239077,19.9102416,3,stop_346_269029,291-02,Kampus UJ,50.024685,19.901995,595,,
ChIJOWlvPbZdFkcR_AExd2bZ4eQ,Alpen Grill,"Zachodnia 1a, Kraków",50.0239077,19.9102416,4,stop_346_269019,291-01,Kampus UJ,50.024044,19.901485,626,,
ChIJOWlvPbZdFkcR_AExd2bZ4eQ,Alpen Grill,"Zachodnia 1a, Kraków",50.0239077,19.9102416,5,stop_345_268819,527-01,Norymberska,50.029809,19.912225,671,,
ChIJIyIFPxJbFkcR0UsQoBThK3A,Ambasada Śledzia,"Stolarska 8/10, Kraków",50.0600054,19.9391523,1,stop_325_136019,821-01,Plac Wszystkich Świętych,50.05912,19.93824,118,,
ChIJIyIFPxJbFkcR0UsQoBThK3A,Ambasada Śledzia,"Stolarska 8/10, Kraków",50.0600054,19.9391523,2,stop_325_136029,821-02,Plac Wszystkich Świętych,50.059113,19.937497,154,,
ChIJIyIFPxJbFkcR0UsQoBThK3A,Ambasada Śledzia,"Stolarska 8/10, Kraków",50.0600054,19.9391523,3,stop_1102_347019,817-01,św. Gertrudy,50.058627,19.940988,202,,
ChIJIyIFPxJbFkcR0UsQoBThK3A,Ambasada Śledzia,"Stolarska 8/10, Kraków",50.0600054,19.9391523,4,stop_222_35739,806-03,Poczta Główna,50.059339,19.941821,204,,
ChIJIyIFPxJbFkcR0UsQoBThK3A,Ambasada Śledzia,"Stolarska 8/10, Kraków",50.0600054,19.9391523,5,stop_1102_347029,817-02,św. Gertrudy,50.058486,19.940838,207,,
ChIJBwntouNbFkcRLBvZmF0xOPc,Anima,"Powiśle 7, Kraków",50.05570519999999,19.931159,1,stop_216_31919,823-01,Jubilat,50.055498,19.928109,219,,
ChIJBwntouNbFkcRLBvZmF0xOPc,Anima,"Powiśle 7, Kraków",50.05570519999999,19.931159,2,stop_216_31929,823-02,Jubilat,50.054999,19.927052,304,,
ChIJBwntouNbFkcRLBvZmF0xOPc,Anima,"Powiśle 7, Kraków",50.05570519999999,19.931159,3,stop_219_32229,822-02,Filharmonia,50.058666,19.933001,355,,
ChIJBwntouNbFkcRLBvZmF0xOPc,Anima,"Powiśle 7, Kraków",50.05570519999999,19.931159,4,stop_219_32239,822-03,Filharmonia,50.05917,19.9331,409,,
ChIJBwntouNbFkcRLBvZmF0xOPc,Anima,"Powiśle 7, Kraków",50.05570519999999,19.931159,5,stop_219_32219,822-01,Filharmonia,50.05903,19.93387,417,,
ChIJC9-qc25bFkcRuvGBYjGhAms,Anna KOROLKO,"Tadeusza Kościuszki 19, Kraków",50.0543574,19.9247099,1,stop_216_31929,823-02,Jubilat,50.054999,19.927052,182,,
ChIJC9-qc25bFkcRuvGBYjGhAms,Anna KOROLKO,"Tadeusza Kościuszki 19, Kraków",50.0543574,19.9247099,2,stop_214_31319,300-01,Komorowskiego,50.053451,19.921873,226,,
ChIJC9-qc25bFkcRuvGBYjGhAms,Anna KOROLKO,"Tadeusza Kościuszki 19, Kraków",50.0543574,19.9247099,3,stop_214_31329,300-02,Komorowskiego,50.053384,19.921893,228,,
ChIJC9-qc25bFkcRuvGBYjGhAms,Anna KOROLKO,"Tadeusza Kościuszki 19, Kraków",50.0543574,19.9247099,4,stop_216_31919,823-01,Jubilat,50.055498,19.928109,274,,
ChIJC9-qc25bFkcRuvGBYjGhAms,Anna KOROLKO,"Tadeusza Kościuszki 19, Kraków",50.0543574,19.9247099,5,stop_213_31139,301-03,Salwator,50.05263,19.917407,556,,
ChIJIUyfSQ5bFkcRai-EfFLv7eg,"Antycafe - Bar, Pub & Multitap Kraków","Sławkowska 12, Kraków",50.06387350000001,19.9375776,1,stop_568_303229,833-02,Stary Kleparz,50.066234,19.938562,272,,
ChIJIUyfSQ5bFkcRai-EfFLv7eg,"Antycafe - Bar, Pub & Multitap Kraków","Sławkowska 12, Kraków",50.06387350000001,19.9375776,2,stop_191_7729,,Teatr Bagatela,50.063806,19.933366,301,,
ChIJIUyfSQ5bFkcRai-EfFLv7eg,"Antycafe - Bar, Pub & Multitap Kraków","Sławkowska 12, Kraków",50.06387350000001,19.9375776,3,stop_568_303219,833-01,Stary Kleparz,50.066314,19.939721,312,,
ChIJIUyfSQ5bFkcRai-EfFLv7eg,"Antycafe - Bar, Pub & Multitap Kraków","Sławkowska 12, Kraków",50.06387350000001,19.9375776,4,stop_568_303239,833-03,Stary Kleparz,50.06666,19.93895,325,,
ChIJIUyfSQ5bFkcRai-EfFLv7eg,"Antycafe - Bar, Pub & Multitap Kraków","Sławkowska 12, Kraków",50.06387350000001,19.9375776,5,stop_191_7739,,Teatr Bagatela,50.063755,19.932586,357,,
ChIJoe68lQ1bFkcR3SBmlDEUcvY,Apartamenty Gołębia 3,"Gołębia 3, Kraków",50.0604502,19.9354077,1,stop_219_32219,822-01,Filharmonia,50.05903,19.93387,192,,
ChIJoe68lQ1bFkcR3SBmlDEUcvY,Apartamenty Gołębia 3,"Gołębia 3, Kraków",50.0604502,19.9354077,2,stop_325_136029,821-02,Plac Wszystkich Świętych,50.059113,19.937497,211,,
ChIJoe68lQ1bFkcR3SBmlDEUcvY,Apartamenty Gołębia 3,"Gołębia 3, Kraków",50.0604502,19.9354077,3,stop_219_32239,822-03,Filharmonia,50.05917,19.9331,218,,
ChIJoe68lQ1bFkcR3SBmlDEUcvY,Apartamenty Gołębia 3,"Gołębia 3, Kraków",50.0604502,19.9354077,4,stop_325_136019,821-01,Plac Wszystkich Świętych,50.05912,19.93824,251,,
ChIJoe68lQ1bFkcR3SBmlDEUcvY,Apartamenty Gołębia 3,"Gołębia 3, Kraków",50.0604502,19.9354077,5,stop_219_32229,822-02,Filharmonia,50.058666,19.933001,262,,
ChIJEez9GWZbFkcRjSc_ic-sSR0,"Arcade Bee – Atrakcje, Restauracja i Cocktail Bar","Unity Centre, Aleksandra Lubomirskiego 24, Kraków",50.0676986,19.95822859999999,1,stop_203_12559,802-05,Rondo Mogilskie,50.066002,19.958722,192,,
ChIJEez9GWZbFkcRjSc_ic-sSR0,"Arcade Bee – Atrakcje, Restauracja i Cocktail Bar","Unity Centre, Aleksandra Lubomirskiego 24, Kraków",50.0676986,19.95822859999999,2,stop_203_12519,802-01,Rondo Mogilskie,50.065782,19.959639,236,,
ChIJEez9GWZbFkcRjSc_ic-sSR0,"Arcade Bee – Atrakcje, Restauracja i Cocktail Bar","Unity Centre, Aleksandra Lubomirskiego 24, Kraków",50.0676986,19.95822859999999,3,stop_203_12529,802-02,Rondo Mogilskie,50.065759,19.959864,245,,
ChIJEez9GWZbFkcRjSc_ic-sSR0,"Arcade Bee – Atrakcje, Restauracja i Cocktail Bar","Unity Centre, Aleksandra Lubomirskiego 24, Kraków",50.0676986,19.95822859999999,4,stop_203_12549,802-04,Rondo Mogilskie,50.064973,19.959357,314,,
ChIJEez9GWZbFkcRjSc_ic-sSR0,"Arcade Bee – Atrakcje, Restauracja i Cocktail Bar","Unity Centre, Aleksandra Lubomirskiego 24, Kraków",50.0676986,19.95822859999999,5,stop_203_12539,802-03,Rondo Mogilskie,50.064865,19.959303,324,,
ChIJuw32TMlFFkcRjv123vLRUEY,Arena Garden,"Stanisława Lema 7, Kraków",50.0676678,19.9929083,1,stop_1556_381029,885-02,Ogród Doświadczeń,50.065502,19.996324,343,,
ChIJuw32TMlFFkcRjv123vLRUEY,Arena Garden,"Stanisława Lema 7, Kraków",50.0676678,19.9929083,2,stop_1556_381019,885-01,Ogród Doświadczeń,50.065658,19.997488,396,,
ChIJuw32TMlFFkcRjv123vLRUEY,Arena Garden,"Stanisława Lema 7, Kraków",50.0676678,19.9929083,3,stop_1105_347329,112-02,TAURON Arena Kraków al. Pokoju,50.064416,19.990077,414,,
ChIJuw32TMlFFkcRjv123vLRUEY,Arena Garden,"Stanisława Lema 7, Kraków",50.0676678,19.9929083,4,stop_1105_347319,112-01,TAURON Arena Kraków al. Pokoju,50.064188,19.988978,478,,
ChIJuw32TMlFFkcRjv123vLRUEY,Arena Garden,"Stanisława Lema 7, Kraków",50.0676678,19.9929083,5,stop_1495_373519,798-02,Muzeum Lotnictwa Polskiego,50.07352,19.990472,674,,
ChIJqX-wtXhbFkcRIttl1p-Y5VE,Art Inn Space,"Miodowa 28, Kraków",50.05313659999999,19.9455218,1,stop_227_36219,815-01,Miodowa,50.053886,19.948108,203,,
ChIJqX-wtXhbFkcRIttl1p-Y5VE,Art Inn Space,"Miodowa 28, Kraków",50.05313659999999,19.9455218,2,stop_227_36229,815-02,Miodowa,50.05321,19.9489,241,,
ChIJqX-wtXhbFkcRIttl1p-Y5VE,Art Inn Space,"Miodowa 28, Kraków",50.05313659999999,19.9455218,3,stop_224_35939,819-03,Stradom,50.052258,19.942061,266,,
ChIJqX-wtXhbFkcRIttl1p-Y5VE,Art Inn Space,"Miodowa 28, Kraków",50.05313659999999,19.9455218,4,stop_224_35929,819-02,Stradom,50.052086,19.941166,332,,
ChIJqX-wtXhbFkcRIttl1p-Y5VE,Art Inn Space,"Miodowa 28, Kraków",50.05313659999999,19.9455218,5,stop_224_35949,819-04,Stradom,50.050842,19.942415,338,,
ChIJJynjsgZbFkcR7seC39HjNjE,Art Kitchen Resto Bar Krakow,"Mikołajska 26, Kraków",50.0615818,19.9425578,1,stop_222_35719,806-01,Poczta Główna,50.059797,19.942404,199,,
ChIJJynjsgZbFkcR7seC39HjNjE,Art Kitchen Resto Bar Krakow,"Mikołajska 26, Kraków",50.0615818,19.9425578,2,stop_222_35739,806-03,Poczta Główna,50.059339,19.941821,255,,
ChIJJynjsgZbFkcR7seC39HjNjE,Art Kitchen Resto Bar Krakow,"Mikołajska 26, Kraków",50.0615818,19.9425578,3,stop_222_35729,806-02,Poczta Główna,50.059205,19.942571,264,,
ChIJJynjsgZbFkcR7seC39HjNjE,Art Kitchen Resto Bar Krakow,"Mikołajska 26, Kraków",50.0615818,19.9425578,4,stop_852_324239,801-03,Teatr Słowackiego,50.064192,19.94499,338,,
ChIJJynjsgZbFkcR7seC39HjNjE,Art Kitchen Resto Bar Krakow,"Mikołajska 26, Kraków",50.0615818,19.9425578,5,stop_1102_347019,817-01,św. Gertrudy,50.058627,19.940988,347,,
ChIJRTBRrENbFkcRDf7BK00raxU,Augusta,"Bulwar Kurlandzki, Kraków",50.0473228,19.9484197,1,stop_225_36019,820-01,Plac Wolnica,50.048028,19.943426,365,,
ChIJRTBRrENbFkcRDf7BK00raxU,Augusta,"Bulwar Kurlandzki, Kraków",50.0473228,19.9484197,2,stop_225_36029,820-02,Plac Wolnica,50.048114,19.943448,366,,
ChIJRTBRrENbFkcRDf7BK00raxU,Augusta,"Bulwar Kurlandzki, Kraków",50.0473228,19.9484197,3,stop_279_57129,556-02,Korona,50.044052,19.947497,370,,
ChIJRTBRrENbFkcRDf7BK00raxU,Augusta,"Bulwar Kurlandzki, Kraków",50.0473228,19.9484197,4,stop_279_57139,556-03,Korona,50.044032,19.94678,384,,
ChIJRTBRrENbFkcRDf7BK00raxU,Augusta,"Bulwar Kurlandzki, Kraków",50.0473228,19.9484197,5,stop_279_57119,556-01,Korona,50.043604,19.946683,432,,
ChIJVVBBDABbFkcRRuqzHb3S_qg,Auto,"Świętej Gertrudy 6, Kraków",50.0580649,19.9409173,1,stop_1102_347029,817-02,św. Gertrudy,50.058486,19.940838,47,,
ChIJVVBBDABbFkcRRuqzHb3S_qg,Auto,"Świętej Gertrudy 6, Kraków",50.0580649,19.9409173,2,stop_1102_347019,817-01,św. Gertrudy,50.058627,19.940988,63,,
ChIJVVBBDABbFkcRRuqzHb3S_qg,Auto,"Świętej Gertrudy 6, Kraków",50.0580649,19.9409173,3,stop_222_35739,806-03,Poczta Główna,50.059339,19.941821,156,,
ChIJVVBBDABbFkcRRuqzHb3S_qg,Auto,"Świętej Gertrudy 6, Kraków",50.0580649,19.9409173,4,stop_222_35729,806-02,Poczta Główna,50.059205,19.942571,173,,
ChIJVVBBDABbFkcRRuqzHb3S_qg,Auto,"Świętej Gertrudy 6, Kraków",50.0580649,19.9409173,5,stop_222_35719,806-01,Poczta Główna,50.059797,19.942404,220,,
ChIJDbfSdTBFFkcRsdtBtkV17aA,Avionetka Garden,"Osiedle 2 Pułku Lotniczego 51, Kraków",50.0756763,20.01072779999999,1,stop_245_40729,102-02,Czyżyny,50.074038,20.011272,186,,
ChIJDbfSdTBFFkcRsdtBtkV17aA,Avionetka Garden,"Osiedle 2 Pułku Lotniczego 51, Kraków",50.0756763,20.01072779999999,2,stop_245_40719,102-01,Czyżyny,50.07399,20.011459,195,,
ChIJDbfSdTBFFkcRsdtBtkV17aA,Avionetka Garden,"Osiedle 2 Pułku Lotniczego 51, Kraków",50.0756763,20.01072779999999,3,stop_246_40829,103-02,Rondo Czyżyńskie,50.07358,20.01606,446,,
ChIJDbfSdTBFFkcRsdtBtkV17aA,Avionetka Garden,"Osiedle 2 Pułku Lotniczego 51, Kraków",50.0756763,20.01072779999999,4,stop_199_11219,101-01,Stella-Sawickiego,50.074273,20.004747,454,,
ChIJDbfSdTBFFkcRsdtBtkV17aA,Avionetka Garden,"Osiedle 2 Pułku Lotniczego 51, Kraków",50.0756763,20.01072779999999,5,stop_199_11229,101-02,Stella-Sawickiego,50.074302,20.00459,464,,
ChIJuUto3FhbFkcRjr3-fRdQdTg,B.O.H.O Coffee&Bar,"Stolarska 6, Kraków",50.0605336,19.9394853,1,stop_325_136019,821-01,Plac Wszystkich Świętych,50.05912,19.93824,181,,
ChIJuUto3FhbFkcRjr3-fRdQdTg,B.O.H.O Coffee&Bar,"Stolarska 6, Kraków",50.0605336,19.9394853,2,stop_325_136029,821-02,Plac Wszystkich Świętych,50.059113,19.937497,212,,
ChIJuUto3FhbFkcRjr3-fRdQdTg,B.O.H.O Coffee&Bar,"Stolarska 6, Kraków",50.0605336,19.9394853,3,stop_222_35739,806-03,Poczta Główna,50.059339,19.941821,213,,
ChIJuUto3FhbFkcRjr3-fRdQdTg,B.O.H.O Coffee&Bar,"Stolarska 6, Kraków",50.0605336,19.9394853,4,stop_222_35719,806-01,Poczta Główna,50.059797,19.942404,224,,
ChIJuUto3FhbFkcRjr3-fRdQdTg,B.O.H.O Coffee&Bar,"Stolarska 6, Kraków",50.0605336,19.9394853,5,stop_1102_347019,817-01,św. Gertrudy,50.058627,19.940988,238,,
ChIJleT0EqJbFkcRBr6j0CVrd3c,"BAR ""Vanessa""","Henryka Pachońskiego 8A, Kraków",50.0938214,19.9279917,1,stop_1491_372319,410-02,Pachońskiego P+R,50.09416,19.92983,136,,
ChIJleT0EqJbFkcRBr6j0CVrd3c,"BAR ""Vanessa""","Henryka Pachońskiego 8A, Kraków",50.0938214,19.9279917,2,stop_1491_372329,410-01,Pachońskiego P+R,50.09379,19.93005,147,,
ChIJleT0EqJbFkcRBr6j0CVrd3c,"BAR ""Vanessa""","Henryka Pachońskiego 8A, Kraków",50.0938214,19.9279917,3,stop_1489_127119,781-01,Białoprądnicka,50.09499,19.93486,507,,
ChIJleT0EqJbFkcRBr6j0CVrd3c,"BAR ""Vanessa""","Henryka Pachońskiego 8A, Kraków",50.0938214,19.9279917,4,stop_1489_127129,781-02,Białoprądnicka,50.09485,19.9352,527,,
ChIJleT0EqJbFkcRBr6j0CVrd3c,"BAR ""Vanessa""","Henryka Pachońskiego 8A, Kraków",50.0938214,19.9279917,5,stop_1486_372439,410-03,Krowodrza Górka P+R,50.089389,19.93163,557,,
ChIJebuOxR5bFkcRFm2HjC8aTS0,BAR Kraków – kuchnia azjatycka & koktajle,"Augustiańska 1, Kraków",50.05061199999999,19.9407668,1,stop_224_35919,819-01,Stradom,50.05148,19.941337,105,,
ChIJebuOxR5bFkcRFm2HjC8aTS0,BAR Kraków – kuchnia azjatycka & koktajle,"Augustiańska 1, Kraków",50.05061199999999,19.9407668,2,stop_224_35949,819-04,Stradom,50.050842,19.942415,120,,
ChIJebuOxR5bFkcRFm2HjC8aTS0,BAR Kraków – kuchnia azjatycka & koktajle,"Augustiańska 1, Kraków",50.05061199999999,19.9407668,3,stop_226_36119,872-01,Orzeszkowej,50.050631,19.938671,150,,
ChIJebuOxR5bFkcRFm2HjC8aTS0,BAR Kraków – kuchnia azjatycka & koktajle,"Augustiańska 1, Kraków",50.05061199999999,19.9407668,4,stop_224_35929,819-02,Stradom,50.052086,19.941166,166,,
ChIJebuOxR5bFkcRFm2HjC8aTS0,BAR Kraków – kuchnia azjatycka & koktajle,"Augustiańska 1, Kraków",50.05061199999999,19.9407668,5,stop_226_36129,872-02,Orzeszkowej,50.050546,19.938251,180,,
ChIJW97LZWpbFkcRm6BMJk8LI5c,BAR Królicze Oczy. Ogród Letni,"Estery 14, Kraków",50.0517555,19.9455727,1,stop_224_35949,819-04,Stradom,50.050842,19.942415,247,,
ChIJW97LZWpbFkcRm6BMJk8LI5c,BAR Królicze Oczy. Ogród Letni,"Estery 14, Kraków",50.0517555,19.9455727,2,stop_224_35939,819-03,Stradom,50.052258,19.942061,257,,
ChIJW97LZWpbFkcRm6BMJk8LI5c,BAR Królicze Oczy. Ogród Letni,"Estery 14, Kraków",50.0517555,19.9455727,3,stop_227_36229,815-02,Miodowa,50.05321,19.9489,287,,
ChIJW97LZWpbFkcRm6BMJk8LI5c,BAR Królicze Oczy. Ogród Letni,"Estery 14, Kraków",50.0517555,19.9455727,4,stop_227_36219,815-01,Miodowa,50.053886,19.948108,298,,
ChIJW97LZWpbFkcRm6BMJk8LI5c,BAR Królicze Oczy. Ogród Letni,"Estery 14, Kraków",50.0517555,19.9455727,5,stop_224_35919,819-01,Stradom,50.05148,19.941337,304,,
ChIJTTqaT15bFkcRrUED3S3UH-0,BAR PO SCHODKACH,"Marii Konopnickiej 92b, Kraków",50.03787319999999,19.93934149999999,1,stop_290_61019,558-01,Rondo Matecznego,50.036959,19.940795,145,,
ChIJTTqaT15bFkcRrUED3S3UH-0,BAR PO SCHODKACH,"Marii Konopnickiej 92b, Kraków",50.03787319999999,19.93934149999999,2,stop_290_61029,558-02,Rondo Matecznego,50.035927,19.940363,228,,
ChIJTTqaT15bFkcRrUED3S3UH-0,BAR PO SCHODKACH,"Marii Konopnickiej 92b, Kraków",50.03787319999999,19.93934149999999,3,stop_291_61119,559-01,Rzemieślnicza,50.033644,19.938697,473,,
ChIJTTqaT15bFkcRrUED3S3UH-0,BAR PO SCHODKACH,"Marii Konopnickiej 92b, Kraków",50.03787319999999,19.93934149999999,4,stop_280_57219,557-01,Smolki,50.041496,19.943119,485,,
ChIJTTqaT15bFkcRrUED3S3UH-0,BAR PO SCHODKACH,"Marii Konopnickiej 92b, Kraków",50.03787319999999,19.93934149999999,5,stop_280_57229,557-02,Smolki,50.041629,19.943262,503,,
ChIJK8Rw4HhBFkcRK8XBWdw-Nrw,BAR PŁOMIEŃ,"Mieczysława Medweckiego 2, Kraków",50.0760955,20.01648,1,stop_246_40839,103-03,Rondo Czyżyńskie,50.074193,20.018028,239,,
ChIJK8Rw4HhBFkcRK8XBWdw-Nrw,BAR PŁOMIEŃ,"Mieczysława Medweckiego 2, Kraków",50.0760955,20.01648,2,stop_246_40829,103-02,Rondo Czyżyńskie,50.07358,20.01606,281,,
ChIJK8Rw4HhBFkcRK8XBWdw-Nrw,BAR PŁOMIEŃ,"Mieczysława Medweckiego 2, Kraków",50.0760955,20.01648,3,stop_313_86719,117-01,Bieńczycka,50.075661,20.02044,287,,
ChIJK8Rw4HhBFkcRK8XBWdw-Nrw,BAR PŁOMIEŃ,"Mieczysława Medweckiego 2, Kraków",50.0760955,20.01648,4,stop_313_86729,117-02,Bieńczycka,50.0757,20.02058,296,,
ChIJK8Rw4HhBFkcRK8XBWdw-Nrw,BAR PŁOMIEŃ,"Mieczysława Medweckiego 2, Kraków",50.0760955,20.01648,5,stop_246_40819,103-01,Rondo Czyżyńskie,50.0733,20.01888,355,,
ChIJHUfVNQpbFkcR07uZynx5ff4,BAR WY,"Nadwiślańska 11, Kraków",50.0472472,19.9521971,1,stop_278_57019,640-01,Plac Bohaterów Getta,50.046605,19.955028,214,,
ChIJHUfVNQpbFkcR07uZynx5ff4,BAR WY,"Nadwiślańska 11, Kraków",50.0472472,19.9521971,2,stop_278_57029,640-02,Plac Bohaterów Getta,50.046716,19.9551,216,,
ChIJHUfVNQpbFkcR07uZynx5ff4,BAR WY,"Nadwiślańska 11, Kraków",50.0472472,19.9521971,3,stop_338_56919,641-01,Limanowskiego,50.045136,19.954882,303,,
ChIJHUfVNQpbFkcR07uZynx5ff4,BAR WY,"Nadwiślańska 11, Kraków",50.0472472,19.9521971,4,stop_338_56929,641-02,Limanowskiego,50.045,19.955911,364,,
ChIJHUfVNQpbFkcR07uZynx5ff4,BAR WY,"Nadwiślańska 11, Kraków",50.0472472,19.9521971,5,stop_1103_347119,816-01,św. Wawrzyńca,50.051131,19.951064,439,,
ChIJ7b4ZlhBbFkcRwPYvfxBWemw,BARMANI SP. Z O.O.,"Lubicz 5, Kraków",50.06447900000001,19.9462482,1,stop_852_324219,801-01,Teatr Słowackiego,50.064609,19.945628,47,,
ChIJ7b4ZlhBbFkcRwPYvfxBWemw,BARMANI SP. Z O.O.,"Lubicz 5, Kraków",50.06447900000001,19.9462482,2,stop_852_324239,801-03,Teatr Słowackiego,50.064192,19.94499,95,,
ChIJ7b4ZlhBbFkcRwPYvfxBWemw,BARMANI SP. Z O.O.,"Lubicz 5, Kraków",50.06447900000001,19.9462482,3,stop_852_324249,801-04,Teatr Słowackiego,50.065006,19.94518,96,,
ChIJ7b4ZlhBbFkcRwPYvfxBWemw,BARMANI SP. Z O.O.,"Lubicz 5, Kraków",50.06447900000001,19.9462482,4,stop_852_324229,801-02,Teatr Słowackiego,50.064792,19.944409,136,,
ChIJ7b4ZlhBbFkcRwPYvfxBWemw,BARMANI SP. Z O.O.,"Lubicz 5, Kraków",50.06447900000001,19.9462482,5,stop_204_12629,851-02,Lubicz,50.065046,19.951094,352,,
ChIJvflvYeJdFkcRdaw1acXO95M,BATEA by Rifon Seafood,"Przemiarki 23/A, Kraków",50.02255309999999,19.9019812,1,stop_346_269019,291-01,Kampus UJ,50.024044,19.901485,170,,
ChIJvflvYeJdFkcRdaw1acXO95M,BATEA by Rifon Seafood,"Przemiarki 23/A, Kraków",50.02255309999999,19.9019812,2,stop_346_269029,291-02,Kampus UJ,50.024685,19.901995,237,,
ChIJvflvYeJdFkcRdaw1acXO95M,BATEA by Rifon Seafood,"Przemiarki 23/A, Kraków",50.02255309999999,19.9019812,3,stop_11_23,292-02,Kampus UP JP II,50.020825,19.898122,336,,
ChIJvflvYeJdFkcRdaw1acXO95M,BATEA by Rifon Seafood,"Przemiarki 23/A, Kraków",50.02255309999999,19.9019812,4,stop_11_22,292-01,Kampus UP JP II,50.020377,19.897505,401,,
ChIJvflvYeJdFkcRdaw1acXO95M,BATEA by Rifon Seafood,"Przemiarki 23/A, Kraków",50.02255309999999,19.9019812,5,stop_289_58919,706-01,Ruczaj,50.026932,19.905181,538,,
ChIJ-XaIevVbFkcRtogieeRlELY,BAZA Cyber Club Zablocie,"Tadeusza Romanowicza 4B, Kraków",50.0479843,19.9649801,1,stop_321_115419,619-01,Zabłocie,50.0497,19.965148,191,,
ChIJ-XaIevVbFkcRtogieeRlELY,BAZA Cyber Club Zablocie,"Tadeusza Romanowicza 4B, Kraków",50.0479843,19.9649801,2,stop_316_94619,294-01,Klimeckiego,50.048976,19.967573,215,,
ChIJ-XaIevVbFkcRtogieeRlELY,BAZA Cyber Club Zablocie,"Tadeusza Romanowicza 4B, Kraków",50.0479843,19.9649801,3,stop_316_94629,294-02,Klimeckiego,50.049016,19.967621,221,,
ChIJ-XaIevVbFkcRtogieeRlELY,BAZA Cyber Club Zablocie,"Tadeusza Romanowicza 4B, Kraków",50.0479843,19.9649801,4,stop_321_115429,619-02,Zabłocie,50.049951,19.964216,225,,
ChIJ-XaIevVbFkcRtogieeRlELY,BAZA Cyber Club Zablocie,"Tadeusza Romanowicza 4B, Kraków",50.0479843,19.9649801,5,stop_820_315819,642-01,Podgórze SKA,50.042438,19.960723,688,,
ChIJYXsg0thbFkcReLxBZrIJvCU,Bacchus Grill,"Lwowska 15, Kraków",50.04541200000001,19.95626900000001,1,stop_338_56929,641-02,Limanowskiego,50.045,19.955911,52,,
ChIJYXsg0thbFkcReLxBZrIJvCU,Bacchus Grill,"Lwowska 15, Kraków",50.04541200000001,19.95626900000001,2,stop_338_56919,641-01,Limanowskiego,50.045136,19.954882,104,,
ChIJYXsg0thbFkcReLxBZrIJvCU,Bacchus Grill,"Lwowska 15, Kraków",50.04541200000001,19.95626900000001,3,stop_278_57019,640-01,Plac Bohaterów Getta,50.046605,19.955028,160,,
ChIJYXsg0thbFkcReLxBZrIJvCU,Bacchus Grill,"Lwowska 15, Kraków",50.04541200000001,19.95626900000001,4,stop_278_57029,640-02,Plac Bohaterów Getta,50.046716,19.9551,167,,
ChIJYXsg0thbFkcReLxBZrIJvCU,Bacchus Grill,"Lwowska 15, Kraków",50.04541200000001,19.95626900000001,5,stop_820_315819,642-01,Podgórze SKA,50.042438,19.960723,459,,
ChIJlcC1OSFbFkcRb0fFHuEIZD4,Banda Burger's LOKAL27,"Św. Wawrzyńca 27, Kraków",50.0504651,19.9503161,1,stop_1103_347119,816-01,św. Wawrzyńca,50.051131,19.951064,91,,
ChIJlcC1OSFbFkcRb0fFHuEIZD4,Banda Burger's LOKAL27,"Św. Wawrzyńca 27, Kraków",50.0504651,19.9503161,2,stop_1103_347129,816-02,św. Wawrzyńca,50.051415,19.950829,112,,
ChIJlcC1OSFbFkcRb0fFHuEIZD4,Banda Burger's LOKAL27,"Św. Wawrzyńca 27, Kraków",50.0504651,19.9503161,3,stop_227_36229,815-02,Miodowa,50.05321,19.9489,322,,
ChIJlcC1OSFbFkcRb0fFHuEIZD4,Banda Burger's LOKAL27,"Św. Wawrzyńca 27, Kraków",50.0504651,19.9503161,4,stop_227_36219,815-01,Miodowa,50.053886,19.948108,412,,
ChIJlcC1OSFbFkcRb0fFHuEIZD4,Banda Burger's LOKAL27,"Św. Wawrzyńca 27, Kraków",50.0504651,19.9503161,5,stop_278_57029,640-02,Plac Bohaterów Getta,50.046716,19.9551,539,,
ChIJNaSf-A5bFkcRm9ykekA9l0Y,BaniaLuka,"plac Szczepański 6, Kraków",50.0641837,19.9360562,1,stop_191_7729,,Teatr Bagatela,50.063806,19.933366,197,,
ChIJNaSf-A5bFkcRm9ykekA9l0Y,BaniaLuka,"plac Szczepański 6, Kraków",50.0641837,19.9360562,2,stop_191_7739,,Teatr Bagatela,50.063755,19.932586,252,,
ChIJNaSf-A5bFkcRm9ykekA9l0Y,BaniaLuka,"plac Szczepański 6, Kraków",50.0641837,19.9360562,3,stop_191_7719,,Teatr Bagatela,50.0631,19.932648,271,,
ChIJNaSf-A5bFkcRm9ykekA9l0Y,BaniaLuka,"plac Szczepański 6, Kraków",50.0641837,19.9360562,4,stop_568_303229,833-02,Stary Kleparz,50.066234,19.938562,290,,
ChIJNaSf-A5bFkcRm9ykekA9l0Y,BaniaLuka,"plac Szczepański 6, Kraków",50.0641837,19.9360562,5,stop_568_303239,833-03,Stary Kleparz,50.06666,19.93895,344,,
ChIJM1byhw5bFkcRCGzSuc0ycSU,BaniaLuka,"Szewska 13, Kraków",50.0626976,19.9348479,1,stop_191_7729,,Teatr Bagatela,50.063806,19.933366,162,,
ChIJM1byhw5bFkcRCGzSuc0ycSU,BaniaLuka,"Szewska 13, Kraków",50.0626976,19.9348479,2,stop_191_7719,,Teatr Bagatela,50.0631,19.932648,163,,
ChIJM1byhw5bFkcRCGzSuc0ycSU,BaniaLuka,"Szewska 13, Kraków",50.0626976,19.9348479,3,stop_191_7739,,Teatr Bagatela,50.063755,19.932586,200,,
ChIJM1byhw5bFkcRCGzSuc0ycSU,BaniaLuka,"Szewska 13, Kraków",50.0626976,19.9348479,4,stop_219_32239,822-03,Filharmonia,50.05917,19.9331,412,,
ChIJM1byhw5bFkcRCGzSuc0ycSU,BaniaLuka,"Szewska 13, Kraków",50.0626976,19.9348479,5,stop_219_32219,822-01,Filharmonia,50.05903,19.93387,414,,
ChIJ744FJFtbFkcRsRzvEQp9Dno,Baqaro Rakowicka,"Rakowicka 11, Kraków",50.0663649,19.9527583,1,stop_204_12639,851-03,Lubicz,50.065436,19.951621,131,,
ChIJ744FJFtbFkcRsRzvEQp9Dno,Baqaro Rakowicka,"Rakowicka 11, Kraków",50.0663649,19.9527583,2,stop_204_12619,851-01,Lubicz,50.065186,19.952104,139,,
ChIJ744FJFtbFkcRsRzvEQp9Dno,Baqaro Rakowicka,"Rakowicka 11, Kraków",50.0663649,19.9527583,3,stop_205_12719,852-01,Uniwersytet Ekonomiczny,50.067608,19.952235,143,,
ChIJ744FJFtbFkcRsRzvEQp9Dno,Baqaro Rakowicka,"Rakowicka 11, Kraków",50.0663649,19.9527583,4,stop_204_12629,851-02,Lubicz,50.065046,19.951094,189,,
ChIJ744FJFtbFkcRsRzvEQp9Dno,Baqaro Rakowicka,"Rakowicka 11, Kraków",50.0663649,19.9527583,5,stop_205_12729,852-02,Uniwersytet Ekonomiczny,50.068328,19.952638,218,,
ChIJB5NkcGpbFkcRryd2PmsRZMs,Bar,"Izaaka 2, Kraków",50.05132510000001,19.9459761,1,stop_224_35949,819-04,Stradom,50.050842,19.942415,260,,
ChIJB5NkcGpbFkcRryd2PmsRZMs,Bar,"Izaaka 2, Kraków",50.05132510000001,19.9459761,2,stop_227_36229,815-02,Miodowa,50.05321,19.9489,296,,
ChIJB5NkcGpbFkcRryd2PmsRZMs,Bar,"Izaaka 2, Kraków",50.05132510000001,19.9459761,3,stop_224_35939,819-03,Stradom,50.052258,19.942061,298,,
ChIJB5NkcGpbFkcRryd2PmsRZMs,Bar,"Izaaka 2, Kraków",50.05132510000001,19.9459761,4,stop_227_36219,815-01,Miodowa,50.053886,19.948108,323,,
ChIJB5NkcGpbFkcRryd2PmsRZMs,Bar,"Izaaka 2, Kraków",50.05132510000001,19.9459761,5,stop_224_35919,819-01,Stradom,50.05148,19.941337,332,,
ChIJjzP7XQBbFkcRVYu_wfhoG-w,Bar - Biblioteka,"Na Gródku 4, Kraków",50.06095639999999,19.9423401,1,stop_222_35719,806-01,Poczta Główna,50.059797,19.942404,129,,
ChIJjzP7XQBbFkcRVYu_wfhoG-w,Bar - Biblioteka,"Na Gródku 4, Kraków",50.06095639999999,19.9423401,2,stop_222_35739,806-03,Poczta Główna,50.059339,19.941821,184,,
ChIJjzP7XQBbFkcRVYu_wfhoG-w,Bar - Biblioteka,"Na Gródku 4, Kraków",50.06095639999999,19.9423401,3,stop_222_35729,806-02,Poczta Główna,50.059205,19.942571,195,,
ChIJjzP7XQBbFkcRVYu_wfhoG-w,Bar - Biblioteka,"Na Gródku 4, Kraków",50.06095639999999,19.9423401,4,stop_1102_347019,817-01,św. Gertrudy,50.058627,19.940988,276,,
ChIJjzP7XQBbFkcRVYu_wfhoG-w,Bar - Biblioteka,"Na Gródku 4, Kraków",50.06095639999999,19.9423401,5,stop_1102_347029,817-02,św. Gertrudy,50.058486,19.940838,295,,
ChIJMV6uKDpbFkcR6A1QoXP9Wns,Bar 32 Prosecco&Pinsa,"Świętego Tomasza 32, Kraków",50.062078,19.9428676,1,stop_222_35719,806-01,Poczta Główna,50.059797,19.942404,256,,
ChIJMV6uKDpbFkcR6A1QoXP9Wns,Bar 32 Prosecco&Pinsa,"Świętego Tomasza 32, Kraków",50.062078,19.9428676,2,stop_852_324239,801-03,Teatr Słowackiego,50.064192,19.94499,280,,
ChIJMV6uKDpbFkcR6A1QoXP9Wns,Bar 32 Prosecco&Pinsa,"Świętego Tomasza 32, Kraków",50.062078,19.9428676,3,stop_222_35739,806-03,Poczta Główna,50.059339,19.941821,314,,
ChIJMV6uKDpbFkcR6A1QoXP9Wns,Bar 32 Prosecco&Pinsa,"Świętego Tomasza 32, Kraków",50.062078,19.9428676,4,stop_222_35729,806-02,Poczta Główna,50.059205,19.942571,320,,
ChIJMV6uKDpbFkcR6A1QoXP9Wns,Bar 32 Prosecco&Pinsa,"Świętego Tomasza 32, Kraków",50.062078,19.9428676,5,stop_852_324229,801-02,Teatr Słowackiego,50.064792,19.944409,321,,
ChIJU46euA9bFkcR56sqRhyimnc,Bar Akropol,"#15-07 The Metropolis Tower 2, wikipedia",50.0650069,19.938599,1,stop_568_303229,833-02,Stary Kleparz,50.066234,19.938562,136,,
ChIJU46euA9bFkcR56sqRhyimnc,Bar Akropol,"#15-07 The Metropolis Tower 2, wikipedia",50.0650069,19.938599,2,stop_568_303219,833-01,Stary Kleparz,50.066314,19.939721,166,,
ChIJU46euA9bFkcR56sqRhyimnc,Bar Akropol,"#15-07 The Metropolis Tower 2, wikipedia",50.0650069,19.938599,3,stop_568_303239,833-03,Stary Kleparz,50.06666,19.93895,186,,
ChIJU46euA9bFkcR56sqRhyimnc,Bar Akropol,"#15-07 The Metropolis Tower 2, wikipedia",50.0650069,19.938599,4,stop_191_7729,,Teatr Bagatela,50.063806,19.933366,397,,
ChIJU46euA9bFkcR56sqRhyimnc,Bar Akropol,"#15-07 The Metropolis Tower 2, wikipedia",50.0650069,19.938599,5,stop_852_324229,801-02,Teatr Słowackiego,50.064792,19.944409,415,,
ChIJU1xsaQBbFkcRUuEu-1djlyw,Bar Eau de Vie,"Pijarska 12, Kraków",50.06500399999999,19.9392304,1,stop_568_303229,833-02,Stary Kleparz,50.066234,19.938562,145,,
ChIJU1xsaQBbFkcRUuEu-1djlyw,Bar Eau de Vie,"Pijarska 12, Kraków",50.06500399999999,19.9392304,2,stop_568_303219,833-01,Stary Kleparz,50.066314,19.939721,150,,
ChIJU1xsaQBbFkcRUuEu-1djlyw,Bar Eau de Vie,"Pijarska 12, Kraków",50.06500399999999,19.9392304,3,stop_568_303239,833-03,Stary Kleparz,50.06666,19.93895,185,,
ChIJU1xsaQBbFkcRUuEu-1djlyw,Bar Eau de Vie,"Pijarska 12, Kraków",50.06500399999999,19.9392304,4,stop_852_324229,801-02,Teatr Słowackiego,50.064792,19.944409,370,,
ChIJU1xsaQBbFkcRUuEu-1djlyw,Bar Eau de Vie,"Pijarska 12, Kraków",50.06500399999999,19.9392304,5,stop_852_324239,801-03,Teatr Słowackiego,50.064192,19.94499,421,,
ChIJ66XFDZlcFkcRLv2BpGek6m4,Bar Event Group - Barista Na Targi - Barmani Na Eventy - Mobilne Bary Kawowe - Mobilne Drink Bary,"Wacława Lipińskiego 3/1, Kraków",50.0293734,19.9256024,1,stop_343_268629,528-02,Lipińskiego,50.030738,19.924874,160,,
ChIJ66XFDZlcFkcRLv2BpGek6m4,Bar Event Group - Barista Na Targi - Barmani Na Eventy - Mobilne Bary Kawowe - Mobilne Drink Bary,"Wacława Lipińskiego 3/1, Kraków",50.0293734,19.9256024,2,stop_343_268619,528-01,Lipińskiego,50.030792,19.924804,168,,
ChIJ66XFDZlcFkcRLv2BpGek6m4,Bar Event Group - Barista Na Targi - Barmani Na Eventy - Mobilne Bary Kawowe - Mobilne Drink Bary,"Wacława Lipińskiego 3/1, Kraków",50.0293734,19.9256024,3,stop_292_61219,551-01,Borsucza,50.030504,19.928538,244,,
ChIJ66XFDZlcFkcRLv2BpGek6m4,Bar Event Group - Barista Na Targi - Barmani Na Eventy - Mobilne Bary Kawowe - Mobilne Drink Bary,"Wacława Lipińskiego 3/1, Kraków",50.0293734,19.9256024,4,stop_292_61229,551-02,Borsucza,50.03055,19.929101,282,,
ChIJ66XFDZlcFkcRLv2BpGek6m4,Bar Event Group - Barista Na Targi - Barmani Na Eventy - Mobilne Bary Kawowe - Mobilne Drink Bary,"Wacława Lipińskiego 3/1, Kraków",50.0293734,19.9256024,5,stop_344_268729,526-02,Grota-Roweckiego,50.031593,19.921162,402,,
ChIJGwLyqt9bFkcR08ryDrlDBZY,Bar Gwar,"Mostowa 8, Kraków",50.0480326,19.9460358,1,stop_225_36029,820-02,Plac Wolnica,50.048114,19.943448,185,,
ChIJGwLyqt9bFkcR08ryDrlDBZY,Bar Gwar,"Mostowa 8, Kraków",50.0480326,19.9460358,2,stop_225_36019,820-01,Plac Wolnica,50.048028,19.943426,186,,
ChIJGwLyqt9bFkcR08ryDrlDBZY,Bar Gwar,"Mostowa 8, Kraków",50.0480326,19.9460358,3,stop_224_35949,819-04,Stradom,50.050842,19.942415,405,,
ChIJGwLyqt9bFkcR08ryDrlDBZY,Bar Gwar,"Mostowa 8, Kraków",50.0480326,19.9460358,4,stop_279_57139,556-03,Korona,50.044032,19.94678,448,,
ChIJGwLyqt9bFkcR08ryDrlDBZY,Bar Gwar,"Mostowa 8, Kraków",50.0480326,19.9460358,5,stop_279_57129,556-02,Korona,50.044052,19.947497,455,,
ChIJ4zEcGiRbFkcR3PjalTz-wfQ,Bar LAM HONG,"Mogilska 43B, Kraków",50.0663325,19.9673359,1,stop_207_12929,803-02,Cystersów,50.06654,19.969149,131,,
ChIJ4zEcGiRbFkcR3PjalTz-wfQ,Bar LAM HONG,"Mogilska 43B, Kraków",50.0663325,19.9673359,2,stop_207_12919,803-01,Cystersów,50.066523,19.970519,228,,
ChIJ4zEcGiRbFkcR3PjalTz-wfQ,Bar LAM HONG,"Mogilska 43B, Kraków",50.0663325,19.9673359,3,stop_203_12529,802-02,Rondo Mogilskie,50.065759,19.959864,537,,
ChIJ4zEcGiRbFkcR3PjalTz-wfQ,Bar LAM HONG,"Mogilska 43B, Kraków",50.0663325,19.9673359,4,stop_203_12519,802-01,Rondo Mogilskie,50.065782,19.959639,553,,
ChIJ4zEcGiRbFkcR3PjalTz-wfQ,Bar LAM HONG,"Mogilska 43B, Kraków",50.0663325,19.9673359,5,stop_203_12549,802-04,Rondo Mogilskie,50.064973,19.959357,589,,
ChIJ9cssAz5FFkcRlwGvZ3rZdAU,Bar Majka,"11, Kraków",50.0777286,20.0304101,1,stop_250_41819,136-01,Os. Zgody,50.076921,20.030839,95,,
ChIJ9cssAz5FFkcRlwGvZ3rZdAU,Bar Majka,"11, Kraków",50.0777286,20.0304101,2,stop_250_41829,136-02,Os. Zgody,50.076456,20.031524,162,,
ChIJ9cssAz5FFkcRlwGvZ3rZdAU,Bar Majka,"11, Kraków",50.0777286,20.0304101,3,stop_354_274549,118-04,Rondo Kocmyrzowskie im. Ks. Gorzelanego,50.079056,20.02806,223,,
ChIJ9cssAz5FFkcRlwGvZ3rZdAU,Bar Majka,"11, Kraków",50.0777286,20.0304101,4,stop_354_274539,118-03,Rondo Kocmyrzowskie im. Ks. Gorzelanego,50.080062,20.028408,296,,
ChIJ9cssAz5FFkcRlwGvZ3rZdAU,Bar Majka,"11, Kraków",50.0777286,20.0304101,5,stop_354_274529,118-02,Rondo Kocmyrzowskie im. Ks. Gorzelanego,50.07905,20.026486,316,,
ChIJ1_VaOzFbFkcRE0ClXR59q-g,Bar Nowy Kleparz,"Długa 80, Kraków",50.07251749999999,19.9351874,1,stop_187_7129,835-02,Nowy Kleparz,50.073508,19.936452,142,,
ChIJ1_VaOzFbFkcRE0ClXR59q-g,Bar Nowy Kleparz,"Długa 80, Kraków",50.07251749999999,19.9351874,2,stop_187_7119,835-01,Nowy Kleparz,50.07349,19.93663,149,,
ChIJ1_VaOzFbFkcRE0ClXR59q-g,Bar Nowy Kleparz,"Długa 80, Kraków",50.07251749999999,19.9351874,3,stop_188_7219,834-01,Pędzichów,50.069678,19.937536,357,,
ChIJ1_VaOzFbFkcRE0ClXR59q-g,Bar Nowy Kleparz,"Długa 80, Kraków",50.07251749999999,19.9351874,4,stop_188_7229,834-02,Pędzichów,50.069646,19.937499,359,,
ChIJ1_VaOzFbFkcRE0ClXR59q-g,Bar Nowy Kleparz,"Długa 80, Kraków",50.07251749999999,19.9351874,5,stop_186_7039,381-03,Dworzec Towarowy,50.074994,19.93968,423,,
ChIJY7cwfqxaFkcRWyUHlfH5DYU,Bar Omega,"Osiedle Bohaterów Września 76, Kraków",50.10167269999999,20.0121551,1,stop_238_37819,148-01,Os. Piastów,50.101977,20.012058,35,,
ChIJY7cwfqxaFkcRWyUHlfH5DYU,Bar Omega,"Osiedle Bohaterów Września 76, Kraków",50.10167269999999,20.0121551,2,stop_239_37929,147-02,Piasta Kołodzieja,50.098526,20.013051,356,,
ChIJY7cwfqxaFkcRWyUHlfH5DYU,Bar Omega,"Osiedle Bohaterów Września 76, Kraków",50.10167269999999,20.0121551,3,stop_239_37919,147-01,Piasta Kołodzieja,50.097862,20.013018,428,,
ChIJY7cwfqxaFkcRWyUHlfH5DYU,Bar Omega,"Osiedle Bohaterów Września 76, Kraków",50.10167269999999,20.0121551,4,stop_240_38219,144-01,Kleeberga,50.095792,20.012713,655,,
ChIJY7cwfqxaFkcRWyUHlfH5DYU,Bar Omega,"Osiedle Bohaterów Września 76, Kraków",50.10167269999999,20.0121551,5,stop_240_38229,144-02,Kleeberga,50.095759,20.012638,658,,
ChIJmeuhGZlbFkcRP9g38SRT4vs,Bar Smok Kraków,"Pawia 3, Kraków",50.0654263,19.9453635,1,stop_852_324249,801-04,Teatr Słowackiego,50.065006,19.94518,49,,
ChIJmeuhGZlbFkcRP9g38SRT4vs,Bar Smok Kraków,"Pawia 3, Kraków",50.0654263,19.9453635,2,stop_852_324219,801-01,Teatr Słowackiego,50.064609,19.945628,93,,
ChIJmeuhGZlbFkcRP9g38SRT4vs,Bar Smok Kraków,"Pawia 3, Kraków",50.0654263,19.9453635,3,stop_852_324229,801-02,Teatr Słowackiego,50.064792,19.944409,98,,
ChIJmeuhGZlbFkcRP9g38SRT4vs,Bar Smok Kraków,"Pawia 3, Kraków",50.0654263,19.9453635,4,stop_852_324239,801-03,Teatr Słowackiego,50.064192,19.94499,140,,
ChIJmeuhGZlbFkcRP9g38SRT4vs,Bar Smok Kraków,"Pawia 3, Kraków",50.0654263,19.9453635,5,stop_335_260829,760-02,Dworzec Główny Zachód,50.067827,19.945408,267,,
ChIJrw5n-WxFFkcRL5pZU1d1-Es,Bar Zapiekanki Hot-Dog Napoje,"Prokocimska 2a, Kraków",50.0341908,19.9749953,1,stop_424_287029,470-02,Dworzec Płaszów Estakada,50.033468,19.976946,161,,
ChIJrw5n-WxFFkcRL5pZU1d1-Es,Bar Zapiekanki Hot-Dog Napoje,"Prokocimska 2a, Kraków",50.0341908,19.9749953,2,stop_424_287019,470-01,Dworzec Płaszów Estakada,50.033556,19.977196,172,,
ChIJrw5n-WxFFkcRL5pZU1d1-Es,Bar Zapiekanki Hot-Dog Napoje,"Prokocimska 2a, Kraków",50.0341908,19.9749953,3,stop_296_62329,644-02,Dworcowa,50.032673,19.971078,327,,
ChIJrw5n-WxFFkcRL5pZU1d1-Es,Bar Zapiekanki Hot-Dog Napoje,"Prokocimska 2a, Kraków",50.0341908,19.9749953,4,stop_296_62319,644-01,Dworcowa,50.033435,19.970294,346,,
ChIJrw5n-WxFFkcRL5pZU1d1-Es,Bar Zapiekanki Hot-Dog Napoje,"Prokocimska 2a, Kraków",50.0341908,19.9749953,5,stop_275_56019,671-01,Gromadzka,50.040604,19.978133,747,,
ChIJtyTKHgBbFkcRp-m-AsELSn0,Bar a chat 🐱,"Podwale 3, Kraków",50.0624094,19.9317597,1,stop_191_7719,,Teatr Bagatela,50.0631,19.932648,100,,
ChIJtyTKHgBbFkcRp-m-AsELSn0,Bar a chat 🐱,"Podwale 3, Kraków",50.0624094,19.9317597,2,stop_191_7739,,Teatr Bagatela,50.063755,19.932586,161,,
ChIJtyTKHgBbFkcRp-m-AsELSn0,Bar a chat 🐱,"Podwale 3, Kraków",50.0624094,19.9317597,3,stop_191_7729,,Teatr Bagatela,50.063806,19.933366,193,,
ChIJtyTKHgBbFkcRp-m-AsELSn0,Bar a chat 🐱,"Podwale 3, Kraków",50.0624094,19.9317597,4,stop_219_32239,822-03,Filharmonia,50.05917,19.9331,373,,
ChIJtyTKHgBbFkcRp-m-AsELSn0,Bar a chat 🐱,"Podwale 3, Kraków",50.0624094,19.9317597,5,stop_219_32219,822-01,Filharmonia,50.05903,19.93387,405,,
ChIJm76ksXhbFkcReinGh-fkyjk,"Bar mleczny ""Pod Temidą""","Grodzka 43, Kraków",50.0577852,19.9379461,1,stop_325_136019,821-01,Plac Wszystkich Świętych,50.05912,19.93824,150,,
ChIJm76ksXhbFkcReinGh-fkyjk,"Bar mleczny ""Pod Temidą""","Grodzka 43, Kraków",50.0577852,19.9379461,2,stop_325_136029,821-02,Plac Wszystkich Świętych,50.059113,19.937497,151,,
ChIJm76ksXhbFkcReinGh-fkyjk,"Bar mleczny ""Pod Temidą""","Grodzka 43, Kraków",50.0577852,19.9379461,3,stop_1102_347029,817-02,św. Gertrudy,50.058486,19.940838,221,,
ChIJm76ksXhbFkcReinGh-fkyjk,"Bar mleczny ""Pod Temidą""","Grodzka 43, Kraków",50.0577852,19.9379461,4,stop_1102_347019,817-01,św. Gertrudy,50.058627,19.940988,236,,
ChIJm76ksXhbFkcReinGh-fkyjk,"Bar mleczny ""Pod Temidą""","Grodzka 43, Kraków",50.0577852,19.9379461,5,stop_219_32219,822-01,Filharmonia,50.05903,19.93387,322,,
ChIJ0bFZ3ktFFkcROAhfyIAKOEI,Bar na Rogu,"Osiedle Kalinowe 4, Kraków",50.08909569999999,20.014702,1,stop_242_38819,161-01,Dunikowskiego,50.092201,20.016038,358,,
ChIJ0bFZ3ktFFkcROAhfyIAKOEI,Bar na Rogu,"Osiedle Kalinowe 4, Kraków",50.08909569999999,20.014702,2,stop_242_38829,161-02,Dunikowskiego,50.092518,20.015491,385,,
ChIJ0bFZ3ktFFkcROAhfyIAKOEI,Bar na Rogu,"Osiedle Kalinowe 4, Kraków",50.08909569999999,20.014702,3,stop_329_253929,162-02,Rondo Hipokratesa,50.090094,20.021355,487,,
ChIJ0bFZ3ktFFkcROAhfyIAKOEI,Bar na Rogu,"Osiedle Kalinowe 4, Kraków",50.08909569999999,20.014702,4,stop_329_253919,162-01,Rondo Hipokratesa,50.090025,20.021395,489,,
ChIJ0bFZ3ktFFkcROAhfyIAKOEI,Bar na Rogu,"Osiedle Kalinowe 4, Kraków",50.08909569999999,20.014702,5,stop_241_38329,143-02,Rondo Piastowskie,50.094355,20.011302,633,,
ChIJA7hvpEdFFkcR7hyXJGwhWFk,Bar na transbudzie,"Ujastek 11, Kraków",50.0849823,20.0661818,1,stop_274_46619,5-01,PH,50.084174,20.064555,147,,
ChIJA7hvpEdFFkcR7hyXJGwhWFk,Bar na transbudzie,"Ujastek 11, Kraków",50.0849823,20.0661818,2,stop_273_46529,193-02,Zajezdnia Nowa Huta,50.08358,20.0656,161,,
ChIJA7hvpEdFFkcR7hyXJGwhWFk,Bar na transbudzie,"Ujastek 11, Kraków",50.0849823,20.0661818,3,stop_273_46519,193-01,Zajezdnia Nowa Huta,50.083538,20.065554,167,,
ChIJA7hvpEdFFkcR7hyXJGwhWFk,Bar na transbudzie,"Ujastek 11, Kraków",50.0849823,20.0661818,4,stop_272_46419,194-01,Elektromontaż,50.087682,20.064594,321,,
ChIJA7hvpEdFFkcR7hyXJGwhWFk,Bar na transbudzie,"Ujastek 11, Kraków",50.0849823,20.0661818,5,stop_272_46429,194-02,Elektromontaż,50.087727,20.064095,340,,
ChIJQUiBMWhFFkcRFmmtRrrj4Qg,Bar pod 15-stką,"Kornela Makuszyńskiego 15, Kraków",50.0891023,20.0400743,1,stop_571_303719,120-01,Cienista,50.08539,20.03852,427,,
ChIJQUiBMWhFFkcRFmmtRrrj4Qg,Bar pod 15-stką,"Kornela Makuszyńskiego 15, Kraków",50.0891023,20.0400743,2,stop_571_303729,120-02,Cienista,50.08492,20.03772,494,,
ChIJQUiBMWhFFkcRFmmtRrrj4Qg,Bar pod 15-stką,"Kornela Makuszyńskiego 15, Kraków",50.0891023,20.0400743,3,stop_330_254319,121-01,Wańkowicza,50.086978,20.04756,584,,
ChIJQUiBMWhFFkcRFmmtRrrj4Qg,Bar pod 15-stką,"Kornela Makuszyńskiego 15, Kraków",50.0891023,20.0400743,4,stop_330_254329,121-02,Wańkowicza,50.086937,20.047608,589,,
ChIJQUiBMWhFFkcRFmmtRrrj4Qg,Bar pod 15-stką,"Kornela Makuszyńskiego 15, Kraków",50.0891023,20.0400743,5,stop_252_42019,119-01,Teatr Ludowy,50.082264,20.032708,924,,
ChIJ_0ffQWpbFkcRtHw2iuCudmA,Bar pod Okrąglakiem,"plac Nowy 4B/1, Kraków",50.0517377,19.9451077,1,stop_224_35949,819-04,Stradom,50.050842,19.942415,217,,
ChIJ_0ffQWpbFkcRtHw2iuCudmA,Bar pod Okrąglakiem,"plac Nowy 4B/1, Kraków",50.0517377,19.9451077,2,stop_224_35939,819-03,Stradom,50.052258,19.942061,225,,
ChIJ_0ffQWpbFkcRtHw2iuCudmA,Bar pod Okrąglakiem,"plac Nowy 4B/1, Kraków",50.0517377,19.9451077,3,stop_224_35919,819-01,Stradom,50.05148,19.941337,271,,
ChIJ_0ffQWpbFkcRtHw2iuCudmA,Bar pod Okrąglakiem,"plac Nowy 4B/1, Kraków",50.0517377,19.9451077,4,stop_224_35929,819-02,Stradom,50.052086,19.941166,284,,
ChIJ_0ffQWpbFkcRtHw2iuCudmA,Bar pod Okrąglakiem,"plac Nowy 4B/1, Kraków",50.0517377,19.9451077,5,stop_227_36229,815-02,Miodowa,50.05321,19.9489,316,,
ChIJPXloQj9DFkcROcANGTD0AxM,Bar „Docent”,"Medyczna 9, Kraków",50.0116645,19.9946783,1,stop_304_68219,649-01,Prokocim Szpital,50.014443,19.998952,434,,
ChIJPXloQj9DFkcROcANGTD0AxM,Bar „Docent”,"Medyczna 9, Kraków",50.0116645,19.9946783,2,stop_304_68229,649-02,Prokocim Szpital,50.014585,20.000171,509,,
ChIJPXloQj9DFkcROcANGTD0AxM,Bar „Docent”,"Medyczna 9, Kraków",50.0116645,19.9946783,3,stop_301_63719,648-01,Prokocim,50.017526,19.991105,700,,
ChIJPXloQj9DFkcROcANGTD0AxM,Bar „Docent”,"Medyczna 9, Kraków",50.0116645,19.9946783,4,stop_301_63729,648-02,Prokocim,50.017646,19.990988,715,,
ChIJPXloQj9DFkcROcANGTD0AxM,Bar „Docent”,"Medyczna 9, Kraków",50.0116645,19.9946783,5,stop_300_63419,647-01,Wlotowa,50.019364,19.988113,976,,
ChIJRRyK1bFbFkcRQHJDAPO9fXQ,BarBar Krakow,"Świętego Sebastiana 33, Kraków",50.0541363,19.9455177,1,stop_227_36219,815-01,Miodowa,50.053886,19.948108,187,,
ChIJRRyK1bFbFkcRQHJDAPO9fXQ,BarBar Krakow,"Świętego Sebastiana 33, Kraków",50.0541363,19.9455177,2,stop_227_36229,815-02,Miodowa,50.05321,19.9489,263,,
ChIJRRyK1bFbFkcRQHJDAPO9fXQ,BarBar Krakow,"Świętego Sebastiana 33, Kraków",50.0541363,19.9455177,3,stop_223_35829,807-02,Starowiślna,50.05689,19.945029,308,,
ChIJRRyK1bFbFkcRQHJDAPO9fXQ,BarBar Krakow,"Świętego Sebastiana 33, Kraków",50.0541363,19.9455177,4,stop_224_35939,819-03,Stradom,50.052258,19.942061,323,,
ChIJRRyK1bFbFkcRQHJDAPO9fXQ,BarBar Krakow,"Świętego Sebastiana 33, Kraków",50.0541363,19.9455177,5,stop_223_35839,807-03,Starowiślna,50.057227,19.946086,346,,
ChIJa4ysC0JbFkcRpy502l_XiVE,BaraWino,"Mostowa 1, Kraków",50.0483,19.9449917,1,stop_225_36029,820-02,Plac Wolnica,50.048114,19.943448,112,,
ChIJa4ysC0JbFkcRpy502l_XiVE,BaraWino,"Mostowa 1, Kraków",50.0483,19.9449917,2,stop_225_36019,820-01,Plac Wolnica,50.048028,19.943426,116,,
ChIJa4ysC0JbFkcRpy502l_XiVE,BaraWino,"Mostowa 1, Kraków",50.0483,19.9449917,3,stop_224_35949,819-04,Stradom,50.050842,19.942415,337,,
ChIJa4ysC0JbFkcRpy502l_XiVE,BaraWino,"Mostowa 1, Kraków",50.0483,19.9449917,4,stop_224_35919,819-01,Stradom,50.05148,19.941337,439,,
ChIJa4ysC0JbFkcRpy502l_XiVE,BaraWino,"Mostowa 1, Kraków",50.0483,19.9449917,5,stop_224_35939,819-03,Stradom,50.052258,19.942061,487,,
ChIJLTls8r5EFkcRL5Ptsz9dHZ8,Barbakan,"Lipska 51, Kraków, Kraków",50.041776,19.999919,1,stop_952_331019,711-01,Mały Płaszów P+R,50.040064,20.001498,221,,
ChIJLTls8r5EFkcRL5Ptsz9dHZ8,Barbakan,"Lipska 51, Kraków, Kraków",50.041776,19.999919,2,stop_323_126219,678-01,Rzebika,50.040429,19.992646,541,,
ChIJLTls8r5EFkcRL5Ptsz9dHZ8,Barbakan,"Lipska 51, Kraków, Kraków",50.041776,19.999919,3,stop_323_126229,678-02,Rzebika,50.040546,19.990871,660,,
ChIJLTls8r5EFkcRL5Ptsz9dHZ8,Barbakan,"Lipska 51, Kraków, Kraków",50.041776,19.999919,4,stop_276_56119,674-01,Lipska,50.040641,19.98442,1114,,
ChIJLTls8r5EFkcRL5Ptsz9dHZ8,Barbakan,"Lipska 51, Kraków, Kraków",50.041776,19.999919,5,stop_276_56139,674-03,Lipska,50.039687,19.982994,1231,,
ChIJn7dFeW5bFkcRph9XAXaimQs,Barka Arkadia,"bulwar Czerwieński 172, Kraków",50.05126629999999,19.9341207,1,stop_226_36129,872-02,Orzeszkowej,50.050546,19.938251,306,,
ChIJn7dFeW5bFkcRph9XAXaimQs,Barka Arkadia,"bulwar Czerwieński 172, Kraków",50.05126629999999,19.9341207,2,stop_226_36119,872-01,Orzeszkowej,50.050631,19.938671,332,,
ChIJn7dFeW5bFkcRph9XAXaimQs,Barka Arkadia,"bulwar Czerwieński 172, Kraków",50.05126629999999,19.9341207,3,stop_957_333829,501-02,Rondo Grunwaldzkie,50.048605,19.931155,364,,
ChIJn7dFeW5bFkcRph9XAXaimQs,Barka Arkadia,"bulwar Czerwieński 172, Kraków",50.05126629999999,19.9341207,4,stop_957_333819,501-01,Rondo Grunwaldzkie,50.048567,19.930917,377,,
ChIJn7dFeW5bFkcRph9XAXaimQs,Barka Arkadia,"bulwar Czerwieński 172, Kraków",50.05126629999999,19.9341207,5,stop_221_32529,818-02,Wawel,50.054344,19.939404,509,,
ChIJJUBjrUNbFkcR7vDly4NKGo0,Barka Basia,"Bulwar Kurlandzki, Kraków",50.04759079999999,19.9489725,1,stop_225_36029,820-02,Plac Wolnica,50.048114,19.943448,399,,
ChIJJUBjrUNbFkcR7vDly4NKGo0,Barka Basia,"Bulwar Kurlandzki, Kraków",50.04759079999999,19.9489725,2,stop_225_36019,820-01,Plac Wolnica,50.048028,19.943426,399,,
ChIJJUBjrUNbFkcR7vDly4NKGo0,Barka Basia,"Bulwar Kurlandzki, Kraków",50.04759079999999,19.9489725,3,stop_279_57129,556-02,Korona,50.044052,19.947497,407,,
ChIJJUBjrUNbFkcR7vDly4NKGo0,Barka Basia,"Bulwar Kurlandzki, Kraków",50.04759079999999,19.9489725,4,stop_1103_347119,816-01,św. Wawrzyńca,50.051131,19.951064,421,,
ChIJJUBjrUNbFkcR7vDly4NKGo0,Barka Basia,"Bulwar Kurlandzki, Kraków",50.04759079999999,19.9489725,5,stop_279_57139,556-03,Korona,50.044032,19.94678,426,,
ChIJOxPI51dbFkcRLn_N9Pljc-o,Barka Mauretania,"Bulwar Kurlandzki 137/7, Kraków",50.0466642,19.946704,1,stop_225_36019,820-01,Plac Wolnica,50.048028,19.943426,279,,
ChIJOxPI51dbFkcRLn_N9Pljc-o,Barka Mauretania,"Bulwar Kurlandzki 137/7, Kraków",50.0466642,19.946704,2,stop_225_36029,820-02,Plac Wolnica,50.048114,19.943448,283,,
ChIJOxPI51dbFkcRLn_N9Pljc-o,Barka Mauretania,"Bulwar Kurlandzki 137/7, Kraków",50.0466642,19.946704,3,stop_279_57139,556-03,Korona,50.044032,19.94678,293,,
ChIJOxPI51dbFkcRLn_N9Pljc-o,Barka Mauretania,"Bulwar Kurlandzki 137/7, Kraków",50.0466642,19.946704,4,stop_279_57129,556-02,Korona,50.044052,19.947497,296,,
ChIJOxPI51dbFkcRLn_N9Pljc-o,Barka Mauretania,"Bulwar Kurlandzki 137/7, Kraków",50.0466642,19.946704,5,stop_279_57119,556-01,Korona,50.043604,19.946683,340,,
ChIJ_clw_S1bFkcRvZO23RnVX4w,Baron,"Przemysłowa 4, Kraków",50.0490004,19.9596359,1,stop_321_115429,619-02,Zabłocie,50.049951,19.964216,344,,
ChIJ_clw_S1bFkcRvZO23RnVX4w,Baron,"Przemysłowa 4, Kraków",50.0490004,19.9596359,2,stop_321_115419,619-01,Zabłocie,50.0497,19.965148,401,,
ChIJ_clw_S1bFkcRvZO23RnVX4w,Baron,"Przemysłowa 4, Kraków",50.0490004,19.9596359,3,stop_278_57029,640-02,Plac Bohaterów Getta,50.046716,19.9551,412,,
ChIJ_clw_S1bFkcRvZO23RnVX4w,Baron,"Przemysłowa 4, Kraków",50.0490004,19.9596359,4,stop_278_57019,640-01,Plac Bohaterów Getta,50.046605,19.955028,423,,
ChIJ_clw_S1bFkcRvZO23RnVX4w,Baron,"Przemysłowa 4, Kraków",50.0490004,19.9596359,5,stop_338_56929,641-02,Limanowskiego,50.045,19.955911,518,,
ChIJF5In8VxDFkcR5Nv2ycOuSkU,Barpol. Bar,"Spółdzielców 3, Kraków",50.01859040000001,19.98129,1,stop_299_63229,635-02,Dauna,50.018408,19.977585,265,,
ChIJF5In8VxDFkcR5Nv2ycOuSkU,Barpol. Bar,"Spółdzielców 3, Kraków",50.01859040000001,19.98129,2,stop_299_63219,635-01,Dauna,50.018289,19.977516,272,,
ChIJF5In8VxDFkcR5Nv2ycOuSkU,Barpol. Bar,"Spółdzielców 3, Kraków",50.01859040000001,19.98129,3,stop_300_63429,647-02,Wlotowa,50.019553,19.987851,481,,
ChIJF5In8VxDFkcR5Nv2ycOuSkU,Barpol. Bar,"Spółdzielców 3, Kraków",50.01859040000001,19.98129,4,stop_298_63019,646-01,Bieżanowska,50.023027,19.981791,495,,
ChIJF5In8VxDFkcR5Nv2ycOuSkU,Barpol. Bar,"Spółdzielców 3, Kraków",50.01859040000001,19.98129,5,stop_300_63419,647-01,Wlotowa,50.019364,19.988113,495,,
ChIJz0lX2aFbFkcR460uhmrKIzs,Barrel 37 (Opening Soon),"Józefa Dietla 37, Kraków",50.0511335,19.9414447,1,stop_224_35919,819-01,Stradom,50.05148,19.941337,39,,
ChIJz0lX2aFbFkcR460uhmrKIzs,Barrel 37 (Opening Soon),"Józefa Dietla 37, Kraków",50.0511335,19.9414447,2,stop_224_35949,819-04,Stradom,50.050842,19.942415,76,,
ChIJz0lX2aFbFkcR460uhmrKIzs,Barrel 37 (Opening Soon),"Józefa Dietla 37, Kraków",50.0511335,19.9414447,3,stop_224_35929,819-02,Stradom,50.052086,19.941166,108,,
ChIJz0lX2aFbFkcR460uhmrKIzs,Barrel 37 (Opening Soon),"Józefa Dietla 37, Kraków",50.0511335,19.9414447,4,stop_224_35939,819-03,Stradom,50.052258,19.942061,133,,
ChIJz0lX2aFbFkcR460uhmrKIzs,Barrel 37 (Opening Soon),"Józefa Dietla 37, Kraków",50.0511335,19.9414447,5,stop_226_36119,872-01,Orzeszkowej,50.050631,19.938671,206,,
ChIJSZ8LJwBbFkcRiZU_gd0LMdI,Bawietka,"Mostowa 6, Kraków",50.0481592,19.945902,1,stop_225_36029,820-02,Plac Wolnica,50.048114,19.943448,175,,
ChIJSZ8LJwBbFkcRiZU_gd0LMdI,Bawietka,"Mostowa 6, Kraków",50.0481592,19.945902,2,stop_225_36019,820-01,Plac Wolnica,50.048028,19.943426,177,,
ChIJSZ8LJwBbFkcRiZU_gd0LMdI,Bawietka,"Mostowa 6, Kraków",50.0481592,19.945902,3,stop_224_35949,819-04,Stradom,50.050842,19.942415,389,,
ChIJSZ8LJwBbFkcRiZU_gd0LMdI,Bawietka,"Mostowa 6, Kraków",50.0481592,19.945902,4,stop_279_57139,556-03,Korona,50.044032,19.94678,463,,
ChIJSZ8LJwBbFkcRiZU_gd0LMdI,Bawietka,"Mostowa 6, Kraków",50.0481592,19.945902,5,stop_279_57129,556-02,Korona,50.044052,19.947497,471,,
ChIJceQztH5bFkcR016ieSrvpcM,Baza Klub,"Mostowa 2, Kraków",50.04835560000001,19.9453768,1,stop_225_36029,820-02,Plac Wolnica,50.048114,19.943448,140,,
ChIJceQztH5bFkcR016ieSrvpcM,Baza Klub,"Mostowa 2, Kraków",50.04835560000001,19.9453768,2,stop_225_36019,820-01,Plac Wolnica,50.048028,19.943426,144,,
ChIJceQztH5bFkcR016ieSrvpcM,Baza Klub,"Mostowa 2, Kraków",50.04835560000001,19.9453768,3,stop_224_35949,819-04,Stradom,50.050842,19.942415,348,,
ChIJceQztH5bFkcR016ieSrvpcM,Baza Klub,"Mostowa 2, Kraków",50.04835560000001,19.9453768,4,stop_224_35919,819-01,Stradom,50.05148,19.941337,452,,
ChIJceQztH5bFkcR016ieSrvpcM,Baza Klub,"Mostowa 2, Kraków",50.04835560000001,19.9453768,5,stop_279_57139,556-03,Korona,50.044032,19.94678,491,,
ChIJf3sn3RFbFkcRLxY4jMmd3UA,Baza Pub,"Floriańska 15, Kraków",50.0627355,19.9398177,1,stop_222_35719,806-01,Poczta Główna,50.059797,19.942404,375,,
ChIJf3sn3RFbFkcRLxY4jMmd3UA,Baza Pub,"Floriańska 15, Kraków",50.0627355,19.9398177,2,stop_568_303219,833-01,Stary Kleparz,50.066314,19.939721,398,,
ChIJf3sn3RFbFkcRLxY4jMmd3UA,Baza Pub,"Floriańska 15, Kraków",50.0627355,19.9398177,3,stop_568_303229,833-02,Stary Kleparz,50.066234,19.938562,399,,
ChIJf3sn3RFbFkcRLxY4jMmd3UA,Baza Pub,"Floriańska 15, Kraków",50.0627355,19.9398177,4,stop_852_324229,801-02,Teatr Słowackiego,50.064792,19.944409,400,,
ChIJf3sn3RFbFkcRLxY4jMmd3UA,Baza Pub,"Floriańska 15, Kraków",50.0627355,19.9398177,5,stop_852_324239,801-03,Teatr Słowackiego,50.064192,19.94499,403,,
ChIJs4cLtalFFkcRuwmPKMbd7BE,"Beer & Darts "" Fortuna ""","Osiedle Na Wzgórzach 21, Kraków",50.0958523,20.0651507,1,stop_258_44219,125-01,Wzgórza Krzesławickie,50.094595,20.064858,141,,
ChIJs4cLtalFFkcRuwmPKMbd7BE,"Beer & Darts "" Fortuna ""","Osiedle Na Wzgórzach 21, Kraków",50.0958523,20.0651507,2,stop_342_268519,124-01,Jarzębiny,50.092298,20.061609,469,,
ChIJs4cLtalFFkcRuwmPKMbd7BE,"Beer & Darts "" Fortuna ""","Osiedle Na Wzgórzach 21, Kraków",50.0958523,20.0651507,3,stop_342_268529,124-02,Jarzębiny,50.091985,20.061099,518,,
ChIJs4cLtalFFkcRuwmPKMbd7BE,"Beer & Darts "" Fortuna ""","Osiedle Na Wzgórzach 21, Kraków",50.0958523,20.0651507,4,stop_257_43519,123-01,Darwina,50.0896,20.059101,818,,
ChIJs4cLtalFFkcRuwmPKMbd7BE,"Beer & Darts "" Fortuna ""","Osiedle Na Wzgórzach 21, Kraków",50.0958523,20.0651507,5,stop_257_43529,123-02,Darwina,50.089452,20.058994,836,,
ChIJPZr7VABbFkcR1s-8xLPWKmU,Beer Garden,"Józefa 11, Kraków",50.0506664,19.9452827,1,stop_224_35949,819-04,Stradom,50.050842,19.942415,206,,
ChIJPZr7VABbFkcR1s-8xLPWKmU,Beer Garden,"Józefa 11, Kraków",50.0506664,19.9452827,2,stop_224_35939,819-03,Stradom,50.052258,19.942061,290,,
ChIJPZr7VABbFkcR1s-8xLPWKmU,Beer Garden,"Józefa 11, Kraków",50.0506664,19.9452827,3,stop_224_35919,819-01,Stradom,50.05148,19.941337,296,,
ChIJPZr7VABbFkcR1s-8xLPWKmU,Beer Garden,"Józefa 11, Kraków",50.0506664,19.9452827,4,stop_225_36029,820-02,Plac Wolnica,50.048114,19.943448,313,,
ChIJPZr7VABbFkcR1s-8xLPWKmU,Beer Garden,"Józefa 11, Kraków",50.0506664,19.9452827,5,stop_225_36019,820-01,Plac Wolnica,50.048028,19.943426,322,,
ChIJg69MdRFbFkcRxgPzWW2vpn4,BeerGallery - Luxury,"Świętego Tomasza 30, Kraków",50.0621314,19.9425394,1,stop_222_35719,806-01,Poczta Główna,50.059797,19.942404,260,,
ChIJg69MdRFbFkcRxgPzWW2vpn4,BeerGallery - Luxury,"Świętego Tomasza 30, Kraków",50.0621314,19.9425394,2,stop_852_324239,801-03,Teatr Słowackiego,50.064192,19.94499,288,,
ChIJg69MdRFbFkcRxgPzWW2vpn4,BeerGallery - Luxury,"Świętego Tomasza 30, Kraków",50.0621314,19.9425394,3,stop_222_35739,806-03,Poczta Główna,50.059339,19.941821,315,,
ChIJg69MdRFbFkcRxgPzWW2vpn4,BeerGallery - Luxury,"Świętego Tomasza 30, Kraków",50.0621314,19.9425394,4,stop_852_324229,801-02,Teatr Słowackiego,50.064792,19.944409,325,,
ChIJg69MdRFbFkcRxgPzWW2vpn4,BeerGallery - Luxury,"Świętego Tomasza 30, Kraków",50.0621314,19.9425394,5,stop_222_35729,806-02,Poczta Główna,50.059205,19.942571,325,,
ChIJV_3r7ApbFkcRHNZMTOJwWXo,BeerStreet,"Beera Meiselsa 9, Kraków",50.0509241,19.943034,1,stop_224_35949,819-04,Stradom,50.050842,19.942415,45,,
ChIJV_3r7ApbFkcRHNZMTOJwWXo,BeerStreet,"Beera Meiselsa 9, Kraków",50.0509241,19.943034,2,stop_224_35919,819-01,Stradom,50.05148,19.941337,136,,
ChIJV_3r7ApbFkcRHNZMTOJwWXo,BeerStreet,"Beera Meiselsa 9, Kraków",50.0509241,19.943034,3,stop_224_35939,819-03,Stradom,50.052258,19.942061,164,,
ChIJV_3r7ApbFkcRHNZMTOJwWXo,BeerStreet,"Beera Meiselsa 9, Kraków",50.0509241,19.943034,4,stop_224_35929,819-02,Stradom,50.052086,19.941166,186,,
ChIJV_3r7ApbFkcRHNZMTOJwWXo,BeerStreet,"Beera Meiselsa 9, Kraków",50.0509241,19.943034,5,stop_226_36119,872-01,Orzeszkowej,50.050631,19.938671,313,,
ChIJ1XFKYvRbFkcRkDM2kFwQqRQ,Beestro w Arcade Bee – Food & Games,"Unity Centre, Aleksandra Lubomirskiego 24, Kraków",50.0676986,19.95822859999999,1,stop_203_12559,802-05,Rondo Mogilskie,50.066002,19.958722,192,,
ChIJ1XFKYvRbFkcRkDM2kFwQqRQ,Beestro w Arcade Bee – Food & Games,"Unity Centre, Aleksandra Lubomirskiego 24, Kraków",50.0676986,19.95822859999999,2,stop_203_12519,802-01,Rondo Mogilskie,50.065782,19.959639,236,,
ChIJ1XFKYvRbFkcRkDM2kFwQqRQ,Beestro w Arcade Bee – Food & Games,"Unity Centre, Aleksandra Lubomirskiego 24, Kraków",50.0676986,19.95822859999999,3,stop_203_12529,802-02,Rondo Mogilskie,50.065759,19.959864,245,,
ChIJ1XFKYvRbFkcRkDM2kFwQqRQ,Beestro w Arcade Bee – Food & Games,"Unity Centre, Aleksandra Lubomirskiego 24, Kraków",50.0676986,19.95822859999999,4,stop_203_12549,802-04,Rondo Mogilskie,50.064973,19.959357,314,,
ChIJ1XFKYvRbFkcRkDM2kFwQqRQ,Beestro w Arcade Bee – Food & Games,"Unity Centre, Aleksandra Lubomirskiego 24, Kraków",50.0676986,19.95822859999999,5,stop_203_12539,802-03,Rondo Mogilskie,50.064865,19.959303,324,,
ChIJl-EHIYlbFkcRc2NQw5v-BJM,Biblioteka Resto Bar,"Nadwiślańska 3, Kraków",50.04631,19.9495736,1,stop_279_57129,556-02,Korona,50.044052,19.947497,292,,
ChIJl-EHIYlbFkcRc2NQw5v-BJM,Biblioteka Resto Bar,"Nadwiślańska 3, Kraków",50.04631,19.9495736,2,stop_279_57139,556-03,Korona,50.044032,19.94678,322,,
ChIJl-EHIYlbFkcRc2NQw5v-BJM,Biblioteka Resto Bar,"Nadwiślańska 3, Kraków",50.04631,19.9495736,3,stop_279_57119,556-01,Korona,50.043604,19.946683,365,,
ChIJl-EHIYlbFkcRc2NQw5v-BJM,Biblioteka Resto Bar,"Nadwiślańska 3, Kraków",50.04631,19.9495736,4,stop_278_57019,640-01,Plac Bohaterów Getta,50.046605,19.955028,391,,
ChIJl-EHIYlbFkcRc2NQw5v-BJM,Biblioteka Resto Bar,"Nadwiślańska 3, Kraków",50.04631,19.9495736,5,stop_278_57029,640-02,Plac Bohaterów Getta,50.046716,19.9551,397,,
ChIJx3B9JhJbFkcR2ugY6BA4ZzE,Bierhalle KRAKÓW,"Mały Rynek 7, Kraków",50.0608398,19.9403803,1,stop_222_35719,806-01,Poczta Główna,50.059797,19.942404,185,,
ChIJx3B9JhJbFkcR2ugY6BA4ZzE,Bierhalle KRAKÓW,"Mały Rynek 7, Kraków",50.0608398,19.9403803,2,stop_222_35739,806-03,Poczta Główna,50.059339,19.941821,196,,
ChIJx3B9JhJbFkcR2ugY6BA4ZzE,Bierhalle KRAKÓW,"Mały Rynek 7, Kraków",50.0608398,19.9403803,3,stop_222_35729,806-02,Poczta Główna,50.059205,19.942571,240,,
ChIJx3B9JhJbFkcR2ugY6BA4ZzE,Bierhalle KRAKÓW,"Mały Rynek 7, Kraków",50.0608398,19.9403803,4,stop_325_136019,821-01,Plac Wszystkich Świętych,50.05912,19.93824,245,,
ChIJx3B9JhJbFkcR2ugY6BA4ZzE,Bierhalle KRAKÓW,"Mały Rynek 7, Kraków",50.0608398,19.9403803,5,stop_1102_347019,817-01,św. Gertrudy,50.058627,19.940988,250,,
ChIJV_LEVCdbFkcRpYUSSqfASt0,"Bifor House, simracing, konsole, dart, planszówki, transmisje meczów, BYOB","Krowoderska 58/4, Kraków",50.0714242,19.9332705,1,stop_187_7129,835-02,Nowy Kleparz,50.073508,19.936452,324,,
ChIJV_LEVCdbFkcRpYUSSqfASt0,"Bifor House, simracing, konsole, dart, planszówki, transmisje meczów, BYOB","Krowoderska 58/4, Kraków",50.0714242,19.9332705,2,stop_187_7119,835-01,Nowy Kleparz,50.07349,19.93663,332,,
ChIJV_LEVCdbFkcRpYUSSqfASt0,"Bifor House, simracing, konsole, dart, planszówki, transmisje meczów, BYOB","Krowoderska 58/4, Kraków",50.0714242,19.9332705,3,stop_188_7229,834-02,Pędzichów,50.069646,19.937499,361,,
ChIJV_LEVCdbFkcRpYUSSqfASt0,"Bifor House, simracing, konsole, dart, planszówki, transmisje meczów, BYOB","Krowoderska 58/4, Kraków",50.0714242,19.9332705,4,stop_188_7219,834-01,Pędzichów,50.069678,19.937536,361,,
ChIJV_LEVCdbFkcRpYUSSqfASt0,"Bifor House, simracing, konsole, dart, planszówki, transmisje meczów, BYOB","Krowoderska 58/4, Kraków",50.0714242,19.9332705,5,stop_193_7919,,Plac Inwalidów,50.068728,19.926981,540,,
ChIJsZw8kWBbFkcR9oR2sGbAhWY,Bikershot Pub,"Czarnowiejska 6, Kraków",50.0654971,19.925421,1,stop_4_9,,Stefana Batorego,50.067023,19.928837,297,,
ChIJsZw8kWBbFkcR9oR2sGbAhWY,Bikershot Pub,"Czarnowiejska 6, Kraków",50.0654971,19.925421,2,stop_4_8,,Stefana Batorego,50.066586,19.929432,311,,
ChIJsZw8kWBbFkcR9oR2sGbAhWY,Bikershot Pub,"Czarnowiejska 6, Kraków",50.0654971,19.925421,3,stop_193_7919,,Plac Inwalidów,50.068728,19.926981,376,,
ChIJsZw8kWBbFkcR9oR2sGbAhWY,Bikershot Pub,"Czarnowiejska 6, Kraków",50.0654971,19.925421,4,stop_193_7929,,Plac Inwalidów,50.069585,19.925897,456,,
ChIJsZw8kWBbFkcR9oR2sGbAhWY,Bikershot Pub,"Czarnowiejska 6, Kraków",50.0654971,19.925421,5,stop_191_7739,,Teatr Bagatela,50.063755,19.932586,547,,
ChIJFUXdDGpbFkcR21abXzDNo6M,Bill Hickman Bar,"Józefa 11, Kraków",50.05082030000001,19.9457153,1,stop_224_35949,819-04,Stradom,50.050842,19.942415,236,,
ChIJFUXdDGpbFkcR21abXzDNo6M,Bill Hickman Bar,"Józefa 11, Kraków",50.05082030000001,19.9457153,2,stop_224_35939,819-03,Stradom,50.052258,19.942061,306,,
ChIJFUXdDGpbFkcR21abXzDNo6M,Bill Hickman Bar,"Józefa 11, Kraków",50.05082030000001,19.9457153,3,stop_224_35919,819-01,Stradom,50.05148,19.941337,321,,
ChIJFUXdDGpbFkcR21abXzDNo6M,Bill Hickman Bar,"Józefa 11, Kraków",50.05082030000001,19.9457153,4,stop_225_36029,820-02,Plac Wolnica,50.048114,19.943448,342,,
ChIJFUXdDGpbFkcR21abXzDNo6M,Bill Hickman Bar,"Józefa 11, Kraków",50.05082030000001,19.9457153,5,stop_227_36229,815-02,Miodowa,50.05321,19.9489,350,,
ChIJeZC0my1bFkcRBqe84O91fU0,Billiard Club Cafe,"Widok 11, Kraków",50.0600654,19.9809869,1,stop_234_37019,814-01,Dąbie,50.060724,19.979185,148,,
ChIJeZC0my1bFkcRBqe84O91fU0,Billiard Club Cafe,"Widok 11, Kraków",50.0600654,19.9809869,2,stop_234_37029,814-02,Dąbie,50.060709,19.979012,158,,
ChIJeZC0my1bFkcRBqe84O91fU0,Billiard Club Cafe,"Widok 11, Kraków",50.0600654,19.9809869,3,stop_233_36919,813-01,Ofiar Dąbia,50.05959,19.976363,334,,
ChIJeZC0my1bFkcRBqe84O91fU0,Billiard Club Cafe,"Widok 11, Kraków",50.0600654,19.9809869,4,stop_233_36929,813-02,Ofiar Dąbia,50.059629,19.976271,340,,
ChIJeZC0my1bFkcRBqe84O91fU0,Billiard Club Cafe,"Widok 11, Kraków",50.0600654,19.9809869,5,stop_232_36829,812-02,Fabryczna,50.060251,19.971272,694,,
ChIJ16qSNgVbFkcRQPB5tG549oc,Bistro Bar Filipa 18,"Świętego Filipa 18, Kraków",50.06771699999999,19.9420033,1,stop_568_303219,833-01,Stary Kleparz,50.066314,19.939721,226,,
ChIJ16qSNgVbFkcRQPB5tG549oc,Bistro Bar Filipa 18,"Świętego Filipa 18, Kraków",50.06771699999999,19.9420033,2,stop_335_260819,760-01,Dworzec Główny Zachód,50.06783,19.945354,239,,
ChIJ16qSNgVbFkcRQPB5tG549oc,Bistro Bar Filipa 18,"Świętego Filipa 18, Kraków",50.06771699999999,19.9420033,3,stop_335_260829,760-02,Dworzec Główny Zachód,50.067827,19.945408,243,,
ChIJ16qSNgVbFkcRQPB5tG549oc,Bistro Bar Filipa 18,"Świętego Filipa 18, Kraków",50.06771699999999,19.9420033,4,stop_568_303239,833-03,Stary Kleparz,50.06666,19.93895,248,,
ChIJ16qSNgVbFkcRQPB5tG549oc,Bistro Bar Filipa 18,"Świętego Filipa 18, Kraków",50.06771699999999,19.9420033,5,stop_568_303229,833-02,Stary Kleparz,50.066234,19.938562,296,,
ChIJqSsPv4pFFkcRoNfoHhyXu7I,Bistro Przystań,"Szpital, Rydygiera, Kraków",50.0928613,20.0202334,1,stop_242_38819,161-01,Dunikowskiego,50.092201,20.016038,308,,
ChIJqSsPv4pFFkcRoNfoHhyXu7I,Bistro Przystań,"Szpital, Rydygiera, Kraków",50.0928613,20.0202334,2,stop_329_253929,162-02,Rondo Hipokratesa,50.090094,20.021355,318,,
ChIJqSsPv4pFFkcRoNfoHhyXu7I,Bistro Przystań,"Szpital, Rydygiera, Kraków",50.0928613,20.0202334,3,stop_329_253919,162-01,Rondo Hipokratesa,50.090025,20.021395,326,,
ChIJqSsPv4pFFkcRoNfoHhyXu7I,Bistro Przystań,"Szpital, Rydygiera, Kraków",50.0928613,20.0202334,4,stop_242_38829,161-02,Dunikowskiego,50.092518,20.015491,340,,
ChIJqSsPv4pFFkcRoNfoHhyXu7I,Bistro Przystań,"Szpital, Rydygiera, Kraków",50.0928613,20.0202334,5,stop_240_38219,144-01,Kleeberga,50.095792,20.012713,628,,
ChIJYaYEdxFbFkcRUTjr__NcsUg,Black Gallery Pub,"Mikołajska 24, Kraków",50.0615746,19.9424474,1,stop_222_35719,806-01,Poczta Główna,50.059797,19.942404,198,,
ChIJYaYEdxFbFkcRUTjr__NcsUg,Black Gallery Pub,"Mikołajska 24, Kraków",50.0615746,19.9424474,2,stop_222_35739,806-03,Poczta Główna,50.059339,19.941821,253,,
ChIJYaYEdxFbFkcRUTjr__NcsUg,Black Gallery Pub,"Mikołajska 24, Kraków",50.0615746,19.9424474,3,stop_222_35729,806-02,Poczta Główna,50.059205,19.942571,264,,
ChIJYaYEdxFbFkcRUTjr__NcsUg,Black Gallery Pub,"Mikołajska 24, Kraków",50.0615746,19.9424474,4,stop_852_324239,801-03,Teatr Słowackiego,50.064192,19.94499,343,,
ChIJYaYEdxFbFkcRUTjr__NcsUg,Black Gallery Pub,"Mikołajska 24, Kraków",50.0615746,19.9424474,5,stop_1102_347019,817-01,św. Gertrudy,50.058627,19.940988,344,,
ChIJDbtC2RRbFkcRGnGXkeI8xy8,Blue XL,"Józefa Dietla 85, Kraków",50.0557756,19.9455035,1,stop_223_35829,807-02,Starowiślna,50.05689,19.945029,128,,
ChIJDbtC2RRbFkcRGnGXkeI8xy8,Blue XL,"Józefa Dietla 85, Kraków",50.0557756,19.9455035,2,stop_223_35839,807-03,Starowiślna,50.057227,19.946086,167,,
ChIJDbtC2RRbFkcRGnGXkeI8xy8,Blue XL,"Józefa Dietla 85, Kraków",50.0557756,19.9455035,3,stop_223_35849,807-04,Starowiślna,50.057262,19.946032,170,,
ChIJDbtC2RRbFkcRGnGXkeI8xy8,Blue XL,"Józefa Dietla 85, Kraków",50.0557756,19.9455035,4,stop_223_35819,807-01,Starowiślna,50.05731,19.94455,184,,
ChIJDbtC2RRbFkcRGnGXkeI8xy8,Blue XL,"Józefa Dietla 85, Kraków",50.0557756,19.9455035,5,stop_227_36219,815-01,Miodowa,50.053886,19.948108,281,,
ChIJL2RYI_RbFkcROiRa4s8o-Zk,Boardowa,"Topolowa 52, Kraków",50.0664768,19.9569479,1,stop_203_12559,802-05,Rondo Mogilskie,50.066002,19.958722,137,,
ChIJL2RYI_RbFkcROiRa4s8o-Zk,Boardowa,"Topolowa 52, Kraków",50.0664768,19.9569479,2,stop_203_12519,802-01,Rondo Mogilskie,50.065782,19.959639,207,,
ChIJL2RYI_RbFkcROiRa4s8o-Zk,Boardowa,"Topolowa 52, Kraków",50.0664768,19.9569479,3,stop_203_12529,802-02,Rondo Mogilskie,50.065759,19.959864,223,,
ChIJL2RYI_RbFkcROiRa4s8o-Zk,Boardowa,"Topolowa 52, Kraków",50.0664768,19.9569479,4,stop_203_12549,802-04,Rondo Mogilskie,50.064973,19.959357,240,,
ChIJL2RYI_RbFkcROiRa4s8o-Zk,Boardowa,"Topolowa 52, Kraków",50.0664768,19.9569479,5,stop_203_12539,802-03,Rondo Mogilskie,50.064865,19.959303,246,,
ChIJJQ-a4clbFkcRD1LYzEHRqPA,BoatBar,"Bulwar Wołyński, Kraków",50.0486441,19.9342166,1,stop_957_333829,501-02,Rondo Grunwaldzkie,50.048605,19.931155,219,,
ChIJJQ-a4clbFkcRD1LYzEHRqPA,BoatBar,"Bulwar Wołyński, Kraków",50.0486441,19.9342166,2,stop_957_333819,501-01,Rondo Grunwaldzkie,50.048567,19.930917,236,,
ChIJJQ-a4clbFkcRD1LYzEHRqPA,BoatBar,"Bulwar Wołyński, Kraków",50.0486441,19.9342166,3,stop_226_36129,872-02,Orzeszkowej,50.050546,19.938251,357,,
ChIJJQ-a4clbFkcRD1LYzEHRqPA,BoatBar,"Bulwar Wołyński, Kraków",50.0486441,19.9342166,4,stop_226_36119,872-01,Orzeszkowej,50.050631,19.938671,387,,
ChIJJQ-a4clbFkcRD1LYzEHRqPA,BoatBar,"Bulwar Wołyński, Kraków",50.0486441,19.9342166,5,stop_224_35919,819-01,Stradom,50.05148,19.941337,598,,
ChIJB1bnIA5bFkcRpZQH81QYa4U,Boccanera | Ristorante Pizzeria,"Świętego Tomasza 15, Kraków",50.0630039,19.9389621,1,stop_568_303229,833-02,Stary Kleparz,50.066234,19.938562,360,,
ChIJB1bnIA5bFkcRpZQH81QYa4U,Boccanera | Ristorante Pizzeria,"Świętego Tomasza 15, Kraków",50.0630039,19.9389621,2,stop_568_303219,833-01,Stary Kleparz,50.066314,19.939721,372,,
ChIJB1bnIA5bFkcRpZQH81QYa4U,Boccanera | Ristorante Pizzeria,"Świętego Tomasza 15, Kraków",50.0630039,19.9389621,3,stop_568_303239,833-03,Stary Kleparz,50.06666,19.93895,407,,
ChIJB1bnIA5bFkcRpZQH81QYa4U,Boccanera | Ristorante Pizzeria,"Świętego Tomasza 15, Kraków",50.0630039,19.9389621,4,stop_191_7729,,Teatr Bagatela,50.063806,19.933366,409,,
ChIJB1bnIA5bFkcRpZQH81QYa4U,Boccanera | Ristorante Pizzeria,"Świętego Tomasza 15, Kraków",50.0630039,19.9389621,5,stop_222_35719,806-01,Poczta Główna,50.059797,19.942404,433,,
ChIJa40KDahbFkcRwUT_HGWxeSY,Bococa Bistro,"Bococa Bistro, plac Inwalidów 7, Kraków",50.0697444,19.9260306,1,stop_193_7929,,Plac Inwalidów,50.069585,19.925897,20,,
ChIJa40KDahbFkcRwUT_HGWxeSY,Bococa Bistro,"Bococa Bistro, plac Inwalidów 7, Kraków",50.0697444,19.9260306,2,stop_193_7919,,Plac Inwalidów,50.068728,19.926981,132,,
ChIJa40KDahbFkcRwUT_HGWxeSY,Bococa Bistro,"Bococa Bistro, plac Inwalidów 7, Kraków",50.0697444,19.9260306,3,stop_4_9,,Stefana Batorego,50.067023,19.928837,363,,
ChIJa40KDahbFkcRwUT_HGWxeSY,Bococa Bistro,"Bococa Bistro, plac Inwalidów 7, Kraków",50.0697444,19.9260306,4,stop_4_8,,Stefana Batorego,50.066586,19.929432,427,,
ChIJa40KDahbFkcRwUT_HGWxeSY,Bococa Bistro,"Bococa Bistro, plac Inwalidów 7, Kraków",50.0697444,19.9260306,5,stop_194_8319,,Urzędnicza,50.071879,19.919754,507,,
ChIJ7S8a9INbFkcREycjCOIt9Dc,Bom Dia Fábrica de pastéis de nata,"Sławkowska 21, Kraków",50.0648462,19.938479,1,stop_568_303229,833-02,Stary Kleparz,50.066234,19.938562,154,,
ChIJ7S8a9INbFkcREycjCOIt9Dc,Bom Dia Fábrica de pastéis de nata,"Sławkowska 21, Kraków",50.0648462,19.938479,2,stop_568_303219,833-01,Stary Kleparz,50.066314,19.939721,186,,
ChIJ7S8a9INbFkcREycjCOIt9Dc,Bom Dia Fábrica de pastéis de nata,"Sławkowska 21, Kraków",50.0648462,19.938479,3,stop_568_303239,833-03,Stary Kleparz,50.06666,19.93895,204,,
ChIJ7S8a9INbFkcREycjCOIt9Dc,Bom Dia Fábrica de pastéis de nata,"Sławkowska 21, Kraków",50.0648462,19.938479,4,stop_191_7729,,Teatr Bagatela,50.063806,19.933366,383,,
ChIJ7S8a9INbFkcREycjCOIt9Dc,Bom Dia Fábrica de pastéis de nata,"Sławkowska 21, Kraków",50.0648462,19.938479,5,stop_852_324229,801-02,Teatr Słowackiego,50.064792,19.944409,423,,
ChIJd-3-Ks9bFkcReZBQrWWPLCk,Bonbon Boutique,"Nadwiślańska 11, Kraków",50.0468308,19.9508223,1,stop_278_57019,640-01,Plac Bohaterów Getta,50.046605,19.955028,301,,
ChIJd-3-Ks9bFkcReZBQrWWPLCk,Bonbon Boutique,"Nadwiślańska 11, Kraków",50.0468308,19.9508223,2,stop_278_57029,640-02,Plac Bohaterów Getta,50.046716,19.9551,306,,
ChIJd-3-Ks9bFkcReZBQrWWPLCk,Bonbon Boutique,"Nadwiślańska 11, Kraków",50.0468308,19.9508223,3,stop_338_56919,641-01,Limanowskiego,50.045136,19.954882,346,,
ChIJd-3-Ks9bFkcReZBQrWWPLCk,Bonbon Boutique,"Nadwiślańska 11, Kraków",50.0468308,19.9508223,4,stop_279_57129,556-02,Korona,50.044052,19.947497,390,,
ChIJd-3-Ks9bFkcReZBQrWWPLCk,Bonbon Boutique,"Nadwiślańska 11, Kraków",50.0468308,19.9508223,5,stop_338_56929,641-02,Limanowskiego,50.045,19.955911,417,,
ChIJs0XS59tbFkcRlW-L1mfW3EY,Bosacka Station,"Bosacka 5/1a, Kraków",50.06742070000001,19.9501188,1,stop_205_12719,852-01,Uniwersytet Ekonomiczny,50.067608,19.952235,152,,
ChIJs0XS59tbFkcRlW-L1mfW3EY,Bosacka Station,"Bosacka 5/1a, Kraków",50.06742070000001,19.9501188,2,stop_322_117319,901-01,Dworzec Główny Tunel,50.068199,19.947649,196,,
ChIJs0XS59tbFkcRlW-L1mfW3EY,Bosacka Station,"Bosacka 5/1a, Kraków",50.06742070000001,19.9501188,3,stop_322_117329,901-02,Dworzec Główny Tunel,50.068258,19.947641,200,,
ChIJs0XS59tbFkcRlW-L1mfW3EY,Bosacka Station,"Bosacka 5/1a, Kraków",50.06742070000001,19.9501188,4,stop_205_12729,852-02,Uniwersytet Ekonomiczny,50.068328,19.952638,206,,
ChIJs0XS59tbFkcRlW-L1mfW3EY,Bosacka Station,"Bosacka 5/1a, Kraków",50.06742070000001,19.9501188,5,stop_204_12639,851-03,Lubicz,50.065436,19.951621,245,,
ChIJdZ6mhQ5bFkcRUUGFNgZdKKA,Boscaiola Restaurant,"Szewska 10, Kraków",50.06249589999999,19.9347704,1,stop_191_7719,,Teatr Bagatela,50.0631,19.932648,166,,
ChIJdZ6mhQ5bFkcRUUGFNgZdKKA,Boscaiola Restaurant,"Szewska 10, Kraków",50.06249589999999,19.9347704,2,stop_191_7729,,Teatr Bagatela,50.063806,19.933366,177,,
ChIJdZ6mhQ5bFkcRUUGFNgZdKKA,Boscaiola Restaurant,"Szewska 10, Kraków",50.06249589999999,19.9347704,3,stop_191_7739,,Teatr Bagatela,50.063755,19.932586,210,,
ChIJdZ6mhQ5bFkcRUUGFNgZdKKA,Boscaiola Restaurant,"Szewska 10, Kraków",50.06249589999999,19.9347704,4,stop_219_32239,822-03,Filharmonia,50.05917,19.9331,389,,
ChIJdZ6mhQ5bFkcRUUGFNgZdKKA,Boscaiola Restaurant,"Szewska 10, Kraków",50.06249589999999,19.9347704,5,stop_219_32219,822-01,Filharmonia,50.05903,19.93387,391,,
ChIJX97YhlRbFkcRUefFiQ5Brro,Bottega Deli & Cafe,"Tadeusza Kościuszki 39, Kraków",50.05353769999999,19.921705,1,stop_214_31319,300-01,Komorowskiego,50.053451,19.921873,15,,
ChIJX97YhlRbFkcRUefFiQ5Brro,Bottega Deli & Cafe,"Tadeusza Kościuszki 39, Kraków",50.05353769999999,19.921705,2,stop_214_31329,300-02,Komorowskiego,50.053384,19.921893,22,,
ChIJX97YhlRbFkcRUefFiQ5Brro,Bottega Deli & Cafe,"Tadeusza Kościuszki 39, Kraków",50.05353769999999,19.921705,3,stop_213_31139,301-03,Salwator,50.05263,19.917407,323,,
ChIJX97YhlRbFkcRUefFiQ5Brro,Bottega Deli & Cafe,"Tadeusza Kościuszki 39, Kraków",50.05353769999999,19.921705,4,stop_216_31929,823-02,Jubilat,50.054999,19.927052,415,,
ChIJX97YhlRbFkcRUefFiQ5Brro,Bottega Deli & Cafe,"Tadeusza Kościuszki 39, Kraków",50.05353769999999,19.921705,5,stop_213_31129,301-02,Salwator,50.052724,19.915028,485,,
ChIJqfE_jQ1bFkcRACp5y0QRBqQ,Bracka 4 Music Club,"Bracka 4, Kraków",50.0603631,19.9363609,1,stop_325_136029,821-02,Plac Wszystkich Świętych,50.059113,19.937497,161,,
ChIJqfE_jQ1bFkcRACp5y0QRBqQ,Bracka 4 Music Club,"Bracka 4, Kraków",50.0603631,19.9363609,2,stop_325_136019,821-01,Plac Wszystkich Świętych,50.05912,19.93824,193,,
ChIJqfE_jQ1bFkcRACp5y0QRBqQ,Bracka 4 Music Club,"Bracka 4, Kraków",50.0603631,19.9363609,3,stop_219_32219,822-01,Filharmonia,50.05903,19.93387,231,,
ChIJqfE_jQ1bFkcRACp5y0QRBqQ,Bracka 4 Music Club,"Bracka 4, Kraków",50.0603631,19.9363609,4,stop_219_32239,822-03,Filharmonia,50.05917,19.9331,268,,
ChIJqfE_jQ1bFkcRACp5y0QRBqQ,Bracka 4 Music Club,"Bracka 4, Kraków",50.0603631,19.9363609,5,stop_219_32229,822-02,Filharmonia,50.058666,19.933001,305,,
ChIJ75yBDqRbFkcRCB7P0HHv_dc,Brasserie L'Olympique,"Pijarska 13, Kraków",50.0647737,19.9395055,1,stop_568_303219,833-01,Stary Kleparz,50.066314,19.939721,172,,
ChIJ75yBDqRbFkcRCB7P0HHv_dc,Brasserie L'Olympique,"Pijarska 13, Kraków",50.0647737,19.9395055,2,stop_568_303229,833-02,Stary Kleparz,50.066234,19.938562,176,,
ChIJ75yBDqRbFkcRCB7P0HHv_dc,Brasserie L'Olympique,"Pijarska 13, Kraków",50.0647737,19.9395055,3,stop_568_303239,833-03,Stary Kleparz,50.06666,19.93895,213,,
ChIJ75yBDqRbFkcRCB7P0HHv_dc,Brasserie L'Olympique,"Pijarska 13, Kraków",50.0647737,19.9395055,4,stop_852_324229,801-02,Teatr Słowackiego,50.064792,19.944409,350,,
ChIJ75yBDqRbFkcRCB7P0HHv_dc,Brasserie L'Olympique,"Pijarska 13, Kraków",50.0647737,19.9395055,5,stop_852_324239,801-03,Teatr Słowackiego,50.064192,19.94499,397,,
ChIJaQWdgGxbFkcRC2TSmA75Ws4,BroPub | Craft Beer & Burgers,"Stradomska 11, Kraków",50.0531753,19.9393859,1,stop_221_32529,818-02,Wawel,50.054344,19.939404,130,,
ChIJaQWdgGxbFkcRC2TSmA75Ws4,BroPub | Craft Beer & Burgers,"Stradomska 11, Kraków",50.0531753,19.9393859,2,stop_221_32519,818-01,Wawel,50.05449,19.93963,147,,
ChIJaQWdgGxbFkcRC2TSmA75Ws4,BroPub | Craft Beer & Burgers,"Stradomska 11, Kraków",50.0531753,19.9393859,3,stop_224_35929,819-02,Stradom,50.052086,19.941166,176,,
ChIJaQWdgGxbFkcRC2TSmA75Ws4,BroPub | Craft Beer & Burgers,"Stradomska 11, Kraków",50.0531753,19.9393859,4,stop_224_35939,819-03,Stradom,50.052258,19.942061,217,,
ChIJaQWdgGxbFkcRC2TSmA75Ws4,BroPub | Craft Beer & Burgers,"Stradomska 11, Kraków",50.0531753,19.9393859,5,stop_224_35919,819-01,Stradom,50.05148,19.941337,234,,
ChIJc82_WBdbFkcRcrWwh-0ZG2s,Browar Lubicz,"Lubicz 17J, Kraków",50.0646965,19.9498977,1,stop_204_12629,851-02,Lubicz,50.065046,19.951094,94,,
ChIJc82_WBdbFkcRcrWwh-0ZG2s,Browar Lubicz,"Lubicz 17J, Kraków",50.0646965,19.9498977,2,stop_204_12639,851-03,Lubicz,50.065436,19.951621,148,,
ChIJc82_WBdbFkcRcrWwh-0ZG2s,Browar Lubicz,"Lubicz 17J, Kraków",50.0646965,19.9498977,3,stop_204_12619,851-01,Lubicz,50.065186,19.952104,167,,
ChIJc82_WBdbFkcRcrWwh-0ZG2s,Browar Lubicz,"Lubicz 17J, Kraków",50.0646965,19.9498977,4,stop_852_324219,801-01,Teatr Słowackiego,50.064609,19.945628,305,,
ChIJc82_WBdbFkcRcrWwh-0ZG2s,Browar Lubicz,"Lubicz 17J, Kraków",50.0646965,19.9498977,5,stop_852_324249,801-04,Teatr Słowackiego,50.065006,19.94518,338,,
ChIJP4rrAxJbFkcRWI8pGQCKeHU,Budda cocktail bar,"Rynek Główny 6, Kraków",50.0610996,19.9384991,1,stop_325_136019,821-01,Plac Wszystkich Świętych,50.05912,19.93824,221,,
ChIJP4rrAxJbFkcRWI8pGQCKeHU,Budda cocktail bar,"Rynek Główny 6, Kraków",50.0610996,19.9384991,2,stop_325_136029,821-02,Plac Wszystkich Świętych,50.059113,19.937497,232,,
ChIJP4rrAxJbFkcRWI8pGQCKeHU,Budda cocktail bar,"Rynek Główny 6, Kraków",50.0610996,19.9384991,3,stop_222_35739,806-03,Poczta Główna,50.059339,19.941821,308,,
ChIJP4rrAxJbFkcRWI8pGQCKeHU,Budda cocktail bar,"Rynek Główny 6, Kraków",50.0610996,19.9384991,4,stop_222_35719,806-01,Poczta Główna,50.059797,19.942404,314,,
ChIJP4rrAxJbFkcRWI8pGQCKeHU,Budda cocktail bar,"Rynek Główny 6, Kraków",50.0610996,19.9384991,5,stop_1102_347019,817-01,św. Gertrudy,50.058627,19.940988,327,,
ChIJY7RLdK1bFkcRFxzbWs8pkQ0,"Budka - lody włoskie, gofry","Senatorska 39, Kraków",50.0529773,19.9162666,1,stop_213_31139,301-03,Salwator,50.05263,19.917407,90,,
ChIJY7RLdK1bFkcRFxzbWs8pkQ0,"Budka - lody włoskie, gofry","Senatorska 39, Kraków",50.0529773,19.9162666,2,stop_213_31129,301-02,Salwator,50.052724,19.915028,93,,
ChIJY7RLdK1bFkcRFxzbWs8pkQ0,"Budka - lody włoskie, gofry","Senatorska 39, Kraków",50.0529773,19.9162666,3,stop_213_31119,301-01,Salwator,50.052708,19.913739,183,,
ChIJY7RLdK1bFkcRFxzbWs8pkQ0,"Budka - lody włoskie, gofry","Senatorska 39, Kraków",50.0529773,19.9162666,4,stop_214_31319,300-01,Komorowskiego,50.053451,19.921873,404,,
ChIJY7RLdK1bFkcRFxzbWs8pkQ0,"Budka - lody włoskie, gofry","Senatorska 39, Kraków",50.0529773,19.9162666,5,stop_214_31329,300-02,Komorowskiego,50.053384,19.921893,404,,
ChIJBVoRjhFbFkcR71B6vyQqGO0,Bull Pub Kraków,"Mikołajska 2, Kraków",50.06171390000001,19.9406611,1,stop_222_35719,806-01,Poczta Główna,50.059797,19.942404,247,,
ChIJBVoRjhFbFkcR71B6vyQqGO0,Bull Pub Kraków,"Mikołajska 2, Kraków",50.06171390000001,19.9406611,2,stop_222_35739,806-03,Poczta Główna,50.059339,19.941821,277,,
ChIJBVoRjhFbFkcR71B6vyQqGO0,Bull Pub Kraków,"Mikołajska 2, Kraków",50.06171390000001,19.9406611,3,stop_222_35729,806-02,Poczta Główna,50.059205,19.942571,311,,
ChIJBVoRjhFbFkcR71B6vyQqGO0,Bull Pub Kraków,"Mikołajska 2, Kraków",50.06171390000001,19.9406611,4,stop_325_136019,821-01,Plac Wszystkich Świętych,50.05912,19.93824,336,,
ChIJBVoRjhFbFkcR71B6vyQqGO0,Bull Pub Kraków,"Mikołajska 2, Kraków",50.06171390000001,19.9406611,5,stop_1102_347019,817-01,św. Gertrudy,50.058627,19.940988,344,,
ChIJzaA37hFbFkcRxJIWj6Pk0Eg,Bulldog,"plac Mariacki 1/4, Kraków",50.0619878,19.9397256,1,stop_222_35719,806-01,Poczta Główna,50.059797,19.942404,310,,
ChIJzaA37hFbFkcRxJIWj6Pk0Eg,Bulldog,"plac Mariacki 1/4, Kraków",50.0619878,19.9397256,2,stop_222_35739,806-03,Poczta Główna,50.059339,19.941821,330,,
ChIJzaA37hFbFkcRxJIWj6Pk0Eg,Bulldog,"plac Mariacki 1/4, Kraków",50.0619878,19.9397256,3,stop_325_136019,821-01,Plac Wszystkich Świętych,50.05912,19.93824,336,,
ChIJzaA37hFbFkcRxJIWj6Pk0Eg,Bulldog,"plac Mariacki 1/4, Kraków",50.0619878,19.9397256,4,stop_325_136029,821-02,Plac Wszystkich Świętych,50.059113,19.937497,357,,
ChIJzaA37hFbFkcRxJIWj6Pk0Eg,Bulldog,"plac Mariacki 1/4, Kraków",50.0619878,19.9397256,5,stop_222_35729,806-02,Poczta Główna,50.059205,19.942571,370,,
ChIJj-fnCrVbFkcR3WgsaVqf-L0,Busz,"Mikołajska 13/1.2, Kraków",50.06139899999999,19.942522,1,stop_222_35719,806-01,Poczta Główna,50.059797,19.942404,178,,
ChIJj-fnCrVbFkcR3WgsaVqf-L0,Busz,"Mikołajska 13/1.2, Kraków",50.06139899999999,19.942522,2,stop_222_35739,806-03,Poczta Główna,50.059339,19.941821,234,,
ChIJj-fnCrVbFkcR3WgsaVqf-L0,Busz,"Mikołajska 13/1.2, Kraków",50.06139899999999,19.942522,3,stop_222_35729,806-02,Poczta Główna,50.059205,19.942571,244,,
ChIJj-fnCrVbFkcR3WgsaVqf-L0,Busz,"Mikołajska 13/1.2, Kraków",50.06139899999999,19.942522,4,stop_1102_347019,817-01,św. Gertrudy,50.058627,19.940988,327,,
ChIJj-fnCrVbFkcR3WgsaVqf-L0,Busz,"Mikołajska 13/1.2, Kraków",50.06139899999999,19.942522,5,stop_1102_347029,817-02,św. Gertrudy,50.058486,19.940838,345,,
ChIJb-LaAgBdFkcR6y0j4bMt7VA,Butelkomat,"Tadeusza Połomskiego 14, Kraków",50.01908220000001,19.9444279,1,stop_1343_364729,496-02,Turowicza,50.01511,19.94435,442,,
ChIJb-LaAgBdFkcR6y0j4bMt7VA,Butelkomat,"Tadeusza Połomskiego 14, Kraków",50.01908220000001,19.9444279,2,stop_1343_364719,496-01,Turowicza,50.01506,19.94439,447,,
ChIJb-LaAgBdFkcR6y0j4bMt7VA,Butelkomat,"Tadeusza Połomskiego 14, Kraków",50.01908220000001,19.9444279,3,stop_1342_364629,496-01,Sanktuarium Bożego Miłosierdzia,50.01779,19.93633,596,,
ChIJb-LaAgBdFkcR6y0j4bMt7VA,Butelkomat,"Tadeusza Połomskiego 14, Kraków",50.01908220000001,19.9444279,4,stop_1342_364619,496-02,Sanktuarium Bożego Miłosierdzia,50.01777,19.93626,602,,
ChIJb-LaAgBdFkcR6y0j4bMt7VA,Butelkomat,"Tadeusza Połomskiego 14, Kraków",50.01908220000001,19.9444279,5,stop_841_317639,584-03,Kurdwanów P+R,50.01409,19.94783,606,,
ChIJCy87JGtbFkcRzPi_aOTUs9o,ByClouds Lounge Bar,"Józefa Dietla 69, Kraków",50.0541794,19.9440922,1,stop_224_35939,819-03,Stradom,50.052258,19.942061,258,,
ChIJCy87JGtbFkcRzPi_aOTUs9o,ByClouds Lounge Bar,"Józefa Dietla 69, Kraków",50.0541794,19.9440922,2,stop_227_36219,815-01,Miodowa,50.053886,19.948108,289,,
ChIJCy87JGtbFkcRzPi_aOTUs9o,ByClouds Lounge Bar,"Józefa Dietla 69, Kraków",50.0541794,19.9440922,3,stop_223_35829,807-02,Starowiślna,50.05689,19.945029,309,,
ChIJCy87JGtbFkcRzPi_aOTUs9o,ByClouds Lounge Bar,"Józefa Dietla 69, Kraków",50.0541794,19.9440922,4,stop_224_35929,819-02,Stradom,50.052086,19.941166,313,,
ChIJCy87JGtbFkcRzPi_aOTUs9o,ByClouds Lounge Bar,"Józefa Dietla 69, Kraków",50.0541794,19.9440922,5,stop_221_32519,818-01,Wawel,50.05449,19.93963,320,,
ChIJf4Etug5bFkcRyq0rJ_UpcGk,C.K. Browar | Bar & Restaurant | Est. 1996,"Podwale 7, Kraków",50.06341349999999,19.93261099999999,1,stop_191_7719,,Teatr Bagatela,50.0631,19.932648,35,,
ChIJf4Etug5bFkcRyq0rJ_UpcGk,C.K. Browar | Bar & Restaurant | Est. 1996,"Podwale 7, Kraków",50.06341349999999,19.93261099999999,2,stop_191_7739,,Teatr Bagatela,50.063755,19.932586,38,,
ChIJf4Etug5bFkcRyq0rJ_UpcGk,C.K. Browar | Bar & Restaurant | Est. 1996,"Podwale 7, Kraków",50.06341349999999,19.93261099999999,3,stop_191_7729,,Teatr Bagatela,50.063806,19.933366,69,,
ChIJf4Etug5bFkcRyq0rJ_UpcGk,C.K. Browar | Bar & Restaurant | Est. 1996,"Podwale 7, Kraków",50.06341349999999,19.93261099999999,4,stop_4_8,,Stefana Batorego,50.066586,19.929432,419,,
ChIJf4Etug5bFkcRyq0rJ_UpcGk,C.K. Browar | Bar & Restaurant | Est. 1996,"Podwale 7, Kraków",50.06341349999999,19.93261099999999,5,stop_219_32239,822-03,Filharmonia,50.05917,19.9331,473,,
ChIJ7ZKu2ERDFkcRJfJCsiROHIk,COBRA,"Białoruska 8B, Kraków",50.016781,19.9733777,1,stop_306_71619,634-01,Piaski Nowe,50.015482,19.971574,194,,
ChIJ7ZKu2ERDFkcRJfJCsiROHIk,COBRA,"Białoruska 8B, Kraków",50.016781,19.9733777,2,stop_306_71629,634-02,Piaski Nowe,50.015447,19.971604,195,,
ChIJ7ZKu2ERDFkcRJfJCsiROHIk,COBRA,"Białoruska 8B, Kraków",50.016781,19.9733777,3,stop_299_63219,635-01,Dauna,50.018289,19.977516,340,,
ChIJ7ZKu2ERDFkcRJfJCsiROHIk,COBRA,"Białoruska 8B, Kraków",50.016781,19.9733777,4,stop_299_63229,635-02,Dauna,50.018408,19.977585,351,,
ChIJ7ZKu2ERDFkcRJfJCsiROHIk,COBRA,"Białoruska 8B, Kraków",50.016781,19.9733777,5,stop_305_71529,627-02,Nowosądecka,50.013437,19.964684,724,,
ChIJy3S5BVRbFkcRF4VUZ-9uMaA,CULT RESTAURANT | KARAOKE | BAR,"Wielopole 11, Kraków",50.05846219999999,19.9443572,1,stop_223_35819,807-01,Starowiślna,50.05731,19.94455,129,,
ChIJy3S5BVRbFkcRF4VUZ-9uMaA,CULT RESTAURANT | KARAOKE | BAR,"Wielopole 11, Kraków",50.05846219999999,19.9443572,2,stop_222_35729,806-02,Poczta Główna,50.059205,19.942571,152,,
ChIJy3S5BVRbFkcRF4VUZ-9uMaA,CULT RESTAURANT | KARAOKE | BAR,"Wielopole 11, Kraków",50.05846219999999,19.9443572,3,stop_223_35849,807-04,Starowiślna,50.057262,19.946032,179,,
ChIJy3S5BVRbFkcRF4VUZ-9uMaA,CULT RESTAURANT | KARAOKE | BAR,"Wielopole 11, Kraków",50.05846219999999,19.9443572,4,stop_223_35829,807-02,Starowiślna,50.05689,19.945029,181,,
ChIJy3S5BVRbFkcRF4VUZ-9uMaA,CULT RESTAURANT | KARAOKE | BAR,"Wielopole 11, Kraków",50.05846219999999,19.9443572,5,stop_223_35839,807-03,Starowiślna,50.057227,19.946086,185,,
ChIJXQGnIGpbFkcRcnE3MCwue74,Cafe Bar No4,"Bartosza Głowackiego 4, Kraków",50.07681119999999,19.9057854,1,stop_319_104929,,Głowackiego,50.075882,19.905845,103,,
ChIJXQGnIGpbFkcRcnE3MCwue74,Cafe Bar No4,"Bartosza Głowackiego 4, Kraków",50.07681119999999,19.9057854,2,stop_319_104919,,Głowackiego,50.07536,19.9068,177,,
ChIJXQGnIGpbFkcRcnE3MCwue74,Cafe Bar No4,"Bartosza Głowackiego 4, Kraków",50.07681119999999,19.9057854,3,stop_198_8919,,Bronowice,50.077246,19.901982,276,,
ChIJXQGnIGpbFkcRcnE3MCwue74,Cafe Bar No4,"Bartosza Głowackiego 4, Kraków",50.07681119999999,19.9057854,4,stop_198_8929,,Bronowice,50.077751,19.900684,379,,
ChIJXQGnIGpbFkcRcnE3MCwue74,Cafe Bar No4,"Bartosza Głowackiego 4, Kraków",50.07681119999999,19.9057854,5,stop_198_8939,,Bronowice,50.077834,19.900593,388,,
ChIJvzTS7A1bFkcR99QG4eY6hDM,Cafe Kratka,"Bracka 3/5, Kraków",50.060567,19.936055,1,stop_325_136029,821-02,Plac Wszystkich Świętych,50.059113,19.937497,192,,
ChIJvzTS7A1bFkcR99QG4eY6hDM,Cafe Kratka,"Bracka 3/5, Kraków",50.060567,19.936055,2,stop_325_136019,821-01,Plac Wszystkich Świętych,50.05912,19.93824,224,,
ChIJvzTS7A1bFkcR99QG4eY6hDM,Cafe Kratka,"Bracka 3/5, Kraków",50.060567,19.936055,3,stop_219_32219,822-01,Filharmonia,50.05903,19.93387,231,,
ChIJvzTS7A1bFkcR99QG4eY6hDM,Cafe Kratka,"Bracka 3/5, Kraków",50.060567,19.936055,4,stop_219_32239,822-03,Filharmonia,50.05917,19.9331,262,,
ChIJvzTS7A1bFkcR99QG4eY6hDM,Cafe Kratka,"Bracka 3/5, Kraków",50.060567,19.936055,5,stop_219_32229,822-02,Filharmonia,50.058666,19.933001,304,,
ChIJF4xFM3NbFkcR6-EQrXetDJw,Cafe Szafe,"Felicjanek 10, Kraków",50.0576683,19.9297733,1,stop_219_32229,822-02,Filharmonia,50.058666,19.933001,256,,
ChIJF4xFM3NbFkcR6-EQrXetDJw,Cafe Szafe,"Felicjanek 10, Kraków",50.0576683,19.9297733,2,stop_216_31919,823-01,Jubilat,50.055498,19.928109,269,,
ChIJF4xFM3NbFkcR6-EQrXetDJw,Cafe Szafe,"Felicjanek 10, Kraków",50.0576683,19.9297733,3,stop_219_32239,822-03,Filharmonia,50.05917,19.9331,290,,
ChIJF4xFM3NbFkcR6-EQrXetDJw,Cafe Szafe,"Felicjanek 10, Kraków",50.0576683,19.9297733,4,stop_219_32219,822-01,Filharmonia,50.05903,19.93387,329,,
ChIJF4xFM3NbFkcR6-EQrXetDJw,Cafe Szafe,"Felicjanek 10, Kraków",50.0576683,19.9297733,5,stop_216_31929,823-02,Jubilat,50.054999,19.927052,355,,
ChIJ75qXaQ5bFkcRYPHeN6P_RAM,Caffe Zaćmienie bar,"Szczepańska 3, Kraków",50.06298739999999,19.9366684,1,stop_191_7729,,Teatr Bagatela,50.063806,19.933366,253,,
ChIJ75qXaQ5bFkcRYPHeN6P_RAM,Caffe Zaćmienie bar,"Szczepańska 3, Kraków",50.06298739999999,19.9366684,2,stop_191_7719,,Teatr Bagatela,50.0631,19.932648,287,,
ChIJ75qXaQ5bFkcRYPHeN6P_RAM,Caffe Zaćmienie bar,"Szczepańska 3, Kraków",50.06298739999999,19.9366684,3,stop_191_7739,,Teatr Bagatela,50.063755,19.932586,304,,
ChIJ75qXaQ5bFkcRYPHeN6P_RAM,Caffe Zaćmienie bar,"Szczepańska 3, Kraków",50.06298739999999,19.9366684,4,stop_568_303229,833-02,Stary Kleparz,50.066234,19.938562,385,,
ChIJ75qXaQ5bFkcRYPHeN6P_RAM,Caffe Zaćmienie bar,"Szczepańska 3, Kraków",50.06298739999999,19.9366684,5,stop_568_303219,833-01,Stary Kleparz,50.066314,19.939721,429,,
ChIJFctE3xFbFkcR681ABM8ayCQ,Camelot Cafe,"Świętego Tomasza 17, Kraków",50.0630347,19.9390993,1,stop_568_303229,833-02,Stary Kleparz,50.066234,19.938562,358,,
ChIJFctE3xFbFkcR681ABM8ayCQ,Camelot Cafe,"Świętego Tomasza 17, Kraków",50.0630347,19.9390993,2,stop_568_303219,833-01,Stary Kleparz,50.066314,19.939721,367,,
ChIJFctE3xFbFkcR681ABM8ayCQ,Camelot Cafe,"Świętego Tomasza 17, Kraków",50.0630347,19.9390993,3,stop_568_303239,833-03,Stary Kleparz,50.06666,19.93895,403,,
ChIJFctE3xFbFkcR681ABM8ayCQ,Camelot Cafe,"Świętego Tomasza 17, Kraków",50.0630347,19.9390993,4,stop_191_7729,,Teatr Bagatela,50.063806,19.933366,418,,
ChIJFctE3xFbFkcR681ABM8ayCQ,Camelot Cafe,"Świętego Tomasza 17, Kraków",50.0630347,19.9390993,5,stop_852_324229,801-02,Teatr Słowackiego,50.064792,19.944409,426,,
ChIJqdmGGABbFkcRBNb2MYHk_vE,Cerveza,"Kosynierów 5, Kraków",50.0665947,19.9763447,1,stop_208_13029,804-02,Białucha,50.067597,19.977192,127,,
ChIJqdmGGABbFkcRBNb2MYHk_vE,Cerveza,"Kosynierów 5, Kraków",50.0665947,19.9763447,2,stop_208_13019,804-01,Białucha,50.067841,19.977991,182,,
ChIJqdmGGABbFkcRBNb2MYHk_vE,Cerveza,"Kosynierów 5, Kraków",50.0665947,19.9763447,3,stop_207_12919,803-01,Cystersów,50.066523,19.970519,416,,
ChIJqdmGGABbFkcRBNb2MYHk_vE,Cerveza,"Kosynierów 5, Kraków",50.0665947,19.9763447,4,stop_207_12929,803-02,Cystersów,50.06654,19.969149,514,,
ChIJqdmGGABbFkcRBNb2MYHk_vE,Cerveza,"Kosynierów 5, Kraków",50.0665947,19.9763447,5,stop_234_37029,814-02,Dąbie,50.060709,19.979012,682,,
ChIJvUJRWA9bFkcRzOCfTRYtDeY,Cezar Kebab,"Plac Inwalidów B/N, Kraków",50.06929599999999,19.9258773,1,stop_193_7929,,Plac Inwalidów,50.069585,19.925897,32,,
ChIJvUJRWA9bFkcRzOCfTRYtDeY,Cezar Kebab,"Plac Inwalidów B/N, Kraków",50.06929599999999,19.9258773,2,stop_193_7919,,Plac Inwalidów,50.068728,19.926981,101,,
ChIJvUJRWA9bFkcRzOCfTRYtDeY,Cezar Kebab,"Plac Inwalidów B/N, Kraków",50.06929599999999,19.9258773,3,stop_4_9,,Stefana Batorego,50.067023,19.928837,329,,
ChIJvUJRWA9bFkcRzOCfTRYtDeY,Cezar Kebab,"Plac Inwalidów B/N, Kraków",50.06929599999999,19.9258773,4,stop_4_8,,Stefana Batorego,50.066586,19.929432,394,,
ChIJvUJRWA9bFkcRzOCfTRYtDeY,Cezar Kebab,"Plac Inwalidów B/N, Kraków",50.06929599999999,19.9258773,5,stop_194_8319,,Urzędnicza,50.071879,19.919754,523,,
ChIJsXak9A5bFkcRWRPgrFvYC2w,Charlotte,"plac Szczepański 2, Kraków",50.063454,19.9350829,1,stop_191_7729,,Teatr Bagatela,50.063806,19.933366,129,,
ChIJsXak9A5bFkcRWRPgrFvYC2w,Charlotte,"plac Szczepański 2, Kraków",50.063454,19.9350829,2,stop_191_7719,,Teatr Bagatela,50.0631,19.932648,178,,
ChIJsXak9A5bFkcRWRPgrFvYC2w,Charlotte,"plac Szczepański 2, Kraków",50.063454,19.9350829,3,stop_191_7739,,Teatr Bagatela,50.063755,19.932586,181,,
ChIJsXak9A5bFkcRWRPgrFvYC2w,Charlotte,"plac Szczepański 2, Kraków",50.063454,19.9350829,4,stop_568_303229,833-02,Stary Kleparz,50.066234,19.938562,397,,
ChIJsXak9A5bFkcRWRPgrFvYC2w,Charlotte,"plac Szczepański 2, Kraków",50.063454,19.9350829,5,stop_568_303239,833-03,Stary Kleparz,50.06666,19.93895,451,,
ChIJJ_KTkAVbFkcRUyTsCi5TgpA,Chata Restaurant,"Krowoderska 21, Kraków",50.0680659,19.937535,1,stop_188_7229,834-02,Pędzichów,50.069646,19.937499,176,,
ChIJJ_KTkAVbFkcRUyTsCi5TgpA,Chata Restaurant,"Krowoderska 21, Kraków",50.0680659,19.937535,2,stop_188_7219,834-01,Pędzichów,50.069678,19.937536,179,,
ChIJJ_KTkAVbFkcRUyTsCi5TgpA,Chata Restaurant,"Krowoderska 21, Kraków",50.0680659,19.937535,3,stop_568_303239,833-03,Stary Kleparz,50.06666,19.93895,186,,
ChIJJ_KTkAVbFkcRUyTsCi5TgpA,Chata Restaurant,"Krowoderska 21, Kraków",50.0680659,19.937535,4,stop_568_303229,833-02,Stary Kleparz,50.066234,19.938562,216,,
ChIJJ_KTkAVbFkcRUyTsCi5TgpA,Chata Restaurant,"Krowoderska 21, Kraków",50.0680659,19.937535,5,stop_568_303219,833-01,Stary Kleparz,50.066314,19.939721,250,,
ChIJqTn8quFbFkcRSc0bXGrpGrY,Chałka Resto Bar,"Beera Meiselsa 8, Kraków",50.05064789999999,19.94181279999999,1,stop_224_35949,819-04,Stradom,50.050842,19.942415,48,,
ChIJqTn8quFbFkcRSc0bXGrpGrY,Chałka Resto Bar,"Beera Meiselsa 8, Kraków",50.05064789999999,19.94181279999999,2,stop_224_35919,819-01,Stradom,50.05148,19.941337,99,,
ChIJqTn8quFbFkcRSc0bXGrpGrY,Chałka Resto Bar,"Beera Meiselsa 8, Kraków",50.05064789999999,19.94181279999999,3,stop_224_35929,819-02,Stradom,50.052086,19.941166,166,,
ChIJqTn8quFbFkcRSc0bXGrpGrY,Chałka Resto Bar,"Beera Meiselsa 8, Kraków",50.05064789999999,19.94181279999999,4,stop_224_35939,819-03,Stradom,50.052258,19.942061,180,,
ChIJqTn8quFbFkcRSc0bXGrpGrY,Chałka Resto Bar,"Beera Meiselsa 8, Kraków",50.05064789999999,19.94181279999999,5,stop_226_36119,872-01,Orzeszkowej,50.050631,19.938671,224,,
ChIJnetrZABbFkcREfxVeubvOag,Cherry,"Floriańska 22, Kraków",50.0634789,19.9400464,1,stop_568_303219,833-01,Stary Kleparz,50.066314,19.939721,316,,
ChIJnetrZABbFkcREfxVeubvOag,Cherry,"Floriańska 22, Kraków",50.0634789,19.9400464,2,stop_568_303229,833-02,Stary Kleparz,50.066234,19.938562,324,,
ChIJnetrZABbFkcREfxVeubvOag,Cherry,"Floriańska 22, Kraków",50.0634789,19.9400464,3,stop_852_324229,801-02,Teatr Słowackiego,50.064792,19.944409,344,,
ChIJnetrZABbFkcREfxVeubvOag,Cherry,"Floriańska 22, Kraków",50.0634789,19.9400464,4,stop_852_324239,801-03,Teatr Słowackiego,50.064192,19.94499,362,,
ChIJnetrZABbFkcREfxVeubvOag,Cherry,"Floriańska 22, Kraków",50.0634789,19.9400464,5,stop_568_303239,833-03,Stary Kleparz,50.06666,19.93895,362,,
ChIJO4M2vX1bFkcRzCRZCv-NroU,Chez Nicholas Wine,"Lwowska 1/Lu10, Kraków",50.04584569999999,19.9555873,1,stop_278_57019,640-01,Plac Bohaterów Getta,50.046605,19.955028,93,,
ChIJO4M2vX1bFkcRzCRZCv-NroU,Chez Nicholas Wine,"Lwowska 1/Lu10, Kraków",50.04584569999999,19.9555873,2,stop_338_56919,641-01,Limanowskiego,50.045136,19.954882,94,,
ChIJO4M2vX1bFkcRzCRZCv-NroU,Chez Nicholas Wine,"Lwowska 1/Lu10, Kraków",50.04584569999999,19.9555873,3,stop_338_56929,641-02,Limanowskiego,50.045,19.955911,97,,
ChIJO4M2vX1bFkcRzCRZCv-NroU,Chez Nicholas Wine,"Lwowska 1/Lu10, Kraków",50.04584569999999,19.9555873,4,stop_278_57029,640-02,Plac Bohaterów Getta,50.046716,19.9551,103,,
ChIJO4M2vX1bFkcRzCRZCv-NroU,Chez Nicholas Wine,"Lwowska 1/Lu10, Kraków",50.04584569999999,19.9555873,5,stop_820_315819,642-01,Podgórze SKA,50.042438,19.960723,527,,
ChIJXTH0NQ5bFkcRVXa1VuJOVdw,Chicago Jazz Live Music,"Sławkowska 11, Kraków",50.06390539999999,19.9379838,1,stop_568_303229,833-02,Stary Kleparz,50.066234,19.938562,262,,
ChIJXTH0NQ5bFkcRVXa1VuJOVdw,Chicago Jazz Live Music,"Sławkowska 11, Kraków",50.06390539999999,19.9379838,2,stop_568_303219,833-01,Stary Kleparz,50.066314,19.939721,295,,
ChIJXTH0NQ5bFkcRVXa1VuJOVdw,Chicago Jazz Live Music,"Sławkowska 11, Kraków",50.06390539999999,19.9379838,3,stop_568_303239,833-03,Stary Kleparz,50.06666,19.93895,314,,
ChIJXTH0NQ5bFkcRVXa1VuJOVdw,Chicago Jazz Live Music,"Sławkowska 11, Kraków",50.06390539999999,19.9379838,4,stop_191_7729,,Teatr Bagatela,50.063806,19.933366,330,,
ChIJXTH0NQ5bFkcRVXa1VuJOVdw,Chicago Jazz Live Music,"Sławkowska 11, Kraków",50.06390539999999,19.9379838,5,stop_191_7739,,Teatr Bagatela,50.063755,19.932586,386,,
ChIJtd_3L6RbFkcRVtxLV2dTQJE,Chill #53 Cafe & Bar,"Mogilska 53, Kraków",50.06638909999999,19.968311,1,stop_207_12929,803-02,Cystersów,50.06654,19.969149,62,,
ChIJtd_3L6RbFkcRVtxLV2dTQJE,Chill #53 Cafe & Bar,"Mogilska 53, Kraków",50.06638909999999,19.968311,2,stop_207_12919,803-01,Cystersów,50.066523,19.970519,158,,
ChIJtd_3L6RbFkcRVtxLV2dTQJE,Chill #53 Cafe & Bar,"Mogilska 53, Kraków",50.06638909999999,19.968311,3,stop_203_12529,802-02,Rondo Mogilskie,50.065759,19.959864,607,,
ChIJtd_3L6RbFkcRVtxLV2dTQJE,Chill #53 Cafe & Bar,"Mogilska 53, Kraków",50.06638909999999,19.968311,4,stop_203_12519,802-01,Rondo Mogilskie,50.065782,19.959639,623,,
ChIJtd_3L6RbFkcRVtxLV2dTQJE,Chill #53 Cafe & Bar,"Mogilska 53, Kraków",50.06638909999999,19.968311,5,stop_208_13029,804-02,Białucha,50.067597,19.977192,648,,
ChIJY-ZB0Q1bFkcRrizwvqLKuAY,Chimera,"Świętej Anny 3, Kraków",50.061659,19.934816,1,stop_191_7719,,Teatr Bagatela,50.0631,19.932648,223,,
ChIJY-ZB0Q1bFkcRrizwvqLKuAY,Chimera,"Świętej Anny 3, Kraków",50.061659,19.934816,2,stop_191_7729,,Teatr Bagatela,50.063806,19.933366,260,,
ChIJY-ZB0Q1bFkcRrizwvqLKuAY,Chimera,"Świętej Anny 3, Kraków",50.061659,19.934816,3,stop_191_7739,,Teatr Bagatela,50.063755,19.932586,282,,
ChIJY-ZB0Q1bFkcRrizwvqLKuAY,Chimera,"Świętej Anny 3, Kraków",50.061659,19.934816,4,stop_219_32219,822-01,Filharmonia,50.05903,19.93387,300,,
ChIJY-ZB0Q1bFkcRrizwvqLKuAY,Chimera,"Świętej Anny 3, Kraków",50.061659,19.934816,5,stop_219_32239,822-03,Filharmonia,50.05917,19.9331,303,,
ChIJbyj3Yu5bFkcRJBD0in7XlAQ,Churchill's Lounge Bar,"Skałeczna 1, Kraków",50.049485,19.9426971,1,stop_224_35949,819-04,Stradom,50.050842,19.942415,152,,
ChIJbyj3Yu5bFkcRJBD0in7XlAQ,Churchill's Lounge Bar,"Skałeczna 1, Kraków",50.049485,19.9426971,2,stop_225_36029,820-02,Plac Wolnica,50.048114,19.943448,162,,
ChIJbyj3Yu5bFkcRJBD0in7XlAQ,Churchill's Lounge Bar,"Skałeczna 1, Kraków",50.049485,19.9426971,3,stop_225_36019,820-01,Plac Wolnica,50.048028,19.943426,170,,
ChIJbyj3Yu5bFkcRJBD0in7XlAQ,Churchill's Lounge Bar,"Skałeczna 1, Kraków",50.049485,19.9426971,4,stop_224_35919,819-01,Stradom,50.05148,19.941337,242,,
ChIJbyj3Yu5bFkcRJBD0in7XlAQ,Churchill's Lounge Bar,"Skałeczna 1, Kraków",50.049485,19.9426971,5,stop_224_35929,819-02,Stradom,50.052086,19.941166,309,,
ChIJWZ0zVkNbFkcRWXQWZAuxYEM,Ciepło,"Józefa Dietla 15, Kraków",50.050377,19.9387329,1,stop_226_36119,872-01,Orzeszkowej,50.050631,19.938671,29,,
ChIJWZ0zVkNbFkcRWXQWZAuxYEM,Ciepło,"Józefa Dietla 15, Kraków",50.050377,19.9387329,2,stop_226_36129,872-02,Orzeszkowej,50.050546,19.938251,39,,
ChIJWZ0zVkNbFkcRWXQWZAuxYEM,Ciepło,"Józefa Dietla 15, Kraków",50.050377,19.9387329,3,stop_224_35919,819-01,Stradom,50.05148,19.941337,223,,
ChIJWZ0zVkNbFkcRWXQWZAuxYEM,Ciepło,"Józefa Dietla 15, Kraków",50.050377,19.9387329,4,stop_224_35929,819-02,Stradom,50.052086,19.941166,257,,
ChIJWZ0zVkNbFkcRWXQWZAuxYEM,Ciepło,"Józefa Dietla 15, Kraków",50.050377,19.9387329,5,stop_224_35949,819-04,Stradom,50.050842,19.942415,268,,
ChIJX3HWWqxbFkcRYWeC8Pms4TY,CiutCiut Wine Bar i Sklep z Winem,"Krakowska 6, Kraków",50.051173,19.9423779,1,stop_224_35949,819-04,Stradom,50.050842,19.942415,37,,
ChIJX3HWWqxbFkcRYWeC8Pms4TY,CiutCiut Wine Bar i Sklep z Winem,"Krakowska 6, Kraków",50.051173,19.9423779,2,stop_224_35919,819-01,Stradom,50.05148,19.941337,82,,
ChIJX3HWWqxbFkcRYWeC8Pms4TY,CiutCiut Wine Bar i Sklep z Winem,"Krakowska 6, Kraków",50.051173,19.9423779,3,stop_224_35939,819-03,Stradom,50.052258,19.942061,123,,
ChIJX3HWWqxbFkcRYWeC8Pms4TY,CiutCiut Wine Bar i Sklep z Winem,"Krakowska 6, Kraków",50.051173,19.9423779,4,stop_224_35929,819-02,Stradom,50.052086,19.941166,133,,
ChIJX3HWWqxbFkcRYWeC8Pms4TY,CiutCiut Wine Bar i Sklep z Winem,"Krakowska 6, Kraków",50.051173,19.9423779,5,stop_226_36119,872-01,Orzeszkowej,50.050631,19.938671,271,,
ChIJ_1sBnIBbFkcRAD2ADTfrK2I,Classic Rock Club,"Rajska 24, Kraków",50.06441489999999,19.9279559,1,stop_4_8,,Stefana Batorego,50.066586,19.929432,263,,
ChIJ_1sBnIBbFkcRAD2ADTfrK2I,Classic Rock Club,"Rajska 24, Kraków",50.06441489999999,19.9279559,2,stop_4_9,,Stefana Batorego,50.067023,19.928837,297,,
ChIJ_1sBnIBbFkcRAD2ADTfrK2I,Classic Rock Club,"Rajska 24, Kraków",50.06441489999999,19.9279559,3,stop_191_7739,,Teatr Bagatela,50.063755,19.932586,339,,
ChIJ_1sBnIBbFkcRAD2ADTfrK2I,Classic Rock Club,"Rajska 24, Kraków",50.06441489999999,19.9279559,4,stop_191_7719,,Teatr Bagatela,50.0631,19.932648,365,,
ChIJ_1sBnIBbFkcRAD2ADTfrK2I,Classic Rock Club,"Rajska 24, Kraków",50.06441489999999,19.9279559,5,stop_191_7729,,Teatr Bagatela,50.063806,19.933366,392,,
ChIJOYCBBRJbFkcRJG7USGlLnDc,Club Jaszczury,"Rynek Główny 8, Kraków",50.06083330000001,19.9383333,1,stop_325_136019,821-01,Plac Wszystkich Świętych,50.05912,19.93824,191,,
ChIJOYCBBRJbFkcRJG7USGlLnDc,Club Jaszczury,"Rynek Główny 8, Kraków",50.06083330000001,19.9383333,2,stop_325_136029,821-02,Plac Wszystkich Świętych,50.059113,19.937497,200,,
ChIJOYCBBRJbFkcRJG7USGlLnDc,Club Jaszczury,"Rynek Główny 8, Kraków",50.06083330000001,19.9383333,3,stop_222_35739,806-03,Poczta Główna,50.059339,19.941821,299,,
ChIJOYCBBRJbFkcRJG7USGlLnDc,Club Jaszczury,"Rynek Główny 8, Kraków",50.06083330000001,19.9383333,4,stop_1102_347019,817-01,św. Gertrudy,50.058627,19.940988,310,,
ChIJOYCBBRJbFkcRJG7USGlLnDc,Club Jaszczury,"Rynek Główny 8, Kraków",50.06083330000001,19.9383333,5,stop_222_35719,806-01,Poczta Główna,50.059797,19.942404,313,,
ChIJXYympQ5bFkcRi37ryZpRkkE,Club Laboratorium,"Podwale 6, Kraków",50.063174,19.9323464,1,stop_191_7719,,Teatr Bagatela,50.0631,19.932648,23,,
ChIJXYympQ5bFkcRi37ryZpRkkE,Club Laboratorium,"Podwale 6, Kraków",50.063174,19.9323464,2,stop_191_7739,,Teatr Bagatela,50.063755,19.932586,67,,
ChIJXYympQ5bFkcRi37ryZpRkkE,Club Laboratorium,"Podwale 6, Kraków",50.063174,19.9323464,3,stop_191_7729,,Teatr Bagatela,50.063806,19.933366,101,,
ChIJXYympQ5bFkcRi37ryZpRkkE,Club Laboratorium,"Podwale 6, Kraków",50.063174,19.9323464,4,stop_4_8,,Stefana Batorego,50.066586,19.929432,433,,
ChIJXYympQ5bFkcRi37ryZpRkkE,Club Laboratorium,"Podwale 6, Kraków",50.063174,19.9323464,5,stop_219_32239,822-03,Filharmonia,50.05917,19.9331,448,,
ChIJbyyoPQBbFkcRm19AXF-tJWA,Club Papuga,"Józefa Dietla 64, Kraków",50.0546128,19.9435154,1,stop_223_35829,807-02,Starowiślna,50.05689,19.945029,275,,
ChIJbyyoPQBbFkcRm19AXF-tJWA,Club Papuga,"Józefa Dietla 64, Kraków",50.0546128,19.9435154,2,stop_221_32519,818-01,Wawel,50.05449,19.93963,278,,
ChIJbyyoPQBbFkcRm19AXF-tJWA,Club Papuga,"Józefa Dietla 64, Kraków",50.0546128,19.9435154,3,stop_224_35939,819-03,Stradom,50.052258,19.942061,282,,
ChIJbyyoPQBbFkcRm19AXF-tJWA,Club Papuga,"Józefa Dietla 64, Kraków",50.0546128,19.9435154,4,stop_221_32529,818-02,Wawel,50.054344,19.939404,295,,
ChIJbyyoPQBbFkcRm19AXF-tJWA,Club Papuga,"Józefa Dietla 64, Kraków",50.0546128,19.9435154,5,stop_223_35819,807-01,Starowiślna,50.05731,19.94455,309,,
ChIJUzxtRxBbFkcRT14eXW3gduk,Coco | Music Club,"Szpitalna 38, Kraków",50.0642229,19.9421735,1,stop_852_324229,801-02,Teatr Słowackiego,50.064792,19.944409,172,,
ChIJUzxtRxBbFkcRT14eXW3gduk,Coco | Music Club,"Szpitalna 38, Kraków",50.0642229,19.9421735,2,stop_852_324239,801-03,Teatr Słowackiego,50.064192,19.94499,201,,
ChIJUzxtRxBbFkcRT14eXW3gduk,Coco | Music Club,"Szpitalna 38, Kraków",50.0642229,19.9421735,3,stop_852_324249,801-04,Teatr Słowackiego,50.065006,19.94518,232,,
ChIJUzxtRxBbFkcRT14eXW3gduk,Coco | Music Club,"Szpitalna 38, Kraków",50.0642229,19.9421735,4,stop_852_324219,801-01,Teatr Słowackiego,50.064609,19.945628,250,,
ChIJUzxtRxBbFkcRT14eXW3gduk,Coco | Music Club,"Szpitalna 38, Kraków",50.0642229,19.9421735,5,stop_568_303219,833-01,Stary Kleparz,50.066314,19.939721,291,,
ChIJH1FI8fVbFkcRuNQZPTvsjyw,Coffee To Go,"Pawia 5a, Kraków",50.068312,19.947215,1,stop_322_117329,901-02,Dworzec Główny Tunel,50.068258,19.947641,31,,
ChIJH1FI8fVbFkcRuNQZPTvsjyw,Coffee To Go,"Pawia 5a, Kraków",50.068312,19.947215,2,stop_322_117319,901-01,Dworzec Główny Tunel,50.068199,19.947649,33,,
ChIJH1FI8fVbFkcRuNQZPTvsjyw,Coffee To Go,"Pawia 5a, Kraków",50.068312,19.947215,3,stop_335_260829,760-02,Dworzec Główny Zachód,50.067827,19.945408,140,,
ChIJH1FI8fVbFkcRuNQZPTvsjyw,Coffee To Go,"Pawia 5a, Kraków",50.068312,19.947215,4,stop_335_260819,760-01,Dworzec Główny Zachód,50.06783,19.945354,143,,
ChIJH1FI8fVbFkcRuNQZPTvsjyw,Coffee To Go,"Pawia 5a, Kraków",50.068312,19.947215,5,stop_189_7329,839-02,Politechnika,50.070807,19.945062,317,,
ChIJ20BPthFbFkcRTXjRcaFeK9c,Coffee&Wine Consonni Szpitalna,"Szpitalna 34, Kraków",50.0638493,19.9418489,1,stop_852_324229,801-02,Teatr Słowackiego,50.064792,19.944409,211,,
ChIJ20BPthFbFkcRTXjRcaFeK9c,Coffee&Wine Consonni Szpitalna,"Szpitalna 34, Kraków",50.0638493,19.9418489,2,stop_852_324239,801-03,Teatr Słowackiego,50.064192,19.94499,227,,
ChIJ20BPthFbFkcRTXjRcaFeK9c,Coffee&Wine Consonni Szpitalna,"Szpitalna 34, Kraków",50.0638493,19.9418489,3,stop_852_324249,801-04,Teatr Słowackiego,50.065006,19.94518,270,,
ChIJ20BPthFbFkcRTXjRcaFeK9c,Coffee&Wine Consonni Szpitalna,"Szpitalna 34, Kraków",50.0638493,19.9418489,4,stop_852_324219,801-01,Teatr Słowackiego,50.064609,19.945628,283,,
ChIJ20BPthFbFkcRTXjRcaFeK9c,Coffee&Wine Consonni Szpitalna,"Szpitalna 34, Kraków",50.0638493,19.9418489,5,stop_568_303219,833-01,Stary Kleparz,50.066314,19.939721,313,,
ChIJu6kq5tZbFkcRm64VtrIAzfA,Corn Dog Bar,"Pawia 18b, Kraków",50.0671761,19.9449793,1,stop_335_260819,760-01,Dworzec Główny Zachód,50.06783,19.945354,77,,
ChIJu6kq5tZbFkcRm64VtrIAzfA,Corn Dog Bar,"Pawia 18b, Kraków",50.0671761,19.9449793,2,stop_335_260829,760-02,Dworzec Główny Zachód,50.067827,19.945408,79,,
ChIJu6kq5tZbFkcRm64VtrIAzfA,Corn Dog Bar,"Pawia 18b, Kraków",50.0671761,19.9449793,3,stop_322_117319,901-01,Dworzec Główny Tunel,50.068199,19.947649,222,,
ChIJu6kq5tZbFkcRm64VtrIAzfA,Corn Dog Bar,"Pawia 18b, Kraków",50.0671761,19.9449793,4,stop_322_117329,901-02,Dworzec Główny Tunel,50.068258,19.947641,225,,
ChIJu6kq5tZbFkcRm64VtrIAzfA,Corn Dog Bar,"Pawia 18b, Kraków",50.0671761,19.9449793,5,stop_852_324249,801-04,Teatr Słowackiego,50.065006,19.94518,242,,
ChIJZTJEzXZbFkcRgowSNpC1-H8,Cosmic Games Pub,"Karmelicka 27, Kraków",50.0662167,19.9300595,1,stop_4_8,,Stefana Batorego,50.066586,19.929432,61,,
ChIJZTJEzXZbFkcRgowSNpC1-H8,Cosmic Games Pub,"Karmelicka 27, Kraków",50.0662167,19.9300595,2,stop_4_9,,Stefana Batorego,50.067023,19.928837,125,,
ChIJZTJEzXZbFkcRgowSNpC1-H8,Cosmic Games Pub,"Karmelicka 27, Kraków",50.0662167,19.9300595,3,stop_191_7739,,Teatr Bagatela,50.063755,19.932586,328,,
ChIJZTJEzXZbFkcRgowSNpC1-H8,Cosmic Games Pub,"Karmelicka 27, Kraków",50.0662167,19.9300595,4,stop_193_7919,,Plac Inwalidów,50.068728,19.926981,355,,
ChIJZTJEzXZbFkcRgowSNpC1-H8,Cosmic Games Pub,"Karmelicka 27, Kraków",50.0662167,19.9300595,5,stop_191_7729,,Teatr Bagatela,50.063806,19.933366,357,,
ChIJVZ5iLfRbFkcR9iOLwlWGQZM,Cosmic Minigolf Pub,"Karmelicka 50, Kraków",50.06716489999999,19.928389,1,stop_4_9,,Stefana Batorego,50.067023,19.928837,36,,
ChIJVZ5iLfRbFkcR9iOLwlWGQZM,Cosmic Minigolf Pub,"Karmelicka 50, Kraków",50.06716489999999,19.928389,2,stop_4_8,,Stefana Batorego,50.066586,19.929432,98,,
ChIJVZ5iLfRbFkcR9iOLwlWGQZM,Cosmic Minigolf Pub,"Karmelicka 50, Kraków",50.06716489999999,19.928389,3,stop_193_7919,,Plac Inwalidów,50.068728,19.926981,201,,
ChIJVZ5iLfRbFkcR9iOLwlWGQZM,Cosmic Minigolf Pub,"Karmelicka 50, Kraków",50.06716489999999,19.928389,4,stop_193_7929,,Plac Inwalidów,50.069585,19.925897,323,,
ChIJVZ5iLfRbFkcR9iOLwlWGQZM,Cosmic Minigolf Pub,"Karmelicka 50, Kraków",50.06716489999999,19.928389,5,stop_191_7739,,Teatr Bagatela,50.063755,19.932586,483,,
ChIJfZhKRQ5bFkcRxSxJ6PBlS40,Coyote Bar,"Świętego Tomasza 1, Kraków",50.0638084,19.9364948,1,stop_191_7729,,Teatr Bagatela,50.063806,19.933366,223,,
ChIJfZhKRQ5bFkcRxSxJ6PBlS40,Coyote Bar,"Świętego Tomasza 1, Kraków",50.0638084,19.9364948,2,stop_191_7739,,Teatr Bagatela,50.063755,19.932586,279,,
ChIJfZhKRQ5bFkcRxSxJ6PBlS40,Coyote Bar,"Świętego Tomasza 1, Kraków",50.0638084,19.9364948,3,stop_191_7719,,Teatr Bagatela,50.0631,19.932648,286,,
ChIJfZhKRQ5bFkcRxSxJ6PBlS40,Coyote Bar,"Świętego Tomasza 1, Kraków",50.0638084,19.9364948,4,stop_568_303229,833-02,Stary Kleparz,50.066234,19.938562,307,,
ChIJfZhKRQ5bFkcRxSxJ6PBlS40,Coyote Bar,"Świętego Tomasza 1, Kraków",50.0638084,19.9364948,5,stop_568_303219,833-01,Stary Kleparz,50.066314,19.939721,361,,
ChIJPW7ro0FbFkcRgP1EF-oE_DA,Craftownia,"Św. Wawrzyńca 22, Kraków",50.0504609,19.94937479999999,1,stop_1103_347119,816-01,św. Wawrzyńca,50.051131,19.951064,142,,
ChIJPW7ro0FbFkcRgP1EF-oE_DA,Craftownia,"Św. Wawrzyńca 22, Kraków",50.0504609,19.94937479999999,2,stop_1103_347129,816-02,św. Wawrzyńca,50.051415,19.950829,148,,
ChIJPW7ro0FbFkcRgP1EF-oE_DA,Craftownia,"Św. Wawrzyńca 22, Kraków",50.0504609,19.94937479999999,3,stop_227_36229,815-02,Miodowa,50.05321,19.9489,308,,
ChIJPW7ro0FbFkcRgP1EF-oE_DA,Craftownia,"Św. Wawrzyńca 22, Kraków",50.0504609,19.94937479999999,4,stop_227_36219,815-01,Miodowa,50.053886,19.948108,391,,
ChIJPW7ro0FbFkcRgP1EF-oE_DA,Craftownia,"Św. Wawrzyńca 22, Kraków",50.0504609,19.94937479999999,5,stop_225_36029,820-02,Plac Wolnica,50.048114,19.943448,497,,
ChIJn6OS8DhbFkcRlEMAnNcHAvk,Crazy Pig Kraków,"Kupa 24/2, Kraków",50.0513095,19.9465249,1,stop_227_36229,815-02,Miodowa,50.05321,19.9489,271,,
ChIJn6OS8DhbFkcRlEMAnNcHAvk,Crazy Pig Kraków,"Kupa 24/2, Kraków",50.0513095,19.9465249,2,stop_224_35949,819-04,Stradom,50.050842,19.942415,298,,
ChIJn6OS8DhbFkcRlEMAnNcHAvk,Crazy Pig Kraków,"Kupa 24/2, Kraków",50.0513095,19.9465249,3,stop_1103_347129,816-02,św. Wawrzyńca,50.051415,19.950829,308,,
ChIJn6OS8DhbFkcRlEMAnNcHAvk,Crazy Pig Kraków,"Kupa 24/2, Kraków",50.0513095,19.9465249,4,stop_227_36219,815-01,Miodowa,50.053886,19.948108,308,,
ChIJn6OS8DhbFkcRlEMAnNcHAvk,Crazy Pig Kraków,"Kupa 24/2, Kraków",50.0513095,19.9465249,5,stop_1103_347119,816-01,św. Wawrzyńca,50.051131,19.951064,325,,
ChIJrfJuQpxbFkcRRhTGMr-vWos,Creative Gastronomy,"Zabłocie 35/1, Kraków",50.0497183,19.9635934,1,stop_321_115429,619-02,Zabłocie,50.049951,19.964216,51,,
ChIJrfJuQpxbFkcRRhTGMr-vWos,Creative Gastronomy,"Zabłocie 35/1, Kraków",50.0497183,19.9635934,2,stop_321_115419,619-01,Zabłocie,50.0497,19.965148,111,,
ChIJrfJuQpxbFkcRRhTGMr-vWos,Creative Gastronomy,"Zabłocie 35/1, Kraków",50.0497183,19.9635934,3,stop_316_94619,294-01,Klimeckiego,50.048976,19.967573,296,,
ChIJrfJuQpxbFkcRRhTGMr-vWos,Creative Gastronomy,"Zabłocie 35/1, Kraków",50.0497183,19.9635934,4,stop_316_94629,294-02,Klimeckiego,50.049016,19.967621,298,,
ChIJrfJuQpxbFkcRRhTGMr-vWos,Creative Gastronomy,"Zabłocie 35/1, Kraków",50.0497183,19.9635934,5,stop_278_57029,640-02,Plac Bohaterów Getta,50.046716,19.9551,692,,
ChIJl2OY0NJbFkcRBeloeffOmCc,Crown Piast Hotel & Park Kraków,"Walerego Eljasza-Radzikowskiego 109, Kraków",50.08585309999999,19.8881688,1,stop_1058_345929,,Bronowice SKA,50.081524,19.888593,482,,
ChIJl2OY0NJbFkcRBeloeffOmCc,Crown Piast Hotel & Park Kraków,"Walerego Eljasza-Radzikowskiego 109, Kraków",50.08585309999999,19.8881688,2,stop_1058_345919,,Bronowice SKA,50.081331,19.889698,515,,
ChIJl2OY0NJbFkcRBeloeffOmCc,Crown Piast Hotel & Park Kraków,"Walerego Eljasza-Radzikowskiego 109, Kraków",50.08585309999999,19.8881688,3,stop_212_13519,,Bronowice Małe,50.08179,19.88192,635,,
ChIJl2OY0NJbFkcRBeloeffOmCc,Crown Piast Hotel & Park Kraków,"Walerego Eljasza-Radzikowskiego 109, Kraków",50.08585309999999,19.8881688,4,stop_210_13329,,Wesele,50.079235,19.896704,955,,
ChIJl2OY0NJbFkcRBeloeffOmCc,Crown Piast Hotel & Park Kraków,"Walerego Eljasza-Radzikowskiego 109, Kraków",50.08585309999999,19.8881688,5,stop_210_13319,,Wesele,50.078856,19.897857,1041,,
ChIJkzfDahJbFkcRegGjVHI-gYY,Cybermachina Game Pub - Kraków,"Stolarska 13, Kraków",50.0598726,19.9386894,1,stop_325_136019,821-01,Plac Wszystkich Świętych,50.05912,19.93824,90,,
ChIJkzfDahJbFkcRegGjVHI-gYY,Cybermachina Game Pub - Kraków,"Stolarska 13, Kraków",50.0598726,19.9386894,2,stop_325_136029,821-02,Plac Wszystkich Świętych,50.059113,19.937497,120,,
ChIJkzfDahJbFkcRegGjVHI-gYY,Cybermachina Game Pub - Kraków,"Stolarska 13, Kraków",50.0598726,19.9386894,3,stop_1102_347019,817-01,św. Gertrudy,50.058627,19.940988,215,,
ChIJkzfDahJbFkcRegGjVHI-gYY,Cybermachina Game Pub - Kraków,"Stolarska 13, Kraków",50.0598726,19.9386894,4,stop_1102_347029,817-02,św. Gertrudy,50.058486,19.940838,217,,
ChIJkzfDahJbFkcRegGjVHI-gYY,Cybermachina Game Pub - Kraków,"Stolarska 13, Kraków",50.0598726,19.9386894,5,stop_222_35739,806-03,Poczta Główna,50.059339,19.941821,231,,
ChIJrSH_uA9bFkcRa1QoV9f9lHk,Cyrano wine bar,"Sławkowska 26, Kraków",50.065,19.9383333,1,stop_568_303229,833-02,Stary Kleparz,50.066234,19.938562,138,,
ChIJrSH_uA9bFkcRa1QoV9f9lHk,Cyrano wine bar,"Sławkowska 26, Kraków",50.065,19.9383333,2,stop_568_303219,833-01,Stary Kleparz,50.066314,19.939721,177,,
ChIJrSH_uA9bFkcRa1QoV9f9lHk,Cyrano wine bar,"Sławkowska 26, Kraków",50.065,19.9383333,3,stop_568_303239,833-03,Stary Kleparz,50.06666,19.93895,190,,
ChIJrSH_uA9bFkcRa1QoV9f9lHk,Cyrano wine bar,"Sławkowska 26, Kraków",50.065,19.9383333,4,stop_191_7729,,Teatr Bagatela,50.063806,19.933366,379,,
ChIJrSH_uA9bFkcRa1QoV9f9lHk,Cyrano wine bar,"Sławkowska 26, Kraków",50.065,19.9383333,5,stop_191_7739,,Teatr Bagatela,50.063755,19.932586,433,,
ChIJ1UAKpkFbFkcRkTPqJgynOMY,Czarna Owca • Wino Bar • Kraków Wine Bar,"Dajwór 20/LU6, Kraków",50.05067280000001,19.9496881,1,stop_1103_347119,816-01,św. Wawrzyńca,50.051131,19.951064,111,,
ChIJ1UAKpkFbFkcRkTPqJgynOMY,Czarna Owca • Wino Bar • Kraków Wine Bar,"Dajwór 20/LU6, Kraków",50.05067280000001,19.9496881,2,stop_1103_347129,816-02,św. Wawrzyńca,50.051415,19.950829,116,,
ChIJ1UAKpkFbFkcRkTPqJgynOMY,Czarna Owca • Wino Bar • Kraków Wine Bar,"Dajwór 20/LU6, Kraków",50.05067280000001,19.9496881,3,stop_227_36229,815-02,Miodowa,50.05321,19.9489,288,,
ChIJ1UAKpkFbFkcRkTPqJgynOMY,Czarna Owca • Wino Bar • Kraków Wine Bar,"Dajwór 20/LU6, Kraków",50.05067280000001,19.9496881,4,stop_227_36219,815-01,Miodowa,50.053886,19.948108,375,,
ChIJ1UAKpkFbFkcRkTPqJgynOMY,Czarna Owca • Wino Bar • Kraków Wine Bar,"Dajwór 20/LU6, Kraków",50.05067280000001,19.9496881,5,stop_224_35949,819-04,Stradom,50.050842,19.942415,520,,
ChIJ5QSUxA1bFkcRqelZkN0JdGc,Czeczotka bar,"Świętej Anny 2, Kraków",50.0613526,19.9353136,1,stop_191_7719,,Teatr Bagatela,50.0631,19.932648,272,,
ChIJ5QSUxA1bFkcRqelZkN0JdGc,Czeczotka bar,"Świętej Anny 2, Kraków",50.0613526,19.9353136,2,stop_219_32219,822-01,Filharmonia,50.05903,19.93387,278,,
ChIJ5QSUxA1bFkcRqelZkN0JdGc,Czeczotka bar,"Świętej Anny 2, Kraków",50.0613526,19.9353136,3,stop_219_32239,822-03,Filharmonia,50.05917,19.9331,290,,
ChIJ5QSUxA1bFkcRqelZkN0JdGc,Czeczotka bar,"Świętej Anny 2, Kraków",50.0613526,19.9353136,4,stop_325_136029,821-02,Plac Wszystkich Świętych,50.059113,19.937497,294,,
ChIJ5QSUxA1bFkcRqelZkN0JdGc,Czeczotka bar,"Świętej Anny 2, Kraków",50.0613526,19.9353136,5,stop_191_7729,,Teatr Bagatela,50.063806,19.933366,306,,
ChIJMwmwBgBbFkcRAVHU63LGTww,Dancing bar Kaprys',"Floriańska 32, Kraków",50.0641486,19.9405772,1,stop_568_303219,833-01,Stary Kleparz,50.066314,19.939721,248,,
ChIJMwmwBgBbFkcRAVHU63LGTww,Dancing bar Kaprys',"Floriańska 32, Kraków",50.0641486,19.9405772,2,stop_568_303229,833-02,Stary Kleparz,50.066234,19.938562,273,,
ChIJMwmwBgBbFkcRAVHU63LGTww,Dancing bar Kaprys',"Floriańska 32, Kraków",50.0641486,19.9405772,3,stop_852_324229,801-02,Teatr Słowackiego,50.064792,19.944409,283,,
ChIJMwmwBgBbFkcRAVHU63LGTww,Dancing bar Kaprys',"Floriańska 32, Kraków",50.0641486,19.9405772,4,stop_568_303239,833-03,Stary Kleparz,50.06666,19.93895,302,,
ChIJMwmwBgBbFkcRAVHU63LGTww,Dancing bar Kaprys',"Floriańska 32, Kraków",50.0641486,19.9405772,5,stop_852_324239,801-03,Teatr Słowackiego,50.064192,19.94499,315,,
ChIJi8cTOjFbFkcRvUsuWYfAIZw,Deluxe Hookah,"Aleja Pułkownika Władysława Beliny-Prażmowskiego 2d, Kraków",50.0668957,19.959048,1,stop_203_12559,802-05,Rondo Mogilskie,50.066002,19.958722,102,,
ChIJi8cTOjFbFkcRvUsuWYfAIZw,Deluxe Hookah,"Aleja Pułkownika Władysława Beliny-Prażmowskiego 2d, Kraków",50.0668957,19.959048,2,stop_203_12519,802-01,Rondo Mogilskie,50.065782,19.959639,131,,
ChIJi8cTOjFbFkcRvUsuWYfAIZw,Deluxe Hookah,"Aleja Pułkownika Władysława Beliny-Prażmowskiego 2d, Kraków",50.0668957,19.959048,3,stop_203_12529,802-02,Rondo Mogilskie,50.065759,19.959864,139,,
ChIJi8cTOjFbFkcRvUsuWYfAIZw,Deluxe Hookah,"Aleja Pułkownika Władysława Beliny-Prażmowskiego 2d, Kraków",50.0668957,19.959048,4,stop_203_12549,802-04,Rondo Mogilskie,50.064973,19.959357,215,,
ChIJi8cTOjFbFkcRvUsuWYfAIZw,Deluxe Hookah,"Aleja Pułkownika Władysława Beliny-Prażmowskiego 2d, Kraków",50.0668957,19.959048,5,stop_203_12539,802-03,Rondo Mogilskie,50.064865,19.959303,227,,
ChIJL5ACWBFbFkcR8yMAKa8QHb0,Diament | Billiard Club,"Mikołaja Zyblikiewicza 2, Kraków",50.06058960000001,19.9447339,1,stop_222_35719,806-01,Poczta Główna,50.059797,19.942404,188,,
ChIJL5ACWBFbFkcR8yMAKa8QHb0,Diament | Billiard Club,"Mikołaja Zyblikiewicza 2, Kraków",50.06058960000001,19.9447339,2,stop_222_35729,806-02,Poczta Główna,50.059205,19.942571,218,,
ChIJL5ACWBFbFkcR8yMAKa8QHb0,Diament | Billiard Club,"Mikołaja Zyblikiewicza 2, Kraków",50.06058960000001,19.9447339,3,stop_222_35739,806-03,Poczta Główna,50.059339,19.941821,250,,
ChIJL5ACWBFbFkcR8yMAKa8QHb0,Diament | Billiard Club,"Mikołaja Zyblikiewicza 2, Kraków",50.06058960000001,19.9447339,4,stop_1102_347019,817-01,św. Gertrudy,50.058627,19.940988,345,,
ChIJL5ACWBFbFkcR8yMAKa8QHb0,Diament | Billiard Club,"Mikołaja Zyblikiewicza 2, Kraków",50.06058960000001,19.9447339,5,stop_228_36329,808-02,Hala Targowa,50.058678,19.948657,352,,
ChIJEVMWSWpbFkcRQsdCsmU-ZpY,"Dobra Spółka s.c. Prus M., Żarczyńska M.","Bożego Ciała 9, Kraków",50.0514529,19.943253,1,stop_224_35949,819-04,Stradom,50.050842,19.942415,91,,
ChIJEVMWSWpbFkcRQsdCsmU-ZpY,"Dobra Spółka s.c. Prus M., Żarczyńska M.","Bożego Ciała 9, Kraków",50.0514529,19.943253,2,stop_224_35939,819-03,Stradom,50.052258,19.942061,124,,
ChIJEVMWSWpbFkcRQsdCsmU-ZpY,"Dobra Spółka s.c. Prus M., Żarczyńska M.","Bożego Ciała 9, Kraków",50.0514529,19.943253,3,stop_224_35919,819-01,Stradom,50.05148,19.941337,137,,
ChIJEVMWSWpbFkcRQsdCsmU-ZpY,"Dobra Spółka s.c. Prus M., Żarczyńska M.","Bożego Ciała 9, Kraków",50.0514529,19.943253,4,stop_224_35929,819-02,Stradom,50.052086,19.941166,165,,
ChIJEVMWSWpbFkcRQsdCsmU-ZpY,"Dobra Spółka s.c. Prus M., Żarczyńska M.","Bożego Ciała 9, Kraków",50.0514529,19.943253,5,stop_226_36119,872-01,Orzeszkowej,50.050631,19.938671,340,,
ChIJyyQzLhBbFkcRT1JpiIgtwDY,Dobry Kumpel,"Floriańska 47, Kraków",50.064182,19.94107199999999,1,stop_852_324229,801-02,Teatr Słowackiego,50.064792,19.944409,248,,
ChIJyyQzLhBbFkcRT1JpiIgtwDY,Dobry Kumpel,"Floriańska 47, Kraków",50.064182,19.94107199999999,2,stop_568_303219,833-01,Stary Kleparz,50.066314,19.939721,256,,
ChIJyyQzLhBbFkcRT1JpiIgtwDY,Dobry Kumpel,"Floriańska 47, Kraków",50.064182,19.94107199999999,3,stop_852_324239,801-03,Teatr Słowackiego,50.064192,19.94499,280,,
ChIJyyQzLhBbFkcRT1JpiIgtwDY,Dobry Kumpel,"Floriańska 47, Kraków",50.064182,19.94107199999999,4,stop_568_303229,833-02,Stary Kleparz,50.066234,19.938562,290,,
ChIJyyQzLhBbFkcRT1JpiIgtwDY,Dobry Kumpel,"Floriańska 47, Kraków",50.064182,19.94107199999999,5,stop_852_324249,801-04,Teatr Słowackiego,50.065006,19.94518,307,,
ChIJUxK6mBFbFkcRrIErTuk2cJQ,Dog in the Fog,"Świętego Tomasza 31, Kraków",50.0621099,19.9419646,1,stop_222_35719,806-01,Poczta Główna,50.059797,19.942404,259,,
ChIJUxK6mBFbFkcRrIErTuk2cJQ,Dog in the Fog,"Świętego Tomasza 31, Kraków",50.0621099,19.9419646,2,stop_222_35739,806-03,Poczta Główna,50.059339,19.941821,308,,
ChIJUxK6mBFbFkcRrIErTuk2cJQ,Dog in the Fog,"Świętego Tomasza 31, Kraków",50.0621099,19.9419646,3,stop_852_324239,801-03,Teatr Słowackiego,50.064192,19.94499,317,,
ChIJUxK6mBFbFkcRrIErTuk2cJQ,Dog in the Fog,"Świętego Tomasza 31, Kraków",50.0621099,19.9419646,4,stop_222_35729,806-02,Poczta Główna,50.059205,19.942571,326,,
ChIJUxK6mBFbFkcRrIErTuk2cJQ,Dog in the Fog,"Świętego Tomasza 31, Kraków",50.0621099,19.9419646,5,stop_852_324229,801-02,Teatr Słowackiego,50.064792,19.944409,346,,
ChIJjyto2mpbFkcRXgnzf-fvTPs,Dolce Vita,"Berka Joselewicza 6, Kraków",50.0540709,19.9453753,1,stop_227_36219,815-01,Miodowa,50.053886,19.948108,196,,
ChIJjyto2mpbFkcRXgnzf-fvTPs,Dolce Vita,"Berka Joselewicza 6, Kraków",50.0540709,19.9453753,2,stop_227_36229,815-02,Miodowa,50.05321,19.9489,269,,
ChIJjyto2mpbFkcRXgnzf-fvTPs,Dolce Vita,"Berka Joselewicza 6, Kraków",50.0540709,19.9453753,3,stop_224_35939,819-03,Stradom,50.052258,19.942061,311,,
ChIJjyto2mpbFkcRXgnzf-fvTPs,Dolce Vita,"Berka Joselewicza 6, Kraków",50.0540709,19.9453753,4,stop_223_35829,807-02,Starowiślna,50.05689,19.945029,314,,
ChIJjyto2mpbFkcRXgnzf-fvTPs,Dolce Vita,"Berka Joselewicza 6, Kraków",50.0540709,19.9453753,5,stop_223_35839,807-03,Starowiślna,50.057227,19.946086,355,,
ChIJkxB8tw9bFkcRCucVEcC7wsc,Domowe Przysmaki,"Sławkowska 24A, Kraków",50.06470909999999,19.9381645,1,stop_568_303229,833-02,Stary Kleparz,50.066234,19.938562,172,,
ChIJkxB8tw9bFkcRCucVEcC7wsc,Domowe Przysmaki,"Sławkowska 24A, Kraków",50.06470909999999,19.9381645,2,stop_568_303219,833-01,Stary Kleparz,50.066314,19.939721,210,,
ChIJkxB8tw9bFkcRCucVEcC7wsc,Domowe Przysmaki,"Sławkowska 24A, Kraków",50.06470909999999,19.9381645,3,stop_568_303239,833-03,Stary Kleparz,50.06666,19.93895,224,,
ChIJkxB8tw9bFkcRCucVEcC7wsc,Domowe Przysmaki,"Sławkowska 24A, Kraków",50.06470909999999,19.9381645,4,stop_191_7729,,Teatr Bagatela,50.063806,19.933366,357,,
ChIJkxB8tw9bFkcRCucVEcC7wsc,Domowe Przysmaki,"Sławkowska 24A, Kraków",50.06470909999999,19.9381645,5,stop_191_7739,,Teatr Bagatela,50.063755,19.932586,412,,
ChIJM0mE7GpbFkcREX74DeULQGQ,Domówka Cafe,"Miodowa 28 a, Kraków",50.0531568,19.9458326,1,stop_227_36219,815-01,Miodowa,50.053886,19.948108,182,,
ChIJM0mE7GpbFkcREX74DeULQGQ,Domówka Cafe,"Miodowa 28 a, Kraków",50.0531568,19.9458326,2,stop_227_36229,815-02,Miodowa,50.05321,19.9489,219,,
ChIJM0mE7GpbFkcREX74DeULQGQ,Domówka Cafe,"Miodowa 28 a, Kraków",50.0531568,19.9458326,3,stop_224_35939,819-03,Stradom,50.052258,19.942061,287,,
ChIJM0mE7GpbFkcREX74DeULQGQ,Domówka Cafe,"Miodowa 28 a, Kraków",50.0531568,19.9458326,4,stop_224_35929,819-02,Stradom,50.052086,19.941166,354,,
ChIJM0mE7GpbFkcREX74DeULQGQ,Domówka Cafe,"Miodowa 28 a, Kraków",50.0531568,19.9458326,5,stop_224_35949,819-04,Stradom,50.050842,19.942415,355,,
ChIJKb9OEv1bFkcRIJK6cIP960o,Dragon Tail,"Krakowska 30, Kraków",50.0494679,19.9432758,1,stop_225_36029,820-02,Plac Wolnica,50.048114,19.943448,151,,
ChIJKb9OEv1bFkcRIJK6cIP960o,Dragon Tail,"Krakowska 30, Kraków",50.0494679,19.9432758,2,stop_225_36019,820-01,Plac Wolnica,50.048028,19.943426,160,,
ChIJKb9OEv1bFkcRIJK6cIP960o,Dragon Tail,"Krakowska 30, Kraków",50.0494679,19.9432758,3,stop_224_35949,819-04,Stradom,50.050842,19.942415,165,,
ChIJKb9OEv1bFkcRIJK6cIP960o,Dragon Tail,"Krakowska 30, Kraków",50.0494679,19.9432758,4,stop_224_35919,819-01,Stradom,50.05148,19.941337,263,,
ChIJKb9OEv1bFkcRIJK6cIP960o,Dragon Tail,"Krakowska 30, Kraków",50.0494679,19.9432758,5,stop_224_35939,819-03,Stradom,50.052258,19.942061,322,,
ChIJsbTx7PldFkcRuOCIazXFvto,Drink Bar,"Wacława Lipińskiego 20A, Kraków",50.02725539999999,19.9217245,1,stop_343_268629,528-02,Lipińskiego,50.030738,19.924874,448,,
ChIJsbTx7PldFkcRuOCIazXFvto,Drink Bar,"Wacława Lipińskiego 20A, Kraków",50.02725539999999,19.9217245,2,stop_343_268619,528-01,Lipińskiego,50.030792,19.924804,451,,
ChIJsbTx7PldFkcRuOCIazXFvto,Drink Bar,"Wacława Lipińskiego 20A, Kraków",50.02725539999999,19.9217245,3,stop_344_268729,526-02,Grota-Roweckiego,50.031593,19.921162,484,,
ChIJsbTx7PldFkcRuOCIazXFvto,Drink Bar,"Wacława Lipińskiego 20A, Kraków",50.02725539999999,19.9217245,4,stop_344_268719,526-01,Grota-Roweckiego,50.031867,19.920212,524,,
ChIJsbTx7PldFkcRuOCIazXFvto,Drink Bar,"Wacława Lipińskiego 20A, Kraków",50.02725539999999,19.9217245,5,stop_292_61219,551-01,Borsucza,50.030504,19.928538,606,,
ChIJ9VwwOkRDFkcRsx--ZmvxMSo,Drink Bar UFO,Kraków,50.0134835,19.9725614,1,stop_306_71629,634-02,Piaski Nowe,50.015447,19.971604,229,,
ChIJ9VwwOkRDFkcRsx--ZmvxMSo,Drink Bar UFO,Kraków,50.0134835,19.9725614,2,stop_306_71619,634-01,Piaski Nowe,50.015482,19.971574,233,,
ChIJ9VwwOkRDFkcRsx--ZmvxMSo,Drink Bar UFO,Kraków,50.0134835,19.9725614,3,stop_305_71529,627-02,Nowosądecka,50.013437,19.964684,563,,
ChIJ9VwwOkRDFkcRsx--ZmvxMSo,Drink Bar UFO,Kraków,50.0134835,19.9725614,4,stop_305_71519,627-01,Nowosądecka,50.013455,19.964635,566,,
ChIJ9VwwOkRDFkcRsx--ZmvxMSo,Drink Bar UFO,Kraków,50.0134835,19.9725614,5,stop_299_63219,635-01,Dauna,50.018289,19.977516,641,,
ChIJhfzpdUNbFkcRrSuh3PU7Ux0,Drukarnia Klub,"Nadwiślańska 1, Kraków",50.0461451,19.949151,1,stop_279_57129,556-02,Korona,50.044052,19.947497,261,,
ChIJhfzpdUNbFkcRrSuh3PU7Ux0,Drukarnia Klub,"Nadwiślańska 1, Kraków",50.0461451,19.949151,2,stop_279_57139,556-03,Korona,50.044032,19.94678,290,,
ChIJhfzpdUNbFkcRrSuh3PU7Ux0,Drukarnia Klub,"Nadwiślańska 1, Kraków",50.0461451,19.949151,3,stop_279_57119,556-01,Korona,50.043604,19.946683,333,,
ChIJhfzpdUNbFkcRrSuh3PU7Ux0,Drukarnia Klub,"Nadwiślańska 1, Kraków",50.0461451,19.949151,4,stop_278_57019,640-01,Plac Bohaterów Getta,50.046605,19.955028,423,,
ChIJhfzpdUNbFkcRrSuh3PU7Ux0,Drukarnia Klub,"Nadwiślańska 1, Kraków",50.0461451,19.949151,5,stop_338_56919,641-01,Limanowskiego,50.045136,19.954882,424,,
ChIJf0UYvUFbFkcR4eJIQrpN7hQ,Duffy's Irish Bar,"Św. Wawrzyńca 18, Kraków",50.0503738,19.9488813,1,stop_1103_347119,816-01,św. Wawrzyńca,50.051131,19.951064,177,,
ChIJf0UYvUFbFkcR4eJIQrpN7hQ,Duffy's Irish Bar,"Św. Wawrzyńca 18, Kraków",50.0503738,19.9488813,2,stop_1103_347129,816-02,św. Wawrzyńca,50.051415,19.950829,181,,
ChIJf0UYvUFbFkcR4eJIQrpN7hQ,Duffy's Irish Bar,"Św. Wawrzyńca 18, Kraków",50.0503738,19.9488813,3,stop_227_36229,815-02,Miodowa,50.05321,19.9489,315,,
ChIJf0UYvUFbFkcR4eJIQrpN7hQ,Duffy's Irish Bar,"Św. Wawrzyńca 18, Kraków",50.0503738,19.9488813,4,stop_227_36219,815-01,Miodowa,50.053886,19.948108,394,,
ChIJf0UYvUFbFkcR4eJIQrpN7hQ,Duffy's Irish Bar,"Św. Wawrzyńca 18, Kraków",50.0503738,19.9488813,5,stop_225_36029,820-02,Plac Wolnica,50.048114,19.943448,462,,
ChIJ5WBqYN9bFkcRF163wcpCGeg,DutchPoint Kraków,"Karmelicka 3, Kraków",50.0637822,19.9328255,1,stop_191_7739,,Teatr Bagatela,50.063755,19.932586,17,,
ChIJ5WBqYN9bFkcRF163wcpCGeg,DutchPoint Kraków,"Karmelicka 3, Kraków",50.0637822,19.9328255,2,stop_191_7729,,Teatr Bagatela,50.063806,19.933366,39,,
ChIJ5WBqYN9bFkcRF163wcpCGeg,DutchPoint Kraków,"Karmelicka 3, Kraków",50.0637822,19.9328255,3,stop_191_7719,,Teatr Bagatela,50.0631,19.932648,77,,
ChIJ5WBqYN9bFkcRF163wcpCGeg,DutchPoint Kraków,"Karmelicka 3, Kraków",50.0637822,19.9328255,4,stop_4_8,,Stefana Batorego,50.066586,19.929432,395,,
ChIJ5WBqYN9bFkcRF163wcpCGeg,DutchPoint Kraków,"Karmelicka 3, Kraków",50.0637822,19.9328255,5,stop_4_9,,Stefana Batorego,50.067023,19.928837,459,,
ChIJfd_9CwBFFkcRrod4iOCm_nU,Dworcowapub,"Dworcowa, Kraków",50.03370539999999,19.972879,1,stop_296_62329,644-02,Dworcowa,50.032673,19.971078,172,,
ChIJfd_9CwBFFkcRrod4iOCm_nU,Dworcowapub,"Dworcowa, Kraków",50.03370539999999,19.972879,2,stop_296_62319,644-01,Dworcowa,50.033435,19.970294,187,,
ChIJfd_9CwBFFkcRrod4iOCm_nU,Dworcowapub,"Dworcowa, Kraków",50.03370539999999,19.972879,3,stop_424_287029,470-02,Dworzec Płaszów Estakada,50.033468,19.976946,292,,
ChIJfd_9CwBFFkcRrod4iOCm_nU,Dworcowapub,"Dworcowa, Kraków",50.03370539999999,19.972879,4,stop_424_287019,470-01,Dworzec Płaszów Estakada,50.033556,19.977196,309,,
ChIJfd_9CwBFFkcRrod4iOCm_nU,Dworcowapub,"Dworcowa, Kraków",50.03370539999999,19.972879,5,stop_297_62419,645-01,Kabel,50.027229,19.976567,767,,
ChIJNVhbIQ5bFkcR1eS8CeobANU,Dym Cafe Bar,"Świętego Tomasza 13, Kraków",50.063029,19.9388439,1,stop_568_303229,833-02,Stary Kleparz,50.066234,19.938562,357,,
ChIJNVhbIQ5bFkcR1eS8CeobANU,Dym Cafe Bar,"Świętego Tomasza 13, Kraków",50.063029,19.9388439,2,stop_568_303219,833-01,Stary Kleparz,50.066314,19.939721,371,,
ChIJNVhbIQ5bFkcR1eS8CeobANU,Dym Cafe Bar,"Świętego Tomasza 13, Kraków",50.063029,19.9388439,3,stop_191_7729,,Teatr Bagatela,50.063806,19.933366,400,,
ChIJNVhbIQ5bFkcR1eS8CeobANU,Dym Cafe Bar,"Świętego Tomasza 13, Kraków",50.063029,19.9388439,4,stop_568_303239,833-03,Stary Kleparz,50.06666,19.93895,404,,
ChIJNVhbIQ5bFkcR1eS8CeobANU,Dym Cafe Bar,"Świętego Tomasza 13, Kraków",50.063029,19.9388439,5,stop_325_136019,821-01,Plac Wszystkich Świętych,50.05912,19.93824,437,,
ChIJeXaH8XBbFkcRGzBD2ivHwW4,DymNo,"Tadeusza Kościuszki 19, Kraków",50.0543574,19.9247099,1,stop_216_31929,823-02,Jubilat,50.054999,19.927052,182,,
ChIJeXaH8XBbFkcRGzBD2ivHwW4,DymNo,"Tadeusza Kościuszki 19, Kraków",50.0543574,19.9247099,2,stop_214_31319,300-01,Komorowskiego,50.053451,19.921873,226,,
ChIJeXaH8XBbFkcRGzBD2ivHwW4,DymNo,"Tadeusza Kościuszki 19, Kraków",50.0543574,19.9247099,3,stop_214_31329,300-02,Komorowskiego,50.053384,19.921893,228,,
ChIJeXaH8XBbFkcRGzBD2ivHwW4,DymNo,"Tadeusza Kościuszki 19, Kraków",50.0543574,19.9247099,4,stop_216_31919,823-01,Jubilat,50.055498,19.928109,274,,
ChIJeXaH8XBbFkcRGzBD2ivHwW4,DymNo,"Tadeusza Kościuszki 19, Kraków",50.0543574,19.9247099,5,stop_213_31139,301-03,Salwator,50.05263,19.917407,556,,
ChIJfffMZglbFkcR1evSvkqd5Os,Dynia Resto Bar,"Krupnicza 20, Kraków",50.0633578,19.9291073,1,stop_191_7739,,Teatr Bagatela,50.063755,19.932586,252,,
ChIJfffMZglbFkcR1evSvkqd5Os,Dynia Resto Bar,"Krupnicza 20, Kraków",50.0633578,19.9291073,2,stop_191_7719,,Teatr Bagatela,50.0631,19.932648,254,,
ChIJfffMZglbFkcR1evSvkqd5Os,Dynia Resto Bar,"Krupnicza 20, Kraków",50.0633578,19.9291073,3,stop_191_7729,,Teatr Bagatela,50.063806,19.933366,308,,
ChIJfffMZglbFkcR1evSvkqd5Os,Dynia Resto Bar,"Krupnicza 20, Kraków",50.0633578,19.9291073,4,stop_4_8,,Stefana Batorego,50.066586,19.929432,360,,
ChIJfffMZglbFkcR1evSvkqd5Os,Dynia Resto Bar,"Krupnicza 20, Kraków",50.0633578,19.9291073,5,stop_4_9,,Stefana Batorego,50.067023,19.928837,408,,
ChIJh-jSjtZbFkcRM-vvXJcp52Y,Dzikie Wino Na Kleparzu,"Rynek Kleparski 20, Kraków",50.0678157,19.9416232,1,stop_568_303219,833-01,Stary Kleparz,50.066314,19.939721,215,,
ChIJh-jSjtZbFkcRM-vvXJcp52Y,Dzikie Wino Na Kleparzu,"Rynek Kleparski 20, Kraków",50.0678157,19.9416232,2,stop_568_303239,833-03,Stary Kleparz,50.06666,19.93895,230,,
ChIJh-jSjtZbFkcRM-vvXJcp52Y,Dzikie Wino Na Kleparzu,"Rynek Kleparski 20, Kraków",50.0678157,19.9416232,3,stop_335_260819,760-01,Dworzec Główny Zachód,50.06783,19.945354,266,,
ChIJh-jSjtZbFkcRM-vvXJcp52Y,Dzikie Wino Na Kleparzu,"Rynek Kleparski 20, Kraków",50.0678157,19.9416232,4,stop_335_260829,760-02,Dworzec Główny Zachód,50.067827,19.945408,270,,
ChIJh-jSjtZbFkcRM-vvXJcp52Y,Dzikie Wino Na Kleparzu,"Rynek Kleparski 20, Kraków",50.0678157,19.9416232,5,stop_568_303229,833-02,Stary Kleparz,50.066234,19.938562,280,,
ChIJSdwas6RbFkcRkLswk4upqPY,Dzikie Wino Wine Bar,"Rynek Główny 27, Kraków",50.0616946,19.9350947,1,stop_191_7719,,Teatr Bagatela,50.0631,19.932648,234,,
ChIJSdwas6RbFkcRkLswk4upqPY,Dzikie Wino Wine Bar,"Rynek Główny 27, Kraków",50.0616946,19.9350947,2,stop_191_7729,,Teatr Bagatela,50.063806,19.933366,265,,
ChIJSdwas6RbFkcRkLswk4upqPY,Dzikie Wino Wine Bar,"Rynek Główny 27, Kraków",50.0616946,19.9350947,3,stop_191_7739,,Teatr Bagatela,50.063755,19.932586,291,,
ChIJSdwas6RbFkcRkLswk4upqPY,Dzikie Wino Wine Bar,"Rynek Główny 27, Kraków",50.0616946,19.9350947,4,stop_219_32219,822-01,Filharmonia,50.05903,19.93387,309,,
ChIJSdwas6RbFkcRkLswk4upqPY,Dzikie Wino Wine Bar,"Rynek Główny 27, Kraków",50.0616946,19.9350947,5,stop_219_32239,822-03,Filharmonia,50.05917,19.9331,315,,
ChIJVVWRzQZbFkcRso9mEDO6Sb0,Długa 80,"Długa 80, Kraków",50.0725115,19.9351581,1,stop_187_7129,835-02,Nowy Kleparz,50.073508,19.936452,144,,
ChIJVVWRzQZbFkcRso9mEDO6Sb0,Długa 80,"Długa 80, Kraków",50.0725115,19.9351581,2,stop_187_7119,835-01,Nowy Kleparz,50.07349,19.93663,151,,
ChIJVVWRzQZbFkcRso9mEDO6Sb0,Długa 80,"Długa 80, Kraków",50.0725115,19.9351581,3,stop_188_7219,834-01,Pędzichów,50.069678,19.937536,358,,
ChIJVVWRzQZbFkcRso9mEDO6Sb0,Długa 80,"Długa 80, Kraków",50.0725115,19.9351581,4,stop_188_7229,834-02,Pędzichów,50.069646,19.937499,360,,
ChIJVVWRzQZbFkcRso9mEDO6Sb0,Długa 80,"Długa 80, Kraków",50.0725115,19.9351581,5,stop_186_7039,381-03,Dworzec Towarowy,50.074994,19.93968,425,,
ChIJURAY0aJbFkcRZfYBLEJtt-I,Eagle Shisha Bar,"Karmelicka 40, Kraków",50.0664729,19.929198,1,stop_4_8,,Stefana Batorego,50.066586,19.929432,21,,
ChIJURAY0aJbFkcRZfYBLEJtt-I,Eagle Shisha Bar,"Karmelicka 40, Kraków",50.0664729,19.929198,2,stop_4_9,,Stefana Batorego,50.067023,19.928837,66,,
ChIJURAY0aJbFkcRZfYBLEJtt-I,Eagle Shisha Bar,"Karmelicka 40, Kraków",50.0664729,19.929198,3,stop_193_7919,,Plac Inwalidów,50.068728,19.926981,297,,
ChIJURAY0aJbFkcRZfYBLEJtt-I,Eagle Shisha Bar,"Karmelicka 40, Kraków",50.0664729,19.929198,4,stop_191_7739,,Teatr Bagatela,50.063755,19.932586,387,,
ChIJURAY0aJbFkcRZfYBLEJtt-I,Eagle Shisha Bar,"Karmelicka 40, Kraków",50.0664729,19.929198,5,stop_193_7929,,Plac Inwalidów,50.069585,19.925897,419,,
ChIJ8UjsYbpbFkcRrgGNYFg9vu8,Easy Cafe,"Przy Rondzie 2, Kraków",50.0651242,19.9607193,1,stop_203_12529,802-02,Rondo Mogilskie,50.065759,19.959864,93,,
ChIJ8UjsYbpbFkcRrgGNYFg9vu8,Easy Cafe,"Przy Rondzie 2, Kraków",50.0651242,19.9607193,2,stop_203_12549,802-04,Rondo Mogilskie,50.064973,19.959357,99,,
ChIJ8UjsYbpbFkcRrgGNYFg9vu8,Easy Cafe,"Przy Rondzie 2, Kraków",50.0651242,19.9607193,3,stop_203_12539,802-03,Rondo Mogilskie,50.064865,19.959303,105,,
ChIJ8UjsYbpbFkcRrgGNYFg9vu8,Easy Cafe,"Przy Rondzie 2, Kraków",50.0651242,19.9607193,4,stop_203_12519,802-01,Rondo Mogilskie,50.065782,19.959639,106,,
ChIJ8UjsYbpbFkcRrgGNYFg9vu8,Easy Cafe,"Przy Rondzie 2, Kraków",50.0651242,19.9607193,5,stop_203_12559,802-05,Rondo Mogilskie,50.066002,19.958722,173,,
ChIJ95sWr29bFkcR5cZIgDxUlMk,Egon 2.0 - Pub / Drink Bar,"Urzędnicza 26, Kraków",50.06987399999999,19.9182017,1,stop_194_8329,,Urzędnicza,50.071957,19.91925,243,,
ChIJ95sWr29bFkcR5cZIgDxUlMk,Egon 2.0 - Pub / Drink Bar,"Urzędnicza 26, Kraków",50.06987399999999,19.9182017,2,stop_194_8319,,Urzędnicza,50.071879,19.919754,249,,
ChIJ95sWr29bFkcR5cZIgDxUlMk,Egon 2.0 - Pub / Drink Bar,"Urzędnicza 26, Kraków",50.06987399999999,19.9182017,3,stop_195_8419,,Biprostal,50.072862,19.916075,365,,
ChIJ95sWr29bFkcR5cZIgDxUlMk,Egon 2.0 - Pub / Drink Bar,"Urzędnicza 26, Kraków",50.06987399999999,19.9182017,4,stop_195_8429,,Biprostal,50.07309,19.915045,423,,
ChIJ95sWr29bFkcR5cZIgDxUlMk,Egon 2.0 - Pub / Drink Bar,"Urzędnicza 26, Kraków",50.06987399999999,19.9182017,5,stop_193_7929,,Plac Inwalidów,50.069585,19.925897,550,,
ChIJk04MWBJbFkcRQeD9fIXQoSs,Empire Of Cocktails,"Bożego Ciała 5, Kraków",50.051775,19.943121,1,stop_224_35939,819-03,Stradom,50.052258,19.942061,93,,
ChIJk04MWBJbFkcRQeD9fIXQoSs,Empire Of Cocktails,"Bożego Ciała 5, Kraków",50.051775,19.943121,2,stop_224_35949,819-04,Stradom,50.050842,19.942415,115,,
ChIJk04MWBJbFkcRQeD9fIXQoSs,Empire Of Cocktails,"Bożego Ciała 5, Kraków",50.051775,19.943121,3,stop_224_35919,819-01,Stradom,50.05148,19.941337,132,,
ChIJk04MWBJbFkcRQeD9fIXQoSs,Empire Of Cocktails,"Bożego Ciała 5, Kraków",50.051775,19.943121,4,stop_224_35929,819-02,Stradom,50.052086,19.941166,144,,
ChIJk04MWBJbFkcRQeD9fIXQoSs,Empire Of Cocktails,"Bożego Ciała 5, Kraków",50.051775,19.943121,5,stop_226_36119,872-01,Orzeszkowej,50.050631,19.938671,342,,
ChIJU1HGgxFbFkcRMKDqHC-JE8c,English Football Club,"Mikołajska 5, Kraków",50.061267,19.9414235,1,stop_222_35719,806-01,Poczta Główna,50.059797,19.942404,178,,
ChIJU1HGgxFbFkcRMKDqHC-JE8c,English Football Club,"Mikołajska 5, Kraków",50.061267,19.9414235,2,stop_222_35739,806-03,Poczta Główna,50.059339,19.941821,216,,
ChIJU1HGgxFbFkcRMKDqHC-JE8c,English Football Club,"Mikołajska 5, Kraków",50.061267,19.9414235,3,stop_222_35729,806-02,Poczta Główna,50.059205,19.942571,243,,
ChIJU1HGgxFbFkcRMKDqHC-JE8c,English Football Club,"Mikołajska 5, Kraków",50.061267,19.9414235,4,stop_1102_347019,817-01,św. Gertrudy,50.058627,19.940988,295,,
ChIJU1HGgxFbFkcRMKDqHC-JE8c,English Football Club,"Mikołajska 5, Kraków",50.061267,19.9414235,5,stop_1102_347029,817-02,św. Gertrudy,50.058486,19.940838,312,,
ChIJl0LmX2pbFkcRlrMsxlUyQTM,Entropia,"Warszauera 1, Kraków",50.05211659999999,19.9452445,1,stop_224_35939,819-03,Stradom,50.052258,19.942061,228,,
ChIJl0LmX2pbFkcRlrMsxlUyQTM,Entropia,"Warszauera 1, Kraków",50.05211659999999,19.9452445,2,stop_224_35949,819-04,Stradom,50.050842,19.942415,247,,
ChIJl0LmX2pbFkcRlrMsxlUyQTM,Entropia,"Warszauera 1, Kraków",50.05211659999999,19.9452445,3,stop_227_36219,815-01,Miodowa,50.053886,19.948108,284,,
ChIJl0LmX2pbFkcRlrMsxlUyQTM,Entropia,"Warszauera 1, Kraków",50.05211659999999,19.9452445,4,stop_224_35919,819-01,Stradom,50.05148,19.941337,288,,
ChIJl0LmX2pbFkcRlrMsxlUyQTM,Entropia,"Warszauera 1, Kraków",50.05211659999999,19.9452445,5,stop_227_36229,815-02,Miodowa,50.05321,19.9489,288,,
ChIJDzChUgdbFkcR62Zt2kmq7zI,Era Lounge (18+),"Jana Zamoyskiego 79A, Kraków",50.0364586,19.9416942,1,stop_290_61019,558-01,Rondo Matecznego,50.036959,19.940795,85,,
ChIJDzChUgdbFkcR62Zt2kmq7zI,Era Lounge (18+),"Jana Zamoyskiego 79A, Kraków",50.0364586,19.9416942,2,stop_290_61029,558-02,Rondo Matecznego,50.035927,19.940363,112,,
ChIJDzChUgdbFkcR62Zt2kmq7zI,Era Lounge (18+),"Jana Zamoyskiego 79A, Kraków",50.0364586,19.9416942,3,stop_291_61119,559-01,Rzemieślnicza,50.033644,19.938697,379,,
ChIJDzChUgdbFkcR62Zt2kmq7zI,Era Lounge (18+),"Jana Zamoyskiego 79A, Kraków",50.0364586,19.9416942,4,stop_291_61129,559-02,Rzemieślnicza,50.03295,19.938389,456,,
ChIJDzChUgdbFkcR62Zt2kmq7zI,Era Lounge (18+),"Jana Zamoyskiego 79A, Kraków",50.0364586,19.9416942,5,stop_280_57219,557-01,Smolki,50.041496,19.943119,569,,
ChIJsVw0d1ZbFkcRhhwihbUJjWc,Ermitaż 2 Restauracja,"Józefa Dietla 75, Kraków",50.0548316,19.9446431,1,stop_223_35829,807-02,Starowiślna,50.05689,19.945029,231,,
ChIJsVw0d1ZbFkcRhhwihbUJjWc,Ermitaż 2 Restauracja,"Józefa Dietla 75, Kraków",50.0548316,19.9446431,2,stop_227_36219,815-01,Miodowa,50.053886,19.948108,269,,
ChIJsVw0d1ZbFkcRhhwihbUJjWc,Ermitaż 2 Restauracja,"Józefa Dietla 75, Kraków",50.0548316,19.9446431,3,stop_223_35819,807-01,Starowiślna,50.05731,19.94455,276,,
ChIJsVw0d1ZbFkcRhhwihbUJjWc,Ermitaż 2 Restauracja,"Józefa Dietla 75, Kraków",50.0548316,19.9446431,4,stop_223_35839,807-03,Starowiślna,50.057227,19.946086,286,,
ChIJsVw0d1ZbFkcRhhwihbUJjWc,Ermitaż 2 Restauracja,"Józefa Dietla 75, Kraków",50.0548316,19.9446431,5,stop_223_35849,807-04,Starowiślna,50.057262,19.946032,288,,
ChIJM0mJW31bFkcR5qV206XM8v8,Eszeweria,"Józefa 9, Kraków",50.0505691,19.9445711,1,stop_224_35949,819-04,Stradom,50.050842,19.942415,157,,
ChIJM0mJW31bFkcR5qV206XM8v8,Eszeweria,"Józefa 9, Kraków",50.0505691,19.9445711,2,stop_224_35919,819-01,Stradom,50.05148,19.941337,252,,
ChIJM0mJW31bFkcR5qV206XM8v8,Eszeweria,"Józefa 9, Kraków",50.0505691,19.9445711,3,stop_224_35939,819-03,Stradom,50.052258,19.942061,260,,
ChIJM0mJW31bFkcR5qV206XM8v8,Eszeweria,"Józefa 9, Kraków",50.0505691,19.9445711,4,stop_225_36029,820-02,Plac Wolnica,50.048114,19.943448,285,,
ChIJM0mJW31bFkcR5qV206XM8v8,Eszeweria,"Józefa 9, Kraków",50.0505691,19.9445711,5,stop_225_36019,820-01,Plac Wolnica,50.048028,19.943426,294,,
ChIJB3nrzm9bFkcRObSKqdHdPPQ,FABRYCZNA 13 BAR,"Fabryczna 13, Kraków",50.0633244,19.972953,1,stop_232_36829,812-02,Fabryczna,50.060251,19.971272,362,,
ChIJB3nrzm9bFkcRObSKqdHdPPQ,FABRYCZNA 13 BAR,"Fabryczna 13, Kraków",50.0633244,19.972953,2,stop_232_36819,812-01,Fabryczna,50.060437,19.970172,377,,
ChIJB3nrzm9bFkcRObSKqdHdPPQ,FABRYCZNA 13 BAR,"Fabryczna 13, Kraków",50.0633244,19.972953,3,stop_207_12919,803-01,Cystersów,50.066523,19.970519,396,,
ChIJB3nrzm9bFkcRObSKqdHdPPQ,FABRYCZNA 13 BAR,"Fabryczna 13, Kraków",50.0633244,19.972953,4,stop_207_12929,803-02,Cystersów,50.06654,19.969149,449,,
ChIJB3nrzm9bFkcRObSKqdHdPPQ,FABRYCZNA 13 BAR,"Fabryczna 13, Kraków",50.0633244,19.972953,5,stop_233_36929,813-02,Ofiar Dąbia,50.059629,19.976271,474,,
ChIJncssflFaFkcR6Q3Du-hGhi4,FHU PROMIL Dzień A.,"Rusznikarska 4A, Kraków",50.0849392,19.9272529,1,stop_183_6129,383-02,Bratysławska,50.084645,19.933583,453,,
ChIJncssflFaFkcR6Q3Du-hGhi4,FHU PROMIL Dzień A.,"Rusznikarska 4A, Kraków",50.0849392,19.9272529,2,stop_183_6119,383-01,Bratysławska,50.08373,19.93416,511,,
ChIJncssflFaFkcR6Q3Du-hGhi4,FHU PROMIL Dzień A.,"Rusznikarska 4A, Kraków",50.0849392,19.9272529,3,stop_1486_372429,410-02,Krowodrza Górka P+R,50.088752,19.93274,577,,
ChIJncssflFaFkcR6Q3Du-hGhi4,FHU PROMIL Dzień A.,"Rusznikarska 4A, Kraków",50.0849392,19.9272529,4,stop_1486_372439,410-03,Krowodrza Górka P+R,50.089389,19.93163,585,,
ChIJncssflFaFkcR6Q3Du-hGhi4,FHU PROMIL Dzień A.,"Rusznikarska 4A, Kraków",50.0849392,19.9272529,5,stop_1486_372419,410-01,Krowodrza Górka P+R,50.088958,19.932816,598,,
ChIJJWx2u_VbFkcRY4a-oGzOQ3o,Fabryczna 13,"Fabryczna 13, Kraków",50.0625657,19.9735542,1,stop_232_36829,812-02,Fabryczna,50.060251,19.971272,305,,
ChIJJWx2u_VbFkcRY4a-oGzOQ3o,Fabryczna 13,"Fabryczna 13, Kraków",50.0625657,19.9735542,2,stop_232_36819,812-01,Fabryczna,50.060437,19.970172,338,,
ChIJJWx2u_VbFkcRY4a-oGzOQ3o,Fabryczna 13,"Fabryczna 13, Kraków",50.0625657,19.9735542,3,stop_233_36929,813-02,Ofiar Dąbia,50.059629,19.976271,380,,
ChIJJWx2u_VbFkcRY4a-oGzOQ3o,Fabryczna 13,"Fabryczna 13, Kraków",50.0625657,19.9735542,4,stop_233_36919,813-01,Ofiar Dąbia,50.05959,19.976363,387,,
ChIJJWx2u_VbFkcRY4a-oGzOQ3o,Fabryczna 13,"Fabryczna 13, Kraków",50.0625657,19.9735542,5,stop_234_37029,814-02,Dąbie,50.060709,19.979012,441,,
ChIJ1zaa4utbFkcRX0DhH3CLVdM,Fala Kraków Restauracja,"Marii Konopnickiej 29, Kraków",50.04596569999999,19.9337586,1,stop_957_333829,501-02,Rondo Grunwaldzkie,50.048605,19.931155,347,,
ChIJ1zaa4utbFkcRX0DhH3CLVdM,Fala Kraków Restauracja,"Marii Konopnickiej 29, Kraków",50.04596569999999,19.9337586,2,stop_957_333819,501-01,Rondo Grunwaldzkie,50.048567,19.930917,353,,
ChIJ1zaa4utbFkcRX0DhH3CLVdM,Fala Kraków Restauracja,"Marii Konopnickiej 29, Kraków",50.04596569999999,19.9337586,3,stop_282_57529,522-02,Szwedzka,50.046744,19.925484,597,,
ChIJ1zaa4utbFkcRX0DhH3CLVdM,Fala Kraków Restauracja,"Marii Konopnickiej 29, Kraków",50.04596569999999,19.9337586,4,stop_226_36129,872-02,Orzeszkowej,50.050546,19.938251,602,,
ChIJ1zaa4utbFkcRX0DhH3CLVdM,Fala Kraków Restauracja,"Marii Konopnickiej 29, Kraków",50.04596569999999,19.9337586,5,stop_282_57519,522-01,Szwedzka,50.046721,19.925299,610,,
ChIJK3zxKwBFFkcRcOqmu_6GI6U,Família Brazilian Bar,"Świętego Tomasza 31, Kraków",50.0621099,19.9419646,1,stop_222_35719,806-01,Poczta Główna,50.059797,19.942404,259,,
ChIJK3zxKwBFFkcRcOqmu_6GI6U,Família Brazilian Bar,"Świętego Tomasza 31, Kraków",50.0621099,19.9419646,2,stop_222_35739,806-03,Poczta Główna,50.059339,19.941821,308,,
ChIJK3zxKwBFFkcRcOqmu_6GI6U,Família Brazilian Bar,"Świętego Tomasza 31, Kraków",50.0621099,19.9419646,3,stop_852_324239,801-03,Teatr Słowackiego,50.064192,19.94499,317,,
ChIJK3zxKwBFFkcRcOqmu_6GI6U,Família Brazilian Bar,"Świętego Tomasza 31, Kraków",50.0621099,19.9419646,4,stop_222_35729,806-02,Poczta Główna,50.059205,19.942571,326,,
ChIJK3zxKwBFFkcRcOqmu_6GI6U,Família Brazilian Bar,"Świętego Tomasza 31, Kraków",50.0621099,19.9419646,5,stop_852_324229,801-02,Teatr Słowackiego,50.064792,19.944409,346,,
ChIJkXUI3yBbFkcRHxn79jS-ZEA,Fast Beer,"Andrzeja Zauchy 7, Kraków",50.1008667,19.9539914,1,stop_1494_373129,421-02,Papierni Prądnickich,50.10163,19.9573,251,,
ChIJkXUI3yBbFkcRHxn79jS-ZEA,Fast Beer,"Andrzeja Zauchy 7, Kraków",50.1008667,19.9539914,2,stop_1494_373119,421-01,Papierni Prądnickich,50.1019,19.95743,271,,
ChIJkXUI3yBbFkcRHxn79jS-ZEA,Fast Beer,"Andrzeja Zauchy 7, Kraków",50.1008667,19.9539914,3,stop_1492_372619,448-02,Kuźnicy Kołłątajowskiej,50.09801,19.9561,351,,
ChIJkXUI3yBbFkcRHxn79jS-ZEA,Fast Beer,"Andrzeja Zauchy 7, Kraków",50.1008667,19.9539914,4,stop_1492_372629,448-01,Kuźnicy Kołłątajowskiej,50.09766,19.95603,385,,
ChIJkXUI3yBbFkcRHxn79jS-ZEA,Fast Beer,"Andrzeja Zauchy 7, Kraków",50.1008667,19.9539914,5,stop_1493_373029,421-01,Bociana,50.09514,19.95394,637,,
ChIJX3AlA0pdFkcREKQK-eW-050,Fast Food Corner & Kebab,"Karola Bunscha 8/1, Kraków",50.0166641,19.8860765,1,stop_572_303819,293-01,Czerwone Maki P+R,50.017986,19.889106,262,,
ChIJX3AlA0pdFkcREKQK-eW-050,Fast Food Corner & Kebab,"Karola Bunscha 8/1, Kraków",50.0166641,19.8860765,2,stop_11_22,292-01,Kampus UP JP II,50.020377,19.897505,915,,
ChIJX3AlA0pdFkcREKQK-eW-050,Fast Food Corner & Kebab,"Karola Bunscha 8/1, Kraków",50.0166641,19.8860765,3,stop_11_23,292-02,Kampus UP JP II,50.020825,19.898122,977,,
ChIJX3AlA0pdFkcREKQK-eW-050,Fast Food Corner & Kebab,"Karola Bunscha 8/1, Kraków",50.0166641,19.8860765,4,stop_346_269019,291-01,Kampus UJ,50.024044,19.901485,1373,,
ChIJX3AlA0pdFkcREKQK-eW-050,Fast Food Corner & Kebab,"Karola Bunscha 8/1, Kraków",50.0166641,19.8860765,5,stop_346_269029,291-02,Kampus UJ,50.024685,19.901995,1445,,
ChIJA0yPqThbFkcR9qhyHbSNKbU,Feel The Chill,"Podgórska 34, Kraków",50.0539127,19.9551893,1,stop_1103_347129,816-02,św. Wawrzyńca,50.051415,19.950829,417,,
ChIJA0yPqThbFkcR9qhyHbSNKbU,Feel The Chill,"Podgórska 34, Kraków",50.0539127,19.9551893,2,stop_230_36549,809-04,Rondo Grzegórzeckie,50.056894,19.958941,426,,
ChIJA0yPqThbFkcR9qhyHbSNKbU,Feel The Chill,"Podgórska 34, Kraków",50.0539127,19.9551893,3,stop_1103_347119,816-01,św. Wawrzyńca,50.051131,19.951064,427,,
ChIJA0yPqThbFkcR9qhyHbSNKbU,Feel The Chill,"Podgórska 34, Kraków",50.0539127,19.9551893,4,stop_230_36529,809-02,Rondo Grzegórzeckie,50.057558,19.957748,445,,
ChIJA0yPqThbFkcR9qhyHbSNKbU,Feel The Chill,"Podgórska 34, Kraków",50.0539127,19.9551893,5,stop_227_36229,815-02,Miodowa,50.05321,19.9489,456,,
ChIJm1x9texbFkcRE31Hzdr8t4A,Ferment,"Lubicz 40, Kraków",50.0654729,19.9538903,1,stop_204_12619,851-01,Lubicz,50.065186,19.952104,131,,
ChIJm1x9texbFkcRE31Hzdr8t4A,Ferment,"Lubicz 40, Kraków",50.0654729,19.9538903,2,stop_204_12639,851-03,Lubicz,50.065436,19.951621,162,,
ChIJm1x9texbFkcRE31Hzdr8t4A,Ferment,"Lubicz 40, Kraków",50.0654729,19.9538903,3,stop_204_12629,851-02,Lubicz,50.065046,19.951094,205,,
ChIJm1x9texbFkcRE31Hzdr8t4A,Ferment,"Lubicz 40, Kraków",50.0654729,19.9538903,4,stop_205_12719,852-01,Uniwersytet Ekonomiczny,50.067608,19.952235,265,,
ChIJm1x9texbFkcRE31Hzdr8t4A,Ferment,"Lubicz 40, Kraków",50.0654729,19.9538903,5,stop_205_12729,852-02,Uniwersytet Ekonomiczny,50.068328,19.952638,330,,
ChIJZYL7_AZbFkcRbvSaD64wXXw,Filini Restaurant & Bar,"Aleksandra Lubomirskiego 16, Kraków",50.06739229999999,19.9575523,1,stop_203_12559,802-05,Rondo Mogilskie,50.066002,19.958722,176,,
ChIJZYL7_AZbFkcRbvSaD64wXXw,Filini Restaurant & Bar,"Aleksandra Lubomirskiego 16, Kraków",50.06739229999999,19.9575523,2,stop_203_12519,802-01,Rondo Mogilskie,50.065782,19.959639,233,,
ChIJZYL7_AZbFkcRbvSaD64wXXw,Filini Restaurant & Bar,"Aleksandra Lubomirskiego 16, Kraków",50.06739229999999,19.9575523,3,stop_203_12529,802-02,Rondo Mogilskie,50.065759,19.959864,245,,
ChIJZYL7_AZbFkcRbvSaD64wXXw,Filini Restaurant & Bar,"Aleksandra Lubomirskiego 16, Kraków",50.06739229999999,19.9575523,4,stop_203_12549,802-04,Rondo Mogilskie,50.064973,19.959357,298,,
ChIJZYL7_AZbFkcRbvSaD64wXXw,Filini Restaurant & Bar,"Aleksandra Lubomirskiego 16, Kraków",50.06739229999999,19.9575523,5,stop_203_12539,802-03,Rondo Mogilskie,50.064865,19.959303,308,,
ChIJm8py1mxbFkcRG5vyyb45KXA,Fiorentina,"Grodzka 63, Kraków",50.0559465,19.9381659,1,stop_221_32519,818-01,Wawel,50.05449,19.93963,193,,
ChIJm8py1mxbFkcRG5vyyb45KXA,Fiorentina,"Grodzka 63, Kraków",50.0559465,19.9381659,2,stop_221_32529,818-02,Wawel,50.054344,19.939404,199,,
ChIJm8py1mxbFkcRG5vyyb45KXA,Fiorentina,"Grodzka 63, Kraków",50.0559465,19.9381659,3,stop_1102_347029,817-02,św. Gertrudy,50.058486,19.940838,341,,
ChIJm8py1mxbFkcRG5vyyb45KXA,Fiorentina,"Grodzka 63, Kraków",50.0559465,19.9381659,4,stop_325_136019,821-01,Plac Wszystkich Świętych,50.05912,19.93824,353,,
ChIJm8py1mxbFkcRG5vyyb45KXA,Fiorentina,"Grodzka 63, Kraków",50.0559465,19.9381659,5,stop_325_136029,821-02,Plac Wszystkich Świętych,50.059113,19.937497,355,,
ChIJIZeutkhbFkcR94qcL8mSHyQ,Fiu Fiu Bistro,"Rynek Kleparski 20/52, Kraków",50.067231,19.9409868,1,stop_568_303219,833-01,Stary Kleparz,50.066314,19.939721,136,,
ChIJIZeutkhbFkcR94qcL8mSHyQ,Fiu Fiu Bistro,"Rynek Kleparski 20/52, Kraków",50.067231,19.9409868,2,stop_568_303239,833-03,Stary Kleparz,50.06666,19.93895,159,,
ChIJIZeutkhbFkcR94qcL8mSHyQ,Fiu Fiu Bistro,"Rynek Kleparski 20/52, Kraków",50.067231,19.9409868,3,stop_568_303229,833-02,Stary Kleparz,50.066234,19.938562,206,,
ChIJIZeutkhbFkcR94qcL8mSHyQ,Fiu Fiu Bistro,"Rynek Kleparski 20/52, Kraków",50.067231,19.9409868,4,stop_335_260819,760-01,Dworzec Główny Zachód,50.06783,19.945354,319,,
ChIJIZeutkhbFkcR94qcL8mSHyQ,Fiu Fiu Bistro,"Rynek Kleparski 20/52, Kraków",50.067231,19.9409868,5,stop_335_260829,760-02,Dworzec Główny Zachód,50.067827,19.945408,322,,
ChIJk_v9kqpbFkcRtYhEL4A_5o8,Flow Bar Kazimierz,"Miodowa 39/1, Kraków",50.053261,19.9472579,1,stop_227_36219,815-01,Miodowa,50.053886,19.948108,92,,
ChIJk_v9kqpbFkcRtYhEL4A_5o8,Flow Bar Kazimierz,"Miodowa 39/1, Kraków",50.053261,19.9472579,2,stop_227_36229,815-02,Miodowa,50.05321,19.9489,117,,
ChIJk_v9kqpbFkcRtYhEL4A_5o8,Flow Bar Kazimierz,"Miodowa 39/1, Kraków",50.053261,19.9472579,3,stop_1103_347129,816-02,św. Wawrzyńca,50.051415,19.950829,327,,
ChIJk_v9kqpbFkcRtYhEL4A_5o8,Flow Bar Kazimierz,"Miodowa 39/1, Kraków",50.053261,19.9472579,4,stop_1103_347119,816-01,św. Wawrzyńca,50.051131,19.951064,360,,
ChIJk_v9kqpbFkcRtYhEL4A_5o8,Flow Bar Kazimierz,"Miodowa 39/1, Kraków",50.053261,19.9472579,5,stop_224_35939,819-03,Stradom,50.052258,19.942061,387,,
ChIJBQtQDWxbFkcReUSwnhkIHjU,Fog House Pub & Grill,"Koletek 11, Kraków",50.05223540000001,19.9382007,1,stop_226_36119,872-01,Orzeszkowej,50.050631,19.938671,182,,
ChIJBQtQDWxbFkcReUSwnhkIHjU,Fog House Pub & Grill,"Koletek 11, Kraków",50.05223540000001,19.9382007,2,stop_226_36129,872-02,Orzeszkowej,50.050546,19.938251,188,,
ChIJBQtQDWxbFkcReUSwnhkIHjU,Fog House Pub & Grill,"Koletek 11, Kraków",50.05223540000001,19.9382007,3,stop_224_35929,819-02,Stradom,50.052086,19.941166,212,,
ChIJBQtQDWxbFkcReUSwnhkIHjU,Fog House Pub & Grill,"Koletek 11, Kraków",50.05223540000001,19.9382007,4,stop_224_35919,819-01,Stradom,50.05148,19.941337,239,,
ChIJBQtQDWxbFkcReUSwnhkIHjU,Fog House Pub & Grill,"Koletek 11, Kraków",50.05223540000001,19.9382007,5,stop_221_32529,818-02,Wawel,50.054344,19.939404,250,,
ChIJEXR-pVRbFkcRU99V7UxGRmM,Foggy Krakow Shisha Lounge Bar Karaoke & Sushi,"Świętego Jana 30, Kraków",50.0646183,19.9395405,1,stop_568_303219,833-01,Stary Kleparz,50.066314,19.939721,189,,
ChIJEXR-pVRbFkcRU99V7UxGRmM,Foggy Krakow Shisha Lounge Bar Karaoke & Sushi,"Świętego Jana 30, Kraków",50.0646183,19.9395405,2,stop_568_303229,833-02,Stary Kleparz,50.066234,19.938562,193,,
ChIJEXR-pVRbFkcRU99V7UxGRmM,Foggy Krakow Shisha Lounge Bar Karaoke & Sushi,"Świętego Jana 30, Kraków",50.0646183,19.9395405,3,stop_568_303239,833-03,Stary Kleparz,50.06666,19.93895,231,,
ChIJEXR-pVRbFkcRU99V7UxGRmM,Foggy Krakow Shisha Lounge Bar Karaoke & Sushi,"Świętego Jana 30, Kraków",50.0646183,19.9395405,4,stop_852_324229,801-02,Teatr Słowackiego,50.064792,19.944409,348,,
ChIJEXR-pVRbFkcRU99V7UxGRmM,Foggy Krakow Shisha Lounge Bar Karaoke & Sushi,"Świętego Jana 30, Kraków",50.0646183,19.9395405,5,stop_852_324239,801-03,Teatr Słowackiego,50.064192,19.94499,392,,
ChIJSUJBYw5bFkcRXXpS9XDLUDk,Four Music Club,"Jagiellońska 6, Kraków",50.062794,19.9353879,1,stop_191_7729,,Teatr Bagatela,50.063806,19.933366,183,,
ChIJSUJBYw5bFkcRXXpS9XDLUDk,Four Music Club,"Jagiellońska 6, Kraków",50.062794,19.9353879,2,stop_191_7719,,Teatr Bagatela,50.0631,19.932648,199,,
ChIJSUJBYw5bFkcRXXpS9XDLUDk,Four Music Club,"Jagiellońska 6, Kraków",50.062794,19.9353879,3,stop_191_7739,,Teatr Bagatela,50.063755,19.932586,227,,
ChIJSUJBYw5bFkcRXXpS9XDLUDk,Four Music Club,"Jagiellońska 6, Kraków",50.062794,19.9353879,4,stop_219_32219,822-01,Filharmonia,50.05903,19.93387,432,,
ChIJSUJBYw5bFkcRXXpS9XDLUDk,Four Music Club,"Jagiellońska 6, Kraków",50.062794,19.9353879,5,stop_219_32239,822-03,Filharmonia,50.05917,19.9331,435,,
ChIJ4UsfQQ5bFkcRh8q0C40JDBU,Free Pub,"Sławkowska 4, Kraków",50.0632659,19.9371185,1,stop_191_7729,,Teatr Bagatela,50.063806,19.933366,275,,
ChIJ4UsfQQ5bFkcRh8q0C40JDBU,Free Pub,"Sławkowska 4, Kraków",50.0632659,19.9371185,2,stop_191_7719,,Teatr Bagatela,50.0631,19.932648,320,,
ChIJ4UsfQQ5bFkcRh8q0C40JDBU,Free Pub,"Sławkowska 4, Kraków",50.0632659,19.9371185,3,stop_191_7739,,Teatr Bagatela,50.063755,19.932586,328,,
ChIJ4UsfQQ5bFkcRh8q0C40JDBU,Free Pub,"Sławkowska 4, Kraków",50.0632659,19.9371185,4,stop_568_303229,833-02,Stary Kleparz,50.066234,19.938562,346,,
ChIJ4UsfQQ5bFkcRh8q0C40JDBU,Free Pub,"Sławkowska 4, Kraków",50.0632659,19.9371185,5,stop_568_303219,833-01,Stary Kleparz,50.066314,19.939721,387,,
ChIJZS8jFkBFFkcRo5rvFjxZvAs,Fuxon,"Szybka 25, Kraków",50.0831625,20.0335472,1,stop_252_42019,119-01,Teatr Ludowy,50.082264,20.032708,116,,
ChIJZS8jFkBFFkcRo5rvFjxZvAs,Fuxon,"Szybka 25, Kraków",50.0831625,20.0335472,2,stop_252_42029,119-02,Teatr Ludowy,50.081863,20.032035,180,,
ChIJZS8jFkBFFkcRo5rvFjxZvAs,Fuxon,"Szybka 25, Kraków",50.0831625,20.0335472,3,stop_571_303729,120-02,Cienista,50.08492,20.03772,356,,
ChIJZS8jFkBFFkcRo5rvFjxZvAs,Fuxon,"Szybka 25, Kraków",50.0831625,20.0335472,4,stop_571_303719,120-01,Cienista,50.08539,20.03852,433,,
ChIJZS8jFkBFFkcRo5rvFjxZvAs,Fuxon,"Szybka 25, Kraków",50.0831625,20.0335472,5,stop_354_274539,118-03,Rondo Kocmyrzowskie im. Ks. Gorzelanego,50.080062,20.028408,503,,
ChIJAe_zQVVbFkcRDxVhpPZ4h9I,GALAXY HOOKAH KRAKÓW,"Lwowska 2, Kraków",50.046423,19.9556353,1,stop_278_57019,640-01,Plac Bohaterów Getta,50.046605,19.955028,48,,
ChIJAe_zQVVbFkcRDxVhpPZ4h9I,GALAXY HOOKAH KRAKÓW,"Lwowska 2, Kraków",50.046423,19.9556353,2,stop_278_57029,640-02,Plac Bohaterów Getta,50.046716,19.9551,50,,
ChIJAe_zQVVbFkcRDxVhpPZ4h9I,GALAXY HOOKAH KRAKÓW,"Lwowska 2, Kraków",50.046423,19.9556353,3,stop_338_56919,641-01,Limanowskiego,50.045136,19.954882,153,,
ChIJAe_zQVVbFkcRDxVhpPZ4h9I,GALAXY HOOKAH KRAKÓW,"Lwowska 2, Kraków",50.046423,19.9556353,4,stop_338_56929,641-02,Limanowskiego,50.045,19.955911,159,,
ChIJAe_zQVVbFkcRDxVhpPZ4h9I,GALAXY HOOKAH KRAKÓW,"Lwowska 2, Kraków",50.046423,19.9556353,5,stop_820_315819,642-01,Podgórze SKA,50.042438,19.960723,573,,
ChIJa-rFJfNbFkcRkPBST6Qq1yY,GINA Social Club,"Bracka 4, Kraków",50.06041369999999,19.9363711,1,stop_325_136029,821-02,Plac Wszystkich Świętych,50.059113,19.937497,165,,
ChIJa-rFJfNbFkcRkPBST6Qq1yY,GINA Social Club,"Bracka 4, Kraków",50.06041369999999,19.9363711,2,stop_325_136019,821-01,Plac Wszystkich Świętych,50.05912,19.93824,196,,
ChIJa-rFJfNbFkcRkPBST6Qq1yY,GINA Social Club,"Bracka 4, Kraków",50.06041369999999,19.9363711,3,stop_219_32219,822-01,Filharmonia,50.05903,19.93387,236,,
ChIJa-rFJfNbFkcRkPBST6Qq1yY,GINA Social Club,"Bracka 4, Kraków",50.06041369999999,19.9363711,4,stop_219_32239,822-03,Filharmonia,50.05917,19.9331,271,,
ChIJa-rFJfNbFkcRkPBST6Qq1yY,GINA Social Club,"Bracka 4, Kraków",50.06041369999999,19.9363711,5,stop_219_32229,822-02,Filharmonia,50.058666,19.933001,309,,
ChIJ31Ou4K1bFkcRWUSpvEqdJUg,GMT - Georgian Wine&Art Gallery I 18+,"Bytomska 23, Kraków",50.07602800000001,19.918433,1,stop_195_8419,,Biprostal,50.072862,19.916075,390,,
ChIJ31Ou4K1bFkcRWUSpvEqdJUg,GMT - Georgian Wine&Art Gallery I 18+,"Bytomska 23, Kraków",50.07602800000001,19.918433,2,stop_195_8429,,Biprostal,50.07309,19.915045,406,,
ChIJ31Ou4K1bFkcRWUSpvEqdJUg,GMT - Georgian Wine&Art Gallery I 18+,"Bytomska 23, Kraków",50.07602800000001,19.918433,3,stop_194_8329,,Urzędnicza,50.071957,19.91925,456,,
ChIJ31Ou4K1bFkcRWUSpvEqdJUg,GMT - Georgian Wine&Art Gallery I 18+,"Bytomska 23, Kraków",50.07602800000001,19.918433,4,stop_194_8319,,Urzędnicza,50.071879,19.919754,471,,
ChIJ31Ou4K1bFkcRWUSpvEqdJUg,GMT - Georgian Wine&Art Gallery I 18+,"Bytomska 23, Kraków",50.07602800000001,19.918433,5,stop_1554_380819,,UKEN,50.074123,19.910791,585,,
ChIJe7DOqfhbFkcRz7iQLH5KQxs,Gadka Szmatka,"Józefa Dietla 57, Kraków",50.0532473,19.9435082,1,stop_224_35939,819-03,Stradom,50.052258,19.942061,151,,
ChIJe7DOqfhbFkcRz7iQLH5KQxs,Gadka Szmatka,"Józefa Dietla 57, Kraków",50.0532473,19.9435082,2,stop_224_35929,819-02,Stradom,50.052086,19.941166,211,,
ChIJe7DOqfhbFkcRz7iQLH5KQxs,Gadka Szmatka,"Józefa Dietla 57, Kraków",50.0532473,19.9435082,3,stop_224_35919,819-01,Stradom,50.05148,19.941337,250,,
ChIJe7DOqfhbFkcRz7iQLH5KQxs,Gadka Szmatka,"Józefa Dietla 57, Kraków",50.0532473,19.9435082,4,stop_224_35949,819-04,Stradom,50.050842,19.942415,279,,
ChIJe7DOqfhbFkcRz7iQLH5KQxs,Gadka Szmatka,"Józefa Dietla 57, Kraków",50.0532473,19.9435082,5,stop_221_32519,818-01,Wawel,50.05449,19.93963,309,,
ChIJ34Z4JhVbFkcRXhQyianeSfE,Galeria Pod Palmą,"Starowiślna 35, Kraków",50.0554597,19.9461304,1,stop_223_35829,807-02,Starowiślna,50.05689,19.945029,177,,
ChIJ34Z4JhVbFkcRXhQyianeSfE,Galeria Pod Palmą,"Starowiślna 35, Kraków",50.0554597,19.9461304,2,stop_223_35839,807-03,Starowiślna,50.057227,19.946086,197,,
ChIJ34Z4JhVbFkcRXhQyianeSfE,Galeria Pod Palmą,"Starowiślna 35, Kraków",50.0554597,19.9461304,3,stop_223_35849,807-04,Starowiślna,50.057262,19.946032,201,,
ChIJ34Z4JhVbFkcRXhQyianeSfE,Galeria Pod Palmą,"Starowiślna 35, Kraków",50.0554597,19.9461304,4,stop_227_36219,815-01,Miodowa,50.053886,19.948108,225,,
ChIJ34Z4JhVbFkcRXhQyianeSfE,Galeria Pod Palmą,"Starowiślna 35, Kraków",50.0554597,19.9461304,5,stop_223_35819,807-01,Starowiślna,50.05731,19.94455,235,,
ChIJl5pp4WhbFkcRCVipGIrBiSY,Galileo Shisha Lounge Bar,"Pod Arkadami, Krakowska 5/3U, Kraków",50.05121200000001,19.9421035,1,stop_224_35949,819-04,Stradom,50.050842,19.942415,47,,
ChIJl5pp4WhbFkcRCVipGIrBiSY,Galileo Shisha Lounge Bar,"Pod Arkadami, Krakowska 5/3U, Kraków",50.05121200000001,19.9421035,2,stop_224_35919,819-01,Stradom,50.05148,19.941337,62,,
ChIJl5pp4WhbFkcRCVipGIrBiSY,Galileo Shisha Lounge Bar,"Pod Arkadami, Krakowska 5/3U, Kraków",50.05121200000001,19.9421035,3,stop_224_35939,819-03,Stradom,50.052258,19.942061,116,,
ChIJl5pp4WhbFkcRCVipGIrBiSY,Galileo Shisha Lounge Bar,"Pod Arkadami, Krakowska 5/3U, Kraków",50.05121200000001,19.9421035,4,stop_224_35929,819-02,Stradom,50.052086,19.941166,118,,
ChIJl5pp4WhbFkcRCVipGIrBiSY,Galileo Shisha Lounge Bar,"Pod Arkadami, Krakowska 5/3U, Kraków",50.05121200000001,19.9421035,5,stop_226_36119,872-01,Orzeszkowej,50.050631,19.938671,253,,
ChIJgw7yfwBbFkcR4vfQk7EH4k0,Gallery Bar,"Józefa 11, Kraków",50.0506236,19.9451049,1,stop_224_35949,819-04,Stradom,50.050842,19.942415,194,,
ChIJgw7yfwBbFkcR4vfQk7EH4k0,Gallery Bar,"Józefa 11, Kraków",50.0506236,19.9451049,2,stop_224_35939,819-03,Stradom,50.052258,19.942061,283,,
ChIJgw7yfwBbFkcR4vfQk7EH4k0,Gallery Bar,"Józefa 11, Kraków",50.0506236,19.9451049,3,stop_224_35919,819-01,Stradom,50.05148,19.941337,285,,
ChIJgw7yfwBbFkcR4vfQk7EH4k0,Gallery Bar,"Józefa 11, Kraków",50.0506236,19.9451049,4,stop_225_36029,820-02,Plac Wolnica,50.048114,19.943448,303,,
ChIJgw7yfwBbFkcR4vfQk7EH4k0,Gallery Bar,"Józefa 11, Kraków",50.0506236,19.9451049,5,stop_225_36019,820-01,Plac Wolnica,50.048028,19.943426,313,,
ChIJy4hbawtbFkcRBDy3zzxM4S8,Garage Pub,"Marszałka Józefa Piłsudskiego 27, Kraków",50.05975309999999,19.9262575,1,stop_216_31919,823-01,Jubilat,50.055498,19.928109,491,,
ChIJy4hbawtbFkcRBDy3zzxM4S8,Garage Pub,"Marszałka Józefa Piłsudskiego 27, Kraków",50.05975309999999,19.9262575,2,stop_219_32239,822-03,Filharmonia,50.05917,19.9331,493,,
ChIJy4hbawtbFkcRBDy3zzxM4S8,Garage Pub,"Marszałka Józefa Piłsudskiego 27, Kraków",50.05975309999999,19.9262575,3,stop_219_32229,822-02,Filharmonia,50.058666,19.933001,496,,
ChIJy4hbawtbFkcRBDy3zzxM4S8,Garage Pub,"Marszałka Józefa Piłsudskiego 27, Kraków",50.05975309999999,19.9262575,4,stop_216_31929,823-02,Jubilat,50.054999,19.927052,532,,
ChIJy4hbawtbFkcRBDy3zzxM4S8,Garage Pub,"Marszałka Józefa Piłsudskiego 27, Kraków",50.05975309999999,19.9262575,5,stop_219_32219,822-01,Filharmonia,50.05903,19.93387,549,,
ChIJfXfzxDdbFkcRceBBbVKB1M8,Gate of India,"Stradomska 11, Kraków",50.05333460000001,19.9398164,1,stop_221_32529,818-02,Wawel,50.054344,19.939404,116,,
ChIJfXfzxDdbFkcRceBBbVKB1M8,Gate of India,"Stradomska 11, Kraków",50.05333460000001,19.9398164,2,stop_221_32519,818-01,Wawel,50.05449,19.93963,129,,
ChIJfXfzxDdbFkcRceBBbVKB1M8,Gate of India,"Stradomska 11, Kraków",50.05333460000001,19.9398164,3,stop_224_35929,819-02,Stradom,50.052086,19.941166,169,,
ChIJfXfzxDdbFkcRceBBbVKB1M8,Gate of India,"Stradomska 11, Kraków",50.05333460000001,19.9398164,4,stop_224_35939,819-03,Stradom,50.052258,19.942061,200,,
ChIJfXfzxDdbFkcRceBBbVKB1M8,Gate of India,"Stradomska 11, Kraków",50.05333460000001,19.9398164,5,stop_224_35919,819-01,Stradom,50.05148,19.941337,233,,
ChIJwy311AFbFkcRsP0eMAv4jyQ,Gavi Restaurant & Wine,"plac Kossaka 6, Kraków",50.0567763,19.928376,1,stop_216_31919,823-01,Jubilat,50.055498,19.928109,143,,
ChIJwy311AFbFkcRsP0eMAv4jyQ,Gavi Restaurant & Wine,"plac Kossaka 6, Kraków",50.0567763,19.928376,2,stop_216_31929,823-02,Jubilat,50.054999,19.927052,219,,
ChIJwy311AFbFkcRsP0eMAv4jyQ,Gavi Restaurant & Wine,"plac Kossaka 6, Kraków",50.0567763,19.928376,3,stop_219_32229,822-02,Filharmonia,50.058666,19.933001,391,,
ChIJwy311AFbFkcRsP0eMAv4jyQ,Gavi Restaurant & Wine,"plac Kossaka 6, Kraków",50.0567763,19.928376,4,stop_219_32239,822-03,Filharmonia,50.05917,19.9331,430,,
ChIJwy311AFbFkcRsP0eMAv4jyQ,Gavi Restaurant & Wine,"plac Kossaka 6, Kraków",50.0567763,19.928376,5,stop_219_32219,822-01,Filharmonia,50.05903,19.93387,465,,
ChIJh5JkLANbFkcRWrLcbngjSCA,Ge’ez Ethiopian Restaurant,"Na Zjeździe 11, Kraków",50.046838,19.955576,1,stop_278_57029,640-02,Plac Bohaterów Getta,50.046716,19.9551,37,,
ChIJh5JkLANbFkcRWrLcbngjSCA,Ge’ez Ethiopian Restaurant,"Na Zjeździe 11, Kraków",50.046838,19.955576,2,stop_278_57019,640-01,Plac Bohaterów Getta,50.046605,19.955028,47,,
ChIJh5JkLANbFkcRWrLcbngjSCA,Ge’ez Ethiopian Restaurant,"Na Zjeździe 11, Kraków",50.046838,19.955576,3,stop_338_56919,641-01,Limanowskiego,50.045136,19.954882,196,,
ChIJh5JkLANbFkcRWrLcbngjSCA,Ge’ez Ethiopian Restaurant,"Na Zjeździe 11, Kraków",50.046838,19.955576,4,stop_338_56929,641-02,Limanowskiego,50.045,19.955911,206,,
ChIJh5JkLANbFkcRWrLcbngjSCA,Ge’ez Ethiopian Restaurant,"Na Zjeździe 11, Kraków",50.046838,19.955576,5,stop_1103_347119,816-01,św. Wawrzyńca,50.051131,19.951064,576,,
ChIJh9rmOR5bFkcRNqqaE9gdX6I,Gin Mill,"Józefa Dietla 49, Kraków",50.0521991,19.9425925,1,stop_224_35939,819-03,Stradom,50.052258,19.942061,39,,
ChIJh9rmOR5bFkcRNqqaE9gdX6I,Gin Mill,"Józefa Dietla 49, Kraków",50.0521991,19.9425925,2,stop_224_35929,819-02,Stradom,50.052086,19.941166,103,,
ChIJh9rmOR5bFkcRNqqaE9gdX6I,Gin Mill,"Józefa Dietla 49, Kraków",50.0521991,19.9425925,3,stop_224_35919,819-01,Stradom,50.05148,19.941337,120,,
ChIJh9rmOR5bFkcRNqqaE9gdX6I,Gin Mill,"Józefa Dietla 49, Kraków",50.0521991,19.9425925,4,stop_224_35949,819-04,Stradom,50.050842,19.942415,151,,
ChIJh9rmOR5bFkcRNqqaE9gdX6I,Gin Mill,"Józefa Dietla 49, Kraków",50.0521991,19.9425925,5,stop_221_32529,818-02,Wawel,50.054344,19.939404,330,,
ChIJTcUB77BaFkcRTEjzZ1_4mz0,Ginza Sushi,"Osiedle Złotego Wieku 89, Kraków",50.0955386,19.9973303,1,stop_10_3,139-04,Mistrzejowice,50.09486,19.995525,149,,
ChIJTcUB77BaFkcRTEjzZ1_4mz0,Ginza Sushi,"Osiedle Złotego Wieku 89, Kraków",50.0955386,19.9973303,2,stop_328_253819,140-01,Miśnieńska,50.094489,19.999999,223,,
ChIJTcUB77BaFkcRTEjzZ1_4mz0,Ginza Sushi,"Osiedle Złotego Wieku 89, Kraków",50.0955386,19.9973303,3,stop_328_253829,140-02,Miśnieńska,50.094406,20.000154,238,,
ChIJTcUB77BaFkcRTEjzZ1_4mz0,Ginza Sushi,"Osiedle Złotego Wieku 89, Kraków",50.0955386,19.9973303,4,stop_237_37719,141-01,Os. Złotego Wieku,50.093749,20.004333,538,,
ChIJTcUB77BaFkcRTEjzZ1_4mz0,Ginza Sushi,"Osiedle Złotego Wieku 89, Kraków",50.0955386,19.9973303,5,stop_237_37729,141-02,Os. Złotego Wieku,50.093667,20.004478,551,,
ChIJVVVli2lbFkcRRtYSHvLu6BI,Gold Cocktail Bar,"Krakowska 28, Kraków",50.0496219,19.9432317,1,stop_224_35949,819-04,Stradom,50.050842,19.942415,148,,
ChIJVVVli2lbFkcRRtYSHvLu6BI,Gold Cocktail Bar,"Krakowska 28, Kraków",50.0496219,19.9432317,2,stop_225_36029,820-02,Plac Wolnica,50.048114,19.943448,168,,
ChIJVVVli2lbFkcRRtYSHvLu6BI,Gold Cocktail Bar,"Krakowska 28, Kraków",50.0496219,19.9432317,3,stop_225_36019,820-01,Plac Wolnica,50.048028,19.943426,178,,
ChIJVVVli2lbFkcRRtYSHvLu6BI,Gold Cocktail Bar,"Krakowska 28, Kraków",50.0496219,19.9432317,4,stop_224_35919,819-01,Stradom,50.05148,19.941337,247,,
ChIJVVVli2lbFkcRRtYSHvLu6BI,Gold Cocktail Bar,"Krakowska 28, Kraków",50.0496219,19.9432317,5,stop_224_35939,819-03,Stradom,50.052258,19.942061,305,,
ChIJGR-wkmlbFkcRo-3eHlbC8D8,Golden Tulip Krakow Kazimierz,"Krakowska 28, Kraków",50.049581,19.943187,1,stop_224_35949,819-04,Stradom,50.050842,19.942415,151,,
ChIJGR-wkmlbFkcRo-3eHlbC8D8,Golden Tulip Krakow Kazimierz,"Krakowska 28, Kraków",50.049581,19.943187,2,stop_225_36029,820-02,Plac Wolnica,50.048114,19.943448,164,,
ChIJGR-wkmlbFkcRo-3eHlbC8D8,Golden Tulip Krakow Kazimierz,"Krakowska 28, Kraków",50.049581,19.943187,3,stop_225_36019,820-01,Plac Wolnica,50.048028,19.943426,174,,
ChIJGR-wkmlbFkcRo-3eHlbC8D8,Golden Tulip Krakow Kazimierz,"Krakowska 28, Kraków",50.049581,19.943187,4,stop_224_35919,819-01,Stradom,50.05148,19.941337,249,,
ChIJGR-wkmlbFkcRo-3eHlbC8D8,Golden Tulip Krakow Kazimierz,"Krakowska 28, Kraków",50.049581,19.943187,5,stop_224_35939,819-03,Stradom,50.052258,19.942061,308,,
ChIJ4wsDvg1bFkcR2cGYXRF44JA,Gospoda Koko,"Gołębia 8, Kraków",50.060353,19.9352033,1,stop_219_32219,822-01,Filharmonia,50.05903,19.93387,175,,
ChIJ4wsDvg1bFkcR2cGYXRF44JA,Gospoda Koko,"Gołębia 8, Kraków",50.060353,19.9352033,2,stop_219_32239,822-03,Filharmonia,50.05917,19.9331,200,,
ChIJ4wsDvg1bFkcR2cGYXRF44JA,Gospoda Koko,"Gołębia 8, Kraków",50.060353,19.9352033,3,stop_325_136029,821-02,Plac Wszystkich Świętych,50.059113,19.937497,214,,
ChIJ4wsDvg1bFkcR2cGYXRF44JA,Gospoda Koko,"Gołębia 8, Kraków",50.060353,19.9352033,4,stop_219_32229,822-02,Filharmonia,50.058666,19.933001,245,,
ChIJ4wsDvg1bFkcR2cGYXRF44JA,Gospoda Koko,"Gołębia 8, Kraków",50.060353,19.9352033,5,stop_325_136019,821-01,Plac Wszystkich Świętych,50.05912,19.93824,256,,
ChIJyfbX6RJbFkcRN2PzBQzU-98,Grand Pub Kraków,"Senacka 9, Kraków",50.05756119999999,19.9378598,1,stop_325_136029,821-02,Plac Wszystkich Świętych,50.059113,19.937497,174,,
ChIJyfbX6RJbFkcRN2PzBQzU-98,Grand Pub Kraków,"Senacka 9, Kraków",50.05756119999999,19.9378598,2,stop_325_136019,821-01,Plac Wszystkich Świętych,50.05912,19.93824,175,,
ChIJyfbX6RJbFkcRN2PzBQzU-98,Grand Pub Kraków,"Senacka 9, Kraków",50.05756119999999,19.9378598,3,stop_1102_347029,817-02,św. Gertrudy,50.058486,19.940838,236,,
ChIJyfbX6RJbFkcRN2PzBQzU-98,Grand Pub Kraków,"Senacka 9, Kraków",50.05756119999999,19.9378598,4,stop_1102_347019,817-01,św. Gertrudy,50.058627,19.940988,253,,
ChIJyfbX6RJbFkcRN2PzBQzU-98,Grand Pub Kraków,"Senacka 9, Kraków",50.05756119999999,19.9378598,5,stop_219_32219,822-01,Filharmonia,50.05903,19.93387,328,,
ChIJjeYFMhBbFkcRR3Fk0rlMcnQ,Greg & Tom Beer House Hostel,"Floriańska 43, Kraków",50.0639739,19.940887,1,stop_852_324229,801-02,Teatr Słowackiego,50.064792,19.944409,267,,
ChIJjeYFMhBbFkcRR3Fk0rlMcnQ,Greg & Tom Beer House Hostel,"Floriańska 43, Kraków",50.0639739,19.940887,2,stop_568_303219,833-01,Stary Kleparz,50.066314,19.939721,273,,
ChIJjeYFMhBbFkcRR3Fk0rlMcnQ,Greg & Tom Beer House Hostel,"Floriańska 43, Kraków",50.0639739,19.940887,3,stop_852_324239,801-03,Teatr Słowackiego,50.064192,19.94499,294,,
ChIJjeYFMhBbFkcRR3Fk0rlMcnQ,Greg & Tom Beer House Hostel,"Floriańska 43, Kraków",50.0639739,19.940887,4,stop_568_303229,833-02,Stary Kleparz,50.066234,19.938562,301,,
ChIJjeYFMhBbFkcRR3Fk0rlMcnQ,Greg & Tom Beer House Hostel,"Floriańska 43, Kraków",50.0639739,19.940887,5,stop_852_324249,801-04,Teatr Słowackiego,50.065006,19.94518,327,,
ChIJmUHbJRVbFkcRK3B05aMj4JQ,Grill Bar Mombo,"Starowiślna 35, Kraków",50.0554984,19.9462388,1,stop_223_35829,807-02,Starowiślna,50.05689,19.945029,177,,
ChIJmUHbJRVbFkcRK3B05aMj4JQ,Grill Bar Mombo,"Starowiślna 35, Kraków",50.0554984,19.9462388,2,stop_223_35839,807-03,Starowiślna,50.057227,19.946086,193,,
ChIJmUHbJRVbFkcRK3B05aMj4JQ,Grill Bar Mombo,"Starowiślna 35, Kraków",50.0554984,19.9462388,3,stop_223_35849,807-04,Starowiślna,50.057262,19.946032,197,,
ChIJmUHbJRVbFkcRK3B05aMj4JQ,Grill Bar Mombo,"Starowiślna 35, Kraków",50.0554984,19.9462388,4,stop_227_36219,815-01,Miodowa,50.053886,19.948108,224,,
ChIJmUHbJRVbFkcRK3B05aMj4JQ,Grill Bar Mombo,"Starowiślna 35, Kraków",50.0554984,19.9462388,5,stop_223_35819,807-01,Starowiślna,50.05731,19.94455,235,,
ChIJNePxKABbFkcRsH2oAKDvGGs,Grill Piwo Łobzów,"3WG6+M9, Kraków",50.0766462,19.9109411,1,stop_1554_380829,,UKEN,50.07426,19.909991,274,,
ChIJNePxKABbFkcRsH2oAKDvGGs,Grill Piwo Łobzów,"3WG6+M9, Kraków",50.0766462,19.9109411,2,stop_1554_380819,,UKEN,50.074123,19.910791,281,,
ChIJNePxKABbFkcRsH2oAKDvGGs,Grill Piwo Łobzów,"3WG6+M9, Kraków",50.0766462,19.9109411,3,stop_319_104919,,Głowackiego,50.07536,19.9068,328,,
ChIJNePxKABbFkcRsH2oAKDvGGs,Grill Piwo Łobzów,"3WG6+M9, Kraków",50.0766462,19.9109411,4,stop_319_104929,,Głowackiego,50.075882,19.905845,373,,
ChIJNePxKABbFkcRsH2oAKDvGGs,Grill Piwo Łobzów,"3WG6+M9, Kraków",50.0766462,19.9109411,5,stop_195_8429,,Biprostal,50.07309,19.915045,492,,
ChIJLc14YQdbFkcRF6bMe1iytYc,Grill Sauseges near Hala Targowa,"Grzegórzecka, Kraków",50.0582771,19.9491334,1,stop_228_36319,808-01,Hala Targowa,50.058639,19.948875,44,,
ChIJLc14YQdbFkcRF6bMe1iytYc,Grill Sauseges near Hala Targowa,"Grzegórzecka, Kraków",50.0582771,19.9491334,2,stop_228_36329,808-02,Hala Targowa,50.058678,19.948657,56,,
ChIJLc14YQdbFkcRF6bMe1iytYc,Grill Sauseges near Hala Targowa,"Grzegórzecka, Kraków",50.0582771,19.9491334,3,stop_223_35839,807-03,Starowiślna,50.057227,19.946086,247,,
ChIJLc14YQdbFkcRF6bMe1iytYc,Grill Sauseges near Hala Targowa,"Grzegórzecka, Kraków",50.0582771,19.9491334,4,stop_223_35849,807-04,Starowiślna,50.057262,19.946032,249,,
ChIJLc14YQdbFkcRF6bMe1iytYc,Grill Sauseges near Hala Targowa,"Grzegórzecka, Kraków",50.0582771,19.9491334,5,stop_223_35829,807-02,Starowiślna,50.05689,19.945029,331,,
ChIJmRmpritbFkcRGQk5j1w75fA,Grillowe Smaki,"Wadowicka 1A, Kraków",50.0362565,19.939369,1,stop_290_61029,558-02,Rondo Matecznego,50.035927,19.940363,80,,
ChIJmRmpritbFkcRGQk5j1w75fA,Grillowe Smaki,"Wadowicka 1A, Kraków",50.0362565,19.939369,2,stop_290_61019,558-01,Rondo Matecznego,50.036959,19.940795,128,,
ChIJmRmpritbFkcRGQk5j1w75fA,Grillowe Smaki,"Wadowicka 1A, Kraków",50.0362565,19.939369,3,stop_291_61119,559-01,Rzemieślnicza,50.033644,19.938697,294,,
ChIJmRmpritbFkcRGQk5j1w75fA,Grillowe Smaki,"Wadowicka 1A, Kraków",50.0362565,19.939369,4,stop_291_61129,559-02,Rzemieślnicza,50.03295,19.938389,374,,
ChIJmRmpritbFkcRGQk5j1w75fA,Grillowe Smaki,"Wadowicka 1A, Kraków",50.0362565,19.939369,5,stop_294_61419,4-01,PT,50.031724,19.934092,629,,
ChIJv6Zwm3JbFkcRReBaeUGizTE,Groble Skybar lounge,"plac Na Groblach 22, Kraków",50.05522250000001,19.9328038,1,stop_216_31919,823-01,Jubilat,50.055498,19.928109,337,,
ChIJv6Zwm3JbFkcRReBaeUGizTE,Groble Skybar lounge,"plac Na Groblach 22, Kraków",50.05522250000001,19.9328038,2,stop_219_32229,822-02,Filharmonia,50.058666,19.933001,383,,
ChIJv6Zwm3JbFkcRReBaeUGizTE,Groble Skybar lounge,"plac Na Groblach 22, Kraków",50.05522250000001,19.9328038,3,stop_216_31929,823-02,Jubilat,50.054999,19.927052,411,,
ChIJv6Zwm3JbFkcRReBaeUGizTE,Groble Skybar lounge,"plac Na Groblach 22, Kraków",50.05522250000001,19.9328038,4,stop_219_32219,822-01,Filharmonia,50.05903,19.93387,430,,
ChIJv6Zwm3JbFkcRReBaeUGizTE,Groble Skybar lounge,"plac Na Groblach 22, Kraków",50.05522250000001,19.9328038,5,stop_219_32239,822-03,Filharmonia,50.05917,19.9331,439,,
ChIJmTTasIdbFkcRiB2rR4f_FAU,GulGul,"Mikołajska 13/1.1, Kraków",50.06126020000001,19.9426045,1,stop_222_35719,806-01,Poczta Główna,50.059797,19.942404,163,,
ChIJmTTasIdbFkcRiB2rR4f_FAU,GulGul,"Mikołajska 13/1.1, Kraków",50.06126020000001,19.9426045,2,stop_222_35739,806-03,Poczta Główna,50.059339,19.941821,221,,
ChIJmTTasIdbFkcRiB2rR4f_FAU,GulGul,"Mikołajska 13/1.1, Kraków",50.06126020000001,19.9426045,3,stop_222_35729,806-02,Poczta Główna,50.059205,19.942571,229,,
ChIJmTTasIdbFkcRiB2rR4f_FAU,GulGul,"Mikołajska 13/1.1, Kraków",50.06126020000001,19.9426045,4,stop_1102_347019,817-01,św. Gertrudy,50.058627,19.940988,315,,
ChIJmTTasIdbFkcRiB2rR4f_FAU,GulGul,"Mikołajska 13/1.1, Kraków",50.06126020000001,19.9426045,5,stop_1102_347029,817-02,św. Gertrudy,50.058486,19.940838,333,,
ChIJ02P8cRJbFkcRZqwK1PKvLks,Góralskie Praliny: Cocktails & Desserts,"Grodzka 6, Kraków",50.0598683,19.9378321,1,stop_325_136029,821-02,Plac Wszystkich Świętych,50.059113,19.937497,87,,
ChIJ02P8cRJbFkcRZqwK1PKvLks,Góralskie Praliny: Cocktails & Desserts,"Grodzka 6, Kraków",50.0598683,19.9378321,2,stop_325_136019,821-01,Plac Wszystkich Świętych,50.05912,19.93824,88,,
ChIJ02P8cRJbFkcRZqwK1PKvLks,Góralskie Praliny: Cocktails & Desserts,"Grodzka 6, Kraków",50.0598683,19.9378321,3,stop_1102_347029,817-02,św. Gertrudy,50.058486,19.940838,264,,
ChIJ02P8cRJbFkcRZqwK1PKvLks,Góralskie Praliny: Cocktails & Desserts,"Grodzka 6, Kraków",50.0598683,19.9378321,4,stop_1102_347019,817-01,św. Gertrudy,50.058627,19.940988,264,,
ChIJ02P8cRJbFkcRZqwK1PKvLks,Góralskie Praliny: Cocktails & Desserts,"Grodzka 6, Kraków",50.0598683,19.9378321,5,stop_222_35739,806-03,Poczta Główna,50.059339,19.941821,291,,
ChIJPYYtUYdbFkcRwTxYKYDFftY,HELLO ZAPIEKANKA KAZIMIERZ,"Plac Izaaka, Ciemna 4, Kraków",50.0516107,19.9472601,1,stop_227_36229,815-02,Miodowa,50.05321,19.9489,213,,
ChIJPYYtUYdbFkcRwTxYKYDFftY,HELLO ZAPIEKANKA KAZIMIERZ,"Plac Izaaka, Ciemna 4, Kraków",50.0516107,19.9472601,2,stop_1103_347129,816-02,św. Wawrzyńca,50.051415,19.950829,256,,
ChIJPYYtUYdbFkcRwTxYKYDFftY,HELLO ZAPIEKANKA KAZIMIERZ,"Plac Izaaka, Ciemna 4, Kraków",50.0516107,19.9472601,3,stop_227_36219,815-01,Miodowa,50.053886,19.948108,260,,
ChIJPYYtUYdbFkcRwTxYKYDFftY,HELLO ZAPIEKANKA KAZIMIERZ,"Plac Izaaka, Ciemna 4, Kraków",50.0516107,19.9472601,4,stop_1103_347119,816-01,św. Wawrzyńca,50.051131,19.951064,277,,
ChIJPYYtUYdbFkcRwTxYKYDFftY,HELLO ZAPIEKANKA KAZIMIERZ,"Plac Izaaka, Ciemna 4, Kraków",50.0516107,19.9472601,5,stop_224_35949,819-04,Stradom,50.050842,19.942415,356,,
ChIJz3vbN2pbFkcR8ATOA0llY-I,HEVRE | Bar & Restaurant,"Beera Meiselsa 18, Kraków",50.05118330000001,19.9434319,1,stop_224_35949,819-04,Stradom,50.050842,19.942415,82,,
ChIJz3vbN2pbFkcR8ATOA0llY-I,HEVRE | Bar & Restaurant,"Beera Meiselsa 18, Kraków",50.05118330000001,19.9434319,2,stop_224_35919,819-01,Stradom,50.05148,19.941337,153,,
ChIJz3vbN2pbFkcR8ATOA0llY-I,HEVRE | Bar & Restaurant,"Beera Meiselsa 18, Kraków",50.05118330000001,19.9434319,3,stop_224_35939,819-03,Stradom,50.052258,19.942061,154,,
ChIJz3vbN2pbFkcR8ATOA0llY-I,HEVRE | Bar & Restaurant,"Beera Meiselsa 18, Kraków",50.05118330000001,19.9434319,4,stop_224_35929,819-02,Stradom,50.052086,19.941166,190,,
ChIJz3vbN2pbFkcR8ATOA0llY-I,HEVRE | Bar & Restaurant,"Beera Meiselsa 18, Kraków",50.05118330000001,19.9434319,5,stop_225_36029,820-02,Plac Wolnica,50.048114,19.943448,341,,
ChIJK3v1NblFFkcRVjNOcX4r9Ek,Hala Centralna Activity & Food,"Centralna 41A, Kraków",50.0677789,20.0139697,1,stop_6_13,116-02,Gałczyńskiego,50.069417,20.012742,202,,
ChIJK3v1NblFFkcRVjNOcX4r9Ek,Hala Centralna Activity & Food,"Centralna 41A, Kraków",50.0677789,20.0139697,2,stop_6_12,116-01,Gałczyńskiego,50.0692,20.012191,203,,
ChIJK3v1NblFFkcRVjNOcX4r9Ek,Hala Centralna Activity & Food,"Centralna 41A, Kraków",50.0677789,20.0139697,3,stop_246_40849,103-04,Rondo Czyżyńskie,50.072758,20.017068,596,,
ChIJK3v1NblFFkcRVjNOcX4r9Ek,Hala Centralna Activity & Food,"Centralna 41A, Kraków",50.0677789,20.0139697,4,stop_575_304129,115-02,Rondo 308. Dywizjonu,50.067398,20.005374,615,,
ChIJK3v1NblFFkcRVjNOcX4r9Ek,Hala Centralna Activity & Food,"Centralna 41A, Kraków",50.0677789,20.0139697,5,stop_575_304119,115-01,Rondo 308. Dywizjonu,50.067352,20.005379,615,,
ChIJCUuWlR5bFkcRBrFTmv4-4WI,Hala Lipowa - Street Food / Craft Beers / Cocktail Bar,"Lipowa 4D, Kraków",50.0477909,19.9604569,1,stop_321_115429,619-02,Zabłocie,50.049951,19.964216,360,,
ChIJCUuWlR5bFkcRBrFTmv4-4WI,Hala Lipowa - Street Food / Craft Beers / Cocktail Bar,"Lipowa 4D, Kraków",50.0477909,19.9604569,2,stop_321_115419,619-01,Zabłocie,50.0497,19.965148,397,,
ChIJCUuWlR5bFkcRBrFTmv4-4WI,Hala Lipowa - Street Food / Craft Beers / Cocktail Bar,"Lipowa 4D, Kraków",50.0477909,19.9604569,3,stop_278_57029,640-02,Plac Bohaterów Getta,50.046716,19.9551,401,,
ChIJCUuWlR5bFkcRBrFTmv4-4WI,Hala Lipowa - Street Food / Craft Beers / Cocktail Bar,"Lipowa 4D, Kraków",50.0477909,19.9604569,4,stop_278_57019,640-01,Plac Bohaterów Getta,50.046605,19.955028,409,,
ChIJCUuWlR5bFkcRBrFTmv4-4WI,Hala Lipowa - Street Food / Craft Beers / Cocktail Bar,"Lipowa 4D, Kraków",50.0477909,19.9604569,5,stop_338_56929,641-02,Limanowskiego,50.045,19.955911,449,,
ChIJ59WELABFFkcRaFPevhIhO2c,Halo no pizza,"Sołtysowska 11, Kraków",50.0651134,20.0125067,1,stop_6_12,116-01,Gałczyńskiego,50.0692,20.012191,455,,
ChIJ59WELABFFkcRaFPevhIhO2c,Halo no pizza,"Sołtysowska 11, Kraków",50.0651134,20.0125067,2,stop_6_13,116-02,Gałczyńskiego,50.069417,20.012742,479,,
ChIJ59WELABFFkcRaFPevhIhO2c,Halo no pizza,"Sołtysowska 11, Kraków",50.0651134,20.0125067,3,stop_575_304119,115-01,Rondo 308. Dywizjonu,50.067352,20.005379,566,,
ChIJ59WELABFFkcRaFPevhIhO2c,Halo no pizza,"Sołtysowska 11, Kraków",50.0651134,20.0125067,4,stop_575_304129,115-02,Rondo 308. Dywizjonu,50.067398,20.005374,569,,
ChIJ59WELABFFkcRaFPevhIhO2c,Halo no pizza,"Sołtysowska 11, Kraków",50.0651134,20.0125067,5,stop_246_40849,103-04,Rondo Czyżyńskie,50.072758,20.017068,910,,
ChIJufuctQ9bFkcRgmzQiArIT08,Hanashi - Omakase Experience,"Świętej Gertrudy 10, Kraków",50.05724310000002,19.9412069,1,stop_1102_347029,817-02,św. Gertrudy,50.058486,19.940838,141,,
ChIJufuctQ9bFkcRgmzQiArIT08,Hanashi - Omakase Experience,"Świętej Gertrudy 10, Kraków",50.05724310000002,19.9412069,2,stop_1102_347019,817-01,św. Gertrudy,50.058627,19.940988,155,,
ChIJufuctQ9bFkcRgmzQiArIT08,Hanashi - Omakase Experience,"Świętej Gertrudy 10, Kraków",50.05724310000002,19.9412069,3,stop_222_35739,806-03,Poczta Główna,50.059339,19.941821,237,,
ChIJufuctQ9bFkcRgmzQiArIT08,Hanashi - Omakase Experience,"Świętej Gertrudy 10, Kraków",50.05724310000002,19.9412069,4,stop_223_35819,807-01,Starowiślna,50.05731,19.94455,239,,
ChIJufuctQ9bFkcRgmzQiArIT08,Hanashi - Omakase Experience,"Świętej Gertrudy 10, Kraków",50.05724310000002,19.9412069,5,stop_222_35729,806-02,Poczta Główna,50.059205,19.942571,239,,
ChIJVRXd3g1bFkcR3YhJENxffY8,Harris Piano Jazz Bar,"Rynek Główny 28, Kraków",50.061725,19.935568,1,stop_191_7719,,Teatr Bagatela,50.0631,19.932648,258,,
ChIJVRXd3g1bFkcR3YhJENxffY8,Harris Piano Jazz Bar,"Rynek Główny 28, Kraków",50.061725,19.935568,2,stop_191_7729,,Teatr Bagatela,50.063806,19.933366,280,,
ChIJVRXd3g1bFkcR3YhJENxffY8,Harris Piano Jazz Bar,"Rynek Główny 28, Kraków",50.061725,19.935568,3,stop_191_7739,,Teatr Bagatela,50.063755,19.932586,310,,
ChIJVRXd3g1bFkcR3YhJENxffY8,Harris Piano Jazz Bar,"Rynek Główny 28, Kraków",50.061725,19.935568,4,stop_325_136029,821-02,Plac Wszystkich Świętych,50.059113,19.937497,321,,
ChIJVRXd3g1bFkcR3YhJENxffY8,Harris Piano Jazz Bar,"Rynek Główny 28, Kraków",50.061725,19.935568,5,stop_219_32219,822-01,Filharmonia,50.05903,19.93387,323,,
ChIJoYPyMkFbFkcRJOpzT63PmM0,Hedwig's,"Stradomska 12/14, Kraków",50.0529299,19.9409329,1,stop_224_35929,819-02,Stradom,50.052086,19.941166,95,,
ChIJoYPyMkFbFkcRJOpzT63PmM0,Hedwig's,"Stradomska 12/14, Kraków",50.0529299,19.9409329,2,stop_224_35939,819-03,Stradom,50.052258,19.942061,110,,
ChIJoYPyMkFbFkcRJOpzT63PmM0,Hedwig's,"Stradomska 12/14, Kraków",50.0529299,19.9409329,3,stop_224_35919,819-01,Stradom,50.05148,19.941337,164,,
ChIJoYPyMkFbFkcRJOpzT63PmM0,Hedwig's,"Stradomska 12/14, Kraków",50.0529299,19.9409329,4,stop_221_32529,818-02,Wawel,50.054344,19.939404,191,,
ChIJoYPyMkFbFkcRJOpzT63PmM0,Hedwig's,"Stradomska 12/14, Kraków",50.0529299,19.9409329,5,stop_221_32519,818-01,Wawel,50.05449,19.93963,197,,
ChIJwXYtIxNbFkcRv84DMizzJeQ,Heritage & Hip Bar • Café,"Stradomska 25, Kraków",50.0521214,19.9408592,1,stop_224_35929,819-02,Stradom,50.052086,19.941166,22,,
ChIJwXYtIxNbFkcRv84DMizzJeQ,Heritage & Hip Bar • Café,"Stradomska 25, Kraków",50.0521214,19.9408592,2,stop_224_35919,819-01,Stradom,50.05148,19.941337,79,,
ChIJwXYtIxNbFkcRv84DMizzJeQ,Heritage & Hip Bar • Café,"Stradomska 25, Kraków",50.0521214,19.9408592,3,stop_224_35939,819-03,Stradom,50.052258,19.942061,87,,
ChIJwXYtIxNbFkcRv84DMizzJeQ,Heritage & Hip Bar • Café,"Stradomska 25, Kraków",50.0521214,19.9408592,4,stop_224_35949,819-04,Stradom,50.050842,19.942415,180,,
ChIJwXYtIxNbFkcRv84DMizzJeQ,Heritage & Hip Bar • Café,"Stradomska 25, Kraków",50.0521214,19.9408592,5,stop_226_36119,872-01,Orzeszkowej,50.050631,19.938671,228,,
ChIJLTIG1RVbFkcRP9WA20hOE6A,Hex Cafe,"Generała Józefa Dwernickiego 5, Kraków",50.05938379999999,19.94940399999999,1,stop_228_36319,808-01,Hala Targowa,50.058639,19.948875,91,,
ChIJLTIG1RVbFkcRP9WA20hOE6A,Hex Cafe,"Generała Józefa Dwernickiego 5, Kraków",50.05938379999999,19.94940399999999,2,stop_228_36329,808-02,Hala Targowa,50.058678,19.948657,95,,
ChIJLTIG1RVbFkcRP9WA20hOE6A,Hex Cafe,"Generała Józefa Dwernickiego 5, Kraków",50.05938379999999,19.94940399999999,3,stop_223_35849,807-04,Starowiślna,50.057262,19.946032,337,,
ChIJLTIG1RVbFkcRP9WA20hOE6A,Hex Cafe,"Generała Józefa Dwernickiego 5, Kraków",50.05938379999999,19.94940399999999,4,stop_223_35839,807-03,Starowiślna,50.057227,19.946086,337,,
ChIJLTIG1RVbFkcRP9WA20hOE6A,Hex Cafe,"Generała Józefa Dwernickiego 5, Kraków",50.05938379999999,19.94940399999999,5,stop_223_35819,807-01,Starowiślna,50.05731,19.94455,416,,
ChIJ0dGrDkJdFkcRa_-VsX_klNs,Hindus Indian Food,"Józefa Marcika 16, Kraków",50.010996,19.9326959,1,stop_310_74719,562-01,Borek Fałęcki,50.013101,19.927021,468,,
ChIJ0dGrDkJdFkcRa_-VsX_klNs,Hindus Indian Food,"Józefa Marcika 16, Kraków",50.010996,19.9326959,2,stop_3_7,743-02,Solvay,50.014546,19.927822,526,,
ChIJ0dGrDkJdFkcRa_-VsX_klNs,Hindus Indian Food,"Józefa Marcika 16, Kraków",50.010996,19.9326959,3,stop_3_6,743-01,Solvay,50.014606,19.927852,530,,
ChIJ0dGrDkJdFkcRa_-VsX_klNs,Hindus Indian Food,"Józefa Marcika 16, Kraków",50.010996,19.9326959,4,stop_2_5,561-02,Kościuszkowców,50.015661,19.929342,571,,
ChIJ0dGrDkJdFkcRa_-VsX_klNs,Hindus Indian Food,"Józefa Marcika 16, Kraków",50.010996,19.9326959,5,stop_2_4,561-01,Kościuszkowców,50.016651,19.929831,661,,
ChIJmbRkUgBFFkcR0JO4ALByExI,Hiszpańska kuchenka,"osiedle Kazimierzowskie 30, Kraków",50.087587,20.0211724,1,stop_329_253919,162-01,Rondo Hipokratesa,50.090025,20.021395,272,,
ChIJmbRkUgBFFkcR0JO4ALByExI,Hiszpańska kuchenka,"osiedle Kazimierzowskie 30, Kraków",50.087587,20.0211724,2,stop_329_253929,162-02,Rondo Hipokratesa,50.090094,20.021355,279,,
ChIJmbRkUgBFFkcR0JO4ALByExI,Hiszpańska kuchenka,"osiedle Kazimierzowskie 30, Kraków",50.087587,20.0211724,3,stop_243_39219,135-01,DH Wanda,50.084477,20.020671,348,,
ChIJmbRkUgBFFkcR0JO4ALByExI,Hiszpańska kuchenka,"osiedle Kazimierzowskie 30, Kraków",50.087587,20.0211724,4,stop_243_39229,135-02,DH Wanda,50.084432,20.020689,353,,
ChIJmbRkUgBFFkcR0JO4ALByExI,Hiszpańska kuchenka,"osiedle Kazimierzowskie 30, Kraków",50.087587,20.0211724,5,stop_242_38819,161-01,Dunikowskiego,50.092201,20.016038,630,,
ChIJL601569bFkcRxVVbTXOPJ90,Holiday Pub,"Wielopole 11/1, Kraków",50.05846219999999,19.9443572,1,stop_223_35819,807-01,Starowiślna,50.05731,19.94455,129,,
ChIJL601569bFkcRxVVbTXOPJ90,Holiday Pub,"Wielopole 11/1, Kraków",50.05846219999999,19.9443572,2,stop_222_35729,806-02,Poczta Główna,50.059205,19.942571,152,,
ChIJL601569bFkcRxVVbTXOPJ90,Holiday Pub,"Wielopole 11/1, Kraków",50.05846219999999,19.9443572,3,stop_223_35849,807-04,Starowiślna,50.057262,19.946032,179,,
ChIJL601569bFkcRxVVbTXOPJ90,Holiday Pub,"Wielopole 11/1, Kraków",50.05846219999999,19.9443572,4,stop_223_35829,807-02,Starowiślna,50.05689,19.945029,181,,
ChIJL601569bFkcRxVVbTXOPJ90,Holiday Pub,"Wielopole 11/1, Kraków",50.05846219999999,19.9443572,5,stop_223_35839,807-03,Starowiślna,50.057227,19.946086,185,,
ChIJ-7YUNNlbFkcR-fret0Lrx5k,Hookah Place Krakow,"Zabłocie 19A, Kraków",50.0491433,19.9598193,1,stop_321_115429,619-02,Zabłocie,50.049951,19.964216,327,,
ChIJ-7YUNNlbFkcR-fret0Lrx5k,Hookah Place Krakow,"Zabłocie 19A, Kraków",50.0491433,19.9598193,2,stop_321_115419,619-01,Zabłocie,50.0497,19.965148,385,,
ChIJ-7YUNNlbFkcR-fret0Lrx5k,Hookah Place Krakow,"Zabłocie 19A, Kraków",50.0491433,19.9598193,3,stop_278_57029,640-02,Plac Bohaterów Getta,50.046716,19.9551,432,,
ChIJ-7YUNNlbFkcR-fret0Lrx5k,Hookah Place Krakow,"Zabłocie 19A, Kraków",50.0491433,19.9598193,4,stop_278_57019,640-01,Plac Bohaterów Getta,50.046605,19.955028,444,,
ChIJ-7YUNNlbFkcR-fret0Lrx5k,Hookah Place Krakow,"Zabłocie 19A, Kraków",50.0491433,19.9598193,5,stop_338_56929,641-02,Limanowskiego,50.045,19.955911,539,,
ChIJn1mikphbFkcRJQ2RVjCZMb8,Hop'n Monkey,"Św. Wawrzyńca, Kraków",50.05033849999999,19.9494641,1,stop_1103_347119,816-01,św. Wawrzyńca,50.051131,19.951064,144,,
ChIJn1mikphbFkcRJQ2RVjCZMb8,Hop'n Monkey,"Św. Wawrzyńca, Kraków",50.05033849999999,19.9494641,2,stop_1103_347129,816-02,św. Wawrzyńca,50.051415,19.950829,154,,
ChIJn1mikphbFkcRJQ2RVjCZMb8,Hop'n Monkey,"Św. Wawrzyńca, Kraków",50.05033849999999,19.9494641,3,stop_227_36229,815-02,Miodowa,50.05321,19.9489,322,,
ChIJn1mikphbFkcRJQ2RVjCZMb8,Hop'n Monkey,"Św. Wawrzyńca, Kraków",50.05033849999999,19.9494641,4,stop_227_36219,815-01,Miodowa,50.053886,19.948108,406,,
ChIJn1mikphbFkcRJQ2RVjCZMb8,Hop'n Monkey,"Św. Wawrzyńca, Kraków",50.05033849999999,19.9494641,5,stop_225_36029,820-02,Plac Wolnica,50.048114,19.943448,496,,
ChIJ4V3oEkJbFkcRa08m4m6CtrY,Hospůdka u Nás,"Mostowa 4, Kraków",50.04827219999999,19.9456389,1,stop_225_36029,820-02,Plac Wolnica,50.048114,19.943448,157,,
ChIJ4V3oEkJbFkcRa08m4m6CtrY,Hospůdka u Nás,"Mostowa 4, Kraków",50.04827219999999,19.9456389,2,stop_225_36019,820-01,Plac Wolnica,50.048028,19.943426,160,,
ChIJ4V3oEkJbFkcRa08m4m6CtrY,Hospůdka u Nás,"Mostowa 4, Kraków",50.04827219999999,19.9456389,3,stop_224_35949,819-04,Stradom,50.050842,19.942415,367,,
ChIJ4V3oEkJbFkcRa08m4m6CtrY,Hospůdka u Nás,"Mostowa 4, Kraków",50.04827219999999,19.9456389,4,stop_224_35919,819-01,Stradom,50.05148,19.941337,471,,
ChIJ4V3oEkJbFkcRa08m4m6CtrY,Hospůdka u Nás,"Mostowa 4, Kraków",50.04827219999999,19.9456389,5,stop_279_57139,556-03,Korona,50.044032,19.94678,478,,
ChIJ0UtfCDNbFkcRiyhhjH-JCDk,Hot Mamita - pizza by the slice.,"Grodzka 43, Kraków",50.05777549999999,19.9378225,1,stop_325_136029,821-02,Plac Wszystkich Świętych,50.059113,19.937497,151,,
ChIJ0UtfCDNbFkcRiyhhjH-JCDk,Hot Mamita - pizza by the slice.,"Grodzka 43, Kraków",50.05777549999999,19.9378225,2,stop_325_136019,821-01,Plac Wszystkich Świętych,50.05912,19.93824,152,,
ChIJ0UtfCDNbFkcRiyhhjH-JCDk,Hot Mamita - pizza by the slice.,"Grodzka 43, Kraków",50.05777549999999,19.9378225,3,stop_1102_347029,817-02,św. Gertrudy,50.058486,19.940838,229,,
ChIJ0UtfCDNbFkcRiyhhjH-JCDk,Hot Mamita - pizza by the slice.,"Grodzka 43, Kraków",50.05777549999999,19.9378225,4,stop_1102_347019,817-01,św. Gertrudy,50.058627,19.940988,245,,
ChIJ0UtfCDNbFkcRiyhhjH-JCDk,Hot Mamita - pizza by the slice.,"Grodzka 43, Kraków",50.05777549999999,19.9378225,5,stop_219_32219,822-01,Filharmonia,50.05903,19.93387,315,,
ChIJbSDKDBBFFkcRHCEyKBIdCqE,Hotel Centrum,"os.Centrum E12, Osiedle Centrum E 12, Kraków",50.07048260000001,20.0396722,1,stop_353_274449,105-04,Plac Centralny im. R.Reagana,50.071283,20.038494,122,,
ChIJbSDKDBBFFkcRHCEyKBIdCqE,Hotel Centrum,"os.Centrum E12, Osiedle Centrum E 12, Kraków",50.07048260000001,20.0396722,2,stop_353_274439,105-03,Plac Centralny im. R.Reagana,50.072556,20.038845,238,,
ChIJbSDKDBBFFkcRHCEyKBIdCqE,Hotel Centrum,"os.Centrum E12, Osiedle Centrum E 12, Kraków",50.07048260000001,20.0396722,3,stop_353_274419,105-01,Plac Centralny im. R.Reagana,50.071704,20.035631,319,,
ChIJbSDKDBBFFkcRHCEyKBIdCqE,Hotel Centrum,"os.Centrum E12, Osiedle Centrum E 12, Kraków",50.07048260000001,20.0396722,4,stop_353_274429,105-02,Plac Centralny im. R.Reagana,50.072961,20.036331,364,,
ChIJbSDKDBBFFkcRHCEyKBIdCqE,Hotel Centrum,"os.Centrum E12, Osiedle Centrum E 12, Kraków",50.07048260000001,20.0396722,5,stop_254_42419,188-01,Os. Na Skarpie,50.069813,20.045465,420,,
ChIJ49sOdRFbFkcRJVWbAzNeGKk,House of Beer,"Świętego Tomasza 35, Kraków",50.0619869,19.9424034,1,stop_222_35719,806-01,Poczta Główna,50.059797,19.942404,244,,
ChIJ49sOdRFbFkcRJVWbAzNeGKk,House of Beer,"Świętego Tomasza 35, Kraków",50.0619869,19.9424034,2,stop_222_35739,806-03,Poczta Główna,50.059339,19.941821,297,,
ChIJ49sOdRFbFkcRJVWbAzNeGKk,House of Beer,"Świętego Tomasza 35, Kraków",50.0619869,19.9424034,3,stop_852_324239,801-03,Teatr Słowackiego,50.064192,19.94499,307,,
ChIJ49sOdRFbFkcRJVWbAzNeGKk,House of Beer,"Świętego Tomasza 35, Kraków",50.0619869,19.9424034,4,stop_222_35729,806-02,Poczta Główna,50.059205,19.942571,310,,
ChIJ49sOdRFbFkcRJVWbAzNeGKk,House of Beer,"Świętego Tomasza 35, Kraków",50.0619869,19.9424034,5,stop_852_324229,801-02,Teatr Słowackiego,50.064792,19.944409,343,,
ChIJTSWgHA5FFkcR8ZG8hsgdHbQ,Hubertus Pub,"Osiedle Hutnicze 2, Kraków",50.073789,20.044596,1,stop_253_42319,106-01,Struga,50.074547,20.046307,148,,
ChIJTSWgHA5FFkcR8ZG8hsgdHbQ,Hubertus Pub,"Osiedle Hutnicze 2, Kraków",50.073789,20.044596,2,stop_253_42329,106-02,Struga,50.074892,20.047467,239,,
ChIJTSWgHA5FFkcR8ZG8hsgdHbQ,Hubertus Pub,"Osiedle Hutnicze 2, Kraków",50.073789,20.044596,3,stop_353_274439,105-03,Plac Centralny im. R.Reagana,50.072556,20.038845,433,,
ChIJTSWgHA5FFkcR8ZG8hsgdHbQ,Hubertus Pub,"Osiedle Hutnicze 2, Kraków",50.073789,20.044596,4,stop_254_42419,188-01,Os. Na Skarpie,50.069813,20.045465,446,,
ChIJTSWgHA5FFkcR8ZG8hsgdHbQ,Hubertus Pub,"Osiedle Hutnicze 2, Kraków",50.073789,20.044596,5,stop_254_42429,188-02,Os. Na Skarpie,50.069704,20.046218,469,,
ChIJ06xV0RFbFkcRiKN6NoAz-Vo,Huki Muki,"Floriańska 26, Kraków",50.0636042,19.9402927,1,stop_568_303219,833-01,Stary Kleparz,50.066314,19.939721,304,,
ChIJ06xV0RFbFkcRiKN6NoAz-Vo,Huki Muki,"Floriańska 26, Kraków",50.0636042,19.9402927,2,stop_568_303229,833-02,Stary Kleparz,50.066234,19.938562,317,,
ChIJ06xV0RFbFkcRiKN6NoAz-Vo,Huki Muki,"Floriańska 26, Kraków",50.0636042,19.9402927,3,stop_852_324229,801-02,Teatr Słowackiego,50.064792,19.944409,322,,
ChIJ06xV0RFbFkcRiKN6NoAz-Vo,Huki Muki,"Floriańska 26, Kraków",50.0636042,19.9402927,4,stop_852_324239,801-03,Teatr Słowackiego,50.064192,19.94499,342,,
ChIJ06xV0RFbFkcRiKN6NoAz-Vo,Huki Muki,"Floriańska 26, Kraków",50.0636042,19.9402927,5,stop_568_303239,833-03,Stary Kleparz,50.06666,19.93895,353,,
ChIJZSG6WNNbFkcRqvMhcv10D3U,Huma Parilla Concept Bar,"Grodzka 44, Kraków",50.0577779,19.9383667,1,stop_325_136019,821-01,Plac Wszystkich Świętych,50.05912,19.93824,150,,
ChIJZSG6WNNbFkcRqvMhcv10D3U,Huma Parilla Concept Bar,"Grodzka 44, Kraków",50.0577779,19.9383667,2,stop_325_136029,821-02,Plac Wszystkich Świętych,50.059113,19.937497,161,,
ChIJZSG6WNNbFkcRqvMhcv10D3U,Huma Parilla Concept Bar,"Grodzka 44, Kraków",50.0577779,19.9383667,3,stop_1102_347029,817-02,św. Gertrudy,50.058486,19.940838,193,,
ChIJZSG6WNNbFkcRqvMhcv10D3U,Huma Parilla Concept Bar,"Grodzka 44, Kraków",50.0577779,19.9383667,4,stop_1102_347019,817-01,św. Gertrudy,50.058627,19.940988,210,,
ChIJZSG6WNNbFkcRqvMhcv10D3U,Huma Parilla Concept Bar,"Grodzka 44, Kraków",50.0577779,19.9383667,5,stop_222_35739,806-03,Poczta Główna,50.059339,19.941821,302,,
ChIJxx0CJDlbFkcRRpWzMLVWoiQ,Hut-Pus - Obiady Domowe,"Mogilska 84, Kraków",50.06680219999999,19.9710149,1,stop_207_12919,803-01,Cystersów,50.066523,19.970519,47,,
ChIJxx0CJDlbFkcRRpWzMLVWoiQ,Hut-Pus - Obiady Domowe,"Mogilska 84, Kraków",50.06680219999999,19.9710149,2,stop_207_12929,803-02,Cystersów,50.06654,19.969149,136,,
ChIJxx0CJDlbFkcRRpWzMLVWoiQ,Hut-Pus - Obiady Domowe,"Mogilska 84, Kraków",50.06680219999999,19.9710149,3,stop_208_13029,804-02,Białucha,50.067597,19.977192,450,,
ChIJxx0CJDlbFkcRRpWzMLVWoiQ,Hut-Pus - Obiady Domowe,"Mogilska 84, Kraków",50.06680219999999,19.9710149,4,stop_208_13019,804-01,Białucha,50.067841,19.977991,511,,
ChIJxx0CJDlbFkcRRpWzMLVWoiQ,Hut-Pus - Obiady Domowe,"Mogilska 84, Kraków",50.06680219999999,19.9710149,5,stop_232_36819,812-01,Fabryczna,50.060437,19.970172,710,,
ChIJbfiWwUhbFkcRbUiLAahmvnI,IVY Cocktail Bar & Karaoke,"Świętego Tomasza 31, Kraków",50.0621099,19.9419646,1,stop_222_35719,806-01,Poczta Główna,50.059797,19.942404,259,,
ChIJbfiWwUhbFkcRbUiLAahmvnI,IVY Cocktail Bar & Karaoke,"Świętego Tomasza 31, Kraków",50.0621099,19.9419646,2,stop_222_35739,806-03,Poczta Główna,50.059339,19.941821,308,,
ChIJbfiWwUhbFkcRbUiLAahmvnI,IVY Cocktail Bar & Karaoke,"Świętego Tomasza 31, Kraków",50.0621099,19.9419646,3,stop_852_324239,801-03,Teatr Słowackiego,50.064192,19.94499,317,,
ChIJbfiWwUhbFkcRbUiLAahmvnI,IVY Cocktail Bar & Karaoke,"Świętego Tomasza 31, Kraków",50.0621099,19.9419646,4,stop_222_35729,806-02,Poczta Główna,50.059205,19.942571,326,,
ChIJbfiWwUhbFkcRbUiLAahmvnI,IVY Cocktail Bar & Karaoke,"Świętego Tomasza 31, Kraków",50.0621099,19.9419646,5,stop_852_324229,801-02,Teatr Słowackiego,50.064792,19.944409,346,,
ChIJrUvG1HJbFkcRPVT1mUMR7qE,Indalo Cafe & Bar,"Tarłowska 15, Kraków",50.05748599999999,19.9313168,1,stop_219_32229,822-02,Filharmonia,50.058666,19.933001,178,,
ChIJrUvG1HJbFkcRPVT1mUMR7qE,Indalo Cafe & Bar,"Tarłowska 15, Kraków",50.05748599999999,19.9313168,2,stop_219_32239,822-03,Filharmonia,50.05917,19.9331,226,,
ChIJrUvG1HJbFkcRPVT1mUMR7qE,Indalo Cafe & Bar,"Tarłowska 15, Kraków",50.05748599999999,19.9313168,3,stop_219_32219,822-01,Filharmonia,50.05903,19.93387,250,,
ChIJrUvG1HJbFkcRPVT1mUMR7qE,Indalo Cafe & Bar,"Tarłowska 15, Kraków",50.05748599999999,19.9313168,4,stop_216_31919,823-01,Jubilat,50.055498,19.928109,318,,
ChIJrUvG1HJbFkcRPVT1mUMR7qE,Indalo Cafe & Bar,"Tarłowska 15, Kraków",50.05748599999999,19.9313168,5,stop_216_31929,823-02,Jubilat,50.054999,19.927052,411,,
ChIJQ-bFJA5bFkcRwqhVHfERbtw,"Irish pub ""Pod Papugami""","Świętego Jana 18, Kraków",50.0637711,19.938842,1,stop_568_303229,833-02,Stary Kleparz,50.066234,19.938562,275,,
ChIJQ-bFJA5bFkcRwqhVHfERbtw,"Irish pub ""Pod Papugami""","Świętego Jana 18, Kraków",50.0637711,19.938842,2,stop_568_303219,833-01,Stary Kleparz,50.066314,19.939721,290,,
ChIJQ-bFJA5bFkcRwqhVHfERbtw,"Irish pub ""Pod Papugami""","Świętego Jana 18, Kraków",50.0637711,19.938842,3,stop_568_303239,833-03,Stary Kleparz,50.06666,19.93895,321,,
ChIJQ-bFJA5bFkcRwqhVHfERbtw,"Irish pub ""Pod Papugami""","Świętego Jana 18, Kraków",50.0637711,19.938842,4,stop_191_7729,,Teatr Bagatela,50.063806,19.933366,391,,
ChIJQ-bFJA5bFkcRwqhVHfERbtw,"Irish pub ""Pod Papugami""","Świętego Jana 18, Kraków",50.0637711,19.938842,5,stop_852_324229,801-02,Teatr Słowackiego,50.064792,19.944409,413,,
ChIJHUC8hm9bFkcRyoaWWwMCrL0,Ita,"Józefińska 2, Kraków",50.0458445,19.9483839,1,stop_279_57129,556-02,Korona,50.044052,19.947497,209,,
ChIJHUC8hm9bFkcRyoaWWwMCrL0,Ita,"Józefińska 2, Kraków",50.0458445,19.9483839,2,stop_279_57139,556-03,Korona,50.044032,19.94678,232,,
ChIJHUC8hm9bFkcRyoaWWwMCrL0,Ita,"Józefińska 2, Kraków",50.0458445,19.9483839,3,stop_279_57119,556-01,Korona,50.043604,19.946683,277,,
ChIJHUC8hm9bFkcRyoaWWwMCrL0,Ita,"Józefińska 2, Kraków",50.0458445,19.9483839,4,stop_225_36019,820-01,Plac Wolnica,50.048028,19.943426,429,,
ChIJHUC8hm9bFkcRyoaWWwMCrL0,Ita,"Józefińska 2, Kraków",50.0458445,19.9483839,5,stop_225_36029,820-02,Plac Wolnica,50.048114,19.943448,433,,
ChIJ18eIqThbFkcRt1hVx3GfGoM,JEFF'S GALERIA KAZIMIERZ,"Podgórska 34, Kraków",50.0539914,19.9547365,1,stop_1103_347129,816-02,św. Wawrzyńca,50.051415,19.950829,400,,
ChIJ18eIqThbFkcRt1hVx3GfGoM,JEFF'S GALERIA KAZIMIERZ,"Podgórska 34, Kraków",50.0539914,19.9547365,2,stop_1103_347119,816-01,św. Wawrzyńca,50.051131,19.951064,412,,
ChIJ18eIqThbFkcRt1hVx3GfGoM,JEFF'S GALERIA KAZIMIERZ,"Podgórska 34, Kraków",50.0539914,19.9547365,3,stop_227_36229,815-02,Miodowa,50.05321,19.9489,426,,
ChIJ18eIqThbFkcRt1hVx3GfGoM,JEFF'S GALERIA KAZIMIERZ,"Podgórska 34, Kraków",50.0539914,19.9547365,4,stop_230_36549,809-04,Rondo Grzegórzeckie,50.056894,19.958941,441,,
ChIJ18eIqThbFkcRt1hVx3GfGoM,JEFF'S GALERIA KAZIMIERZ,"Podgórska 34, Kraków",50.0539914,19.9547365,5,stop_230_36529,809-02,Rondo Grzegórzeckie,50.057558,19.957748,451,,
ChIJW8p7gxFbFkcR-0hqwQUxiD0,Jadłodajnia U STASI,"Mikołajska 16, Kraków",50.06147379999999,19.9415913,1,stop_222_35719,806-01,Poczta Główna,50.059797,19.942404,195,,
ChIJW8p7gxFbFkcR-0hqwQUxiD0,Jadłodajnia U STASI,"Mikołajska 16, Kraków",50.06147379999999,19.9415913,2,stop_222_35739,806-03,Poczta Główna,50.059339,19.941821,238,,
ChIJW8p7gxFbFkcR-0hqwQUxiD0,Jadłodajnia U STASI,"Mikołajska 16, Kraków",50.06147379999999,19.9415913,3,stop_222_35729,806-02,Poczta Główna,50.059205,19.942571,262,,
ChIJW8p7gxFbFkcR-0hqwQUxiD0,Jadłodajnia U STASI,"Mikołajska 16, Kraków",50.06147379999999,19.9415913,4,stop_1102_347019,817-01,św. Gertrudy,50.058627,19.940988,319,,
ChIJW8p7gxFbFkcR-0hqwQUxiD0,Jadłodajnia U STASI,"Mikołajska 16, Kraków",50.06147379999999,19.9415913,5,stop_1102_347029,817-02,św. Gertrudy,50.058486,19.940838,337,,
ChIJuxUNFwBbFkcRVKM3hglN8fM,Jana Kasprobitchas,"Jana Kasprowicza 15, Kraków",50.0681907,19.9653243,1,stop_207_12929,803-02,Cystersów,50.06654,19.969149,329,,
ChIJuxUNFwBbFkcRVKM3hglN8fM,Jana Kasprobitchas,"Jana Kasprowicza 15, Kraków",50.0681907,19.9653243,2,stop_207_12919,803-01,Cystersów,50.066523,19.970519,415,,
ChIJuxUNFwBbFkcRVKM3hglN8fM,Jana Kasprobitchas,"Jana Kasprowicza 15, Kraków",50.0681907,19.9653243,3,stop_203_12529,802-02,Rondo Mogilskie,50.065759,19.959864,474,,
ChIJuxUNFwBbFkcRVKM3hglN8fM,Jana Kasprobitchas,"Jana Kasprowicza 15, Kraków",50.0681907,19.9653243,4,stop_203_12519,802-01,Rondo Mogilskie,50.065782,19.959639,486,,
ChIJuxUNFwBbFkcRVKM3hglN8fM,Jana Kasprobitchas,"Jana Kasprowicza 15, Kraków",50.0681907,19.9653243,5,stop_203_12559,802-05,Rondo Mogilskie,50.066002,19.958722,530,,
ChIJrzu05RFbFkcRE_bfuSovXik,Jazz Club u Muniaka,"Floriańska 3, Kraków",50.0621719,19.9394849,1,stop_222_35719,806-01,Poczta Główna,50.059797,19.942404,336,,
ChIJrzu05RFbFkcRE_bfuSovXik,Jazz Club u Muniaka,"Floriańska 3, Kraków",50.0621719,19.9394849,2,stop_325_136019,821-01,Plac Wszystkich Świętych,50.05912,19.93824,351,,
ChIJrzu05RFbFkcRE_bfuSovXik,Jazz Club u Muniaka,"Floriańska 3, Kraków",50.0621719,19.9394849,3,stop_222_35739,806-03,Poczta Główna,50.059339,19.941821,356,,
ChIJrzu05RFbFkcRE_bfuSovXik,Jazz Club u Muniaka,"Floriańska 3, Kraków",50.0621719,19.9394849,4,stop_325_136029,821-02,Plac Wszystkich Świętych,50.059113,19.937497,369,,
ChIJrzu05RFbFkcRE_bfuSovXik,Jazz Club u Muniaka,"Floriańska 3, Kraków",50.0621719,19.9394849,5,stop_222_35729,806-02,Poczta Główna,50.059205,19.942571,397,,
ChIJRSG3jhBbFkcRYXZ8U7fZxqY,Jazz Rock Cafe,"Sławkowska 12, Kraków",50.0639241,19.9373782,1,stop_568_303229,833-02,Stary Kleparz,50.066234,19.938562,270,,
ChIJRSG3jhBbFkcRYXZ8U7fZxqY,Jazz Rock Cafe,"Sławkowska 12, Kraków",50.0639241,19.9373782,2,stop_191_7729,,Teatr Bagatela,50.063806,19.933366,287,,
ChIJRSG3jhBbFkcRYXZ8U7fZxqY,Jazz Rock Cafe,"Sławkowska 12, Kraków",50.0639241,19.9373782,3,stop_568_303219,833-01,Stary Kleparz,50.066314,19.939721,314,,
ChIJRSG3jhBbFkcRYXZ8U7fZxqY,Jazz Rock Cafe,"Sławkowska 12, Kraków",50.0639241,19.9373782,4,stop_568_303239,833-03,Stary Kleparz,50.06666,19.93895,324,,
ChIJRSG3jhBbFkcRYXZ8U7fZxqY,Jazz Rock Cafe,"Sławkowska 12, Kraków",50.0639241,19.9373782,5,stop_191_7739,,Teatr Bagatela,50.063755,19.932586,343,,
ChIJjWHdwmdbFkcR5Ib3lIYDXQw,KIEŁBABA - Grillowane kiełbaski z Liszek i słynne zapieksy ze Skawiny,Kraków,50.0783415,19.8874643,1,stop_1058_345929,,Bronowice SKA,50.081524,19.888593,363,,
ChIJjWHdwmdbFkcR5Ib3lIYDXQw,KIEŁBABA - Grillowane kiełbaski z Liszek i słynne zapieksy ze Skawiny,Kraków,50.0783415,19.8874643,2,stop_1058_345919,,Bronowice SKA,50.081331,19.889698,369,,
ChIJjWHdwmdbFkcR5Ib3lIYDXQw,KIEŁBABA - Grillowane kiełbaski z Liszek i słynne zapieksy ze Skawiny,Kraków,50.0783415,19.8874643,3,stop_212_13519,,Bronowice Małe,50.08179,19.88192,551,,
ChIJjWHdwmdbFkcR5Ib3lIYDXQw,KIEŁBABA - Grillowane kiełbaski z Liszek i słynne zapieksy ze Skawiny,Kraków,50.0783415,19.8874643,4,stop_210_13329,,Wesele,50.079235,19.896704,667,,
ChIJjWHdwmdbFkcR5Ib3lIYDXQw,KIEŁBABA - Grillowane kiełbaski z Liszek i słynne zapieksy ze Skawiny,Kraków,50.0783415,19.8874643,5,stop_210_13319,,Wesele,50.078856,19.897857,744,,
ChIJsdw3sBpbFkcRjQgAxoXy6yU,KORBA Piwo Kawiarnia,"plac Jana Matejki 6, Kraków",50.06668489999999,19.9428938,1,stop_335_260819,760-01,Dworzec Główny Zachód,50.06783,19.945354,217,,
ChIJsdw3sBpbFkcRjQgAxoXy6yU,KORBA Piwo Kawiarnia,"plac Jana Matejki 6, Kraków",50.06668489999999,19.9428938,2,stop_335_260829,760-02,Dworzec Główny Zachód,50.067827,19.945408,220,,
ChIJsdw3sBpbFkcRjQgAxoXy6yU,KORBA Piwo Kawiarnia,"plac Jana Matejki 6, Kraków",50.06668489999999,19.9428938,3,stop_568_303219,833-01,Stary Kleparz,50.066314,19.939721,230,,
ChIJsdw3sBpbFkcRjQgAxoXy6yU,KORBA Piwo Kawiarnia,"plac Jana Matejki 6, Kraków",50.06668489999999,19.9428938,4,stop_852_324229,801-02,Teatr Słowackiego,50.064792,19.944409,237,,
ChIJsdw3sBpbFkcRjQgAxoXy6yU,KORBA Piwo Kawiarnia,"plac Jana Matejki 6, Kraków",50.06668489999999,19.9428938,5,stop_852_324249,801-04,Teatr Słowackiego,50.065006,19.94518,248,,
ChIJ5QA3evZbFkcRoXJV35LonRM,Karaoke Spot,"Westerplatte 13, Kraków",50.06152840000001,19.9444999,1,stop_222_35719,806-01,Poczta Główna,50.059797,19.942404,244,,
ChIJ5QA3evZbFkcRoXJV35LonRM,Karaoke Spot,"Westerplatte 13, Kraków",50.06152840000001,19.9444999,2,stop_222_35729,806-02,Poczta Główna,50.059205,19.942571,293,,
ChIJ5QA3evZbFkcRoXJV35LonRM,Karaoke Spot,"Westerplatte 13, Kraków",50.06152840000001,19.9444999,3,stop_852_324239,801-03,Teatr Słowackiego,50.064192,19.94499,298,,
ChIJ5QA3evZbFkcRoXJV35LonRM,Karaoke Spot,"Westerplatte 13, Kraków",50.06152840000001,19.9444999,4,stop_222_35739,806-03,Poczta Główna,50.059339,19.941821,310,,
ChIJ5QA3evZbFkcRoXJV35LonRM,Karaoke Spot,"Westerplatte 13, Kraków",50.06152840000001,19.9444999,5,stop_852_324219,801-01,Teatr Słowackiego,50.064609,19.945628,352,,
ChIJm19_MhJbFkcR6xqSZRnfc78,Katanè,"Sienna 17, Kraków",50.06034289999999,19.9409579,1,stop_222_35719,806-01,Poczta Główna,50.059797,19.942404,120,,
ChIJm19_MhJbFkcR6xqSZRnfc78,Katanè,"Sienna 17, Kraków",50.06034289999999,19.9409579,2,stop_222_35739,806-03,Poczta Główna,50.059339,19.941821,128,,
ChIJm19_MhJbFkcR6xqSZRnfc78,Katanè,"Sienna 17, Kraków",50.06034289999999,19.9409579,3,stop_222_35729,806-02,Poczta Główna,50.059205,19.942571,171,,
ChIJm19_MhJbFkcR6xqSZRnfc78,Katanè,"Sienna 17, Kraków",50.06034289999999,19.9409579,4,stop_1102_347019,817-01,św. Gertrudy,50.058627,19.940988,191,,
ChIJm19_MhJbFkcR6xqSZRnfc78,Katanè,"Sienna 17, Kraków",50.06034289999999,19.9409579,5,stop_1102_347029,817-02,św. Gertrudy,50.058486,19.940838,207,,
ChIJ2ezWFWpbFkcRS5qXPBzBoWU,Kawa i Papierosy,"33-332, Józefa 16, Kraków",50.0507146,19.9444388,1,stop_224_35949,819-04,Stradom,50.050842,19.942415,145,,
ChIJ2ezWFWpbFkcRS5qXPBzBoWU,Kawa i Papierosy,"33-332, Józefa 16, Kraków",50.0507146,19.9444388,2,stop_224_35919,819-01,Stradom,50.05148,19.941337,237,,
ChIJ2ezWFWpbFkcRS5qXPBzBoWU,Kawa i Papierosy,"33-332, Józefa 16, Kraków",50.0507146,19.9444388,3,stop_224_35939,819-03,Stradom,50.052258,19.942061,241,,
ChIJ2ezWFWpbFkcRS5qXPBzBoWU,Kawa i Papierosy,"33-332, Józefa 16, Kraków",50.0507146,19.9444388,4,stop_224_35929,819-02,Stradom,50.052086,19.941166,279,,
ChIJ2ezWFWpbFkcRS5qXPBzBoWU,Kawa i Papierosy,"33-332, Józefa 16, Kraków",50.0507146,19.9444388,5,stop_225_36029,820-02,Plac Wolnica,50.048114,19.943448,298,,
ChIJqc_PtONbFkcRls_lpYPMIa0,Kawa i Wino,"Rynek Kleparski 20, Kioski 42, Kraków",50.0668641,19.9408387,1,stop_568_303219,833-01,Stary Kleparz,50.066314,19.939721,101,,
ChIJqc_PtONbFkcRls_lpYPMIa0,Kawa i Wino,"Rynek Kleparski 20, Kioski 42, Kraków",50.0668641,19.9408387,2,stop_568_303239,833-03,Stary Kleparz,50.06666,19.93895,137,,
ChIJqc_PtONbFkcRls_lpYPMIa0,Kawa i Wino,"Rynek Kleparski 20, Kioski 42, Kraków",50.0668641,19.9408387,3,stop_568_303229,833-02,Stary Kleparz,50.066234,19.938562,177,,
ChIJqc_PtONbFkcRls_lpYPMIa0,Kawa i Wino,"Rynek Kleparski 20, Kioski 42, Kraków",50.0668641,19.9408387,4,stop_335_260819,760-01,Dworzec Główny Zachód,50.06783,19.945354,340,,
ChIJqc_PtONbFkcRls_lpYPMIa0,Kawa i Wino,"Rynek Kleparski 20, Kioski 42, Kraków",50.0668641,19.9408387,5,stop_335_260829,760-02,Dworzec Główny Zachód,50.067827,19.945408,343,,
ChIJA5Sf_DhbFkcRBv629hTew2U,Kawa to Zawsze Dobry Pomysł,"rondo Mogilskie 1/09, Kraków",50.0659545,19.9573033,1,stop_203_12559,802-05,Rondo Mogilskie,50.066002,19.958722,101,,
ChIJA5Sf_DhbFkcRBv629hTew2U,Kawa to Zawsze Dobry Pomysł,"rondo Mogilskie 1/09, Kraków",50.0659545,19.9573033,2,stop_203_12519,802-01,Rondo Mogilskie,50.065782,19.959639,168,,
ChIJA5Sf_DhbFkcRBv629hTew2U,Kawa to Zawsze Dobry Pomysł,"rondo Mogilskie 1/09, Kraków",50.0659545,19.9573033,3,stop_203_12549,802-04,Rondo Mogilskie,50.064973,19.959357,183,,
ChIJA5Sf_DhbFkcRBv629hTew2U,Kawa to Zawsze Dobry Pomysł,"rondo Mogilskie 1/09, Kraków",50.0659545,19.9573033,4,stop_203_12529,802-02,Rondo Mogilskie,50.065759,19.959864,184,,
ChIJA5Sf_DhbFkcRBv629hTew2U,Kawa to Zawsze Dobry Pomysł,"rondo Mogilskie 1/09, Kraków",50.0659545,19.9573033,5,stop_203_12539,802-03,Rondo Mogilskie,50.064865,19.959303,187,,
ChIJdU1xM0hDFkcRAbBCUuHu_PQ,Kawiarnia Ewa,"Turniejowa 65, Kraków",50.0102124,19.9615815,1,stop_307_71819,583-01,Witosa,50.012338,19.956857,412,,
ChIJdU1xM0hDFkcRAbBCUuHu_PQ,Kawiarnia Ewa,"Turniejowa 65, Kraków",50.0102124,19.9615815,2,stop_305_71519,627-01,Nowosądecka,50.013455,19.964635,421,,
ChIJdU1xM0hDFkcRAbBCUuHu_PQ,Kawiarnia Ewa,"Turniejowa 65, Kraków",50.0102124,19.9615815,3,stop_305_71529,627-02,Nowosądecka,50.013437,19.964684,422,,
ChIJdU1xM0hDFkcRAbBCUuHu_PQ,Kawiarnia Ewa,"Turniejowa 65, Kraków",50.0102124,19.9615815,4,stop_307_71829,583-02,Witosa,50.012424,19.95579,481,,
ChIJdU1xM0hDFkcRAbBCUuHu_PQ,Kawiarnia Ewa,"Turniejowa 65, Kraków",50.0102124,19.9615815,5,stop_841_317619,584-01,Kurdwanów P+R,50.01356,19.95042,880,,
ChIJ3YthUFdbFkcR1Y7q-xoTa6Y,Kawiarnia Fornir,"Długa 12, Kraków",50.0671841,19.9385511,1,stop_568_303239,833-03,Stary Kleparz,50.06666,19.93895,65,,
ChIJ3YthUFdbFkcR1Y7q-xoTa6Y,Kawiarnia Fornir,"Długa 12, Kraków",50.0671841,19.9385511,2,stop_568_303229,833-02,Stary Kleparz,50.066234,19.938562,106,,
ChIJ3YthUFdbFkcR1Y7q-xoTa6Y,Kawiarnia Fornir,"Długa 12, Kraków",50.0671841,19.9385511,3,stop_568_303219,833-01,Stary Kleparz,50.066314,19.939721,128,,
ChIJ3YthUFdbFkcR1Y7q-xoTa6Y,Kawiarnia Fornir,"Długa 12, Kraków",50.0671841,19.9385511,4,stop_188_7229,834-02,Pędzichów,50.069646,19.937499,284,,
ChIJ3YthUFdbFkcR1Y7q-xoTa6Y,Kawiarnia Fornir,"Długa 12, Kraków",50.0671841,19.9385511,5,stop_188_7219,834-01,Pędzichów,50.069678,19.937536,287,,
ChIJszZHDnBDFkcRxfOMtBPmDBg,"Kawiarnia i Bistro ""Za Witrażem""","Wielicka 265, Kraków",50.01255889999999,20.000072,1,stop_304_68219,649-01,Prokocim Szpital,50.014443,19.998952,224,,
ChIJszZHDnBDFkcRxfOMtBPmDBg,"Kawiarnia i Bistro ""Za Witrażem""","Wielicka 265, Kraków",50.01255889999999,20.000072,2,stop_304_68229,649-02,Prokocim Szpital,50.014585,20.000171,225,,
ChIJszZHDnBDFkcRxfOMtBPmDBg,"Kawiarnia i Bistro ""Za Witrażem""","Wielicka 265, Kraków",50.01255889999999,20.000072,3,stop_303_68119,655-01,Teligi,50.016599,20.007159,677,,
ChIJszZHDnBDFkcRxfOMtBPmDBg,"Kawiarnia i Bistro ""Za Witrażem""","Wielicka 265, Kraków",50.01255889999999,20.000072,4,stop_303_68129,655-02,Teligi,50.016511,20.007916,712,,
ChIJszZHDnBDFkcRxfOMtBPmDBg,"Kawiarnia i Bistro ""Za Witrażem""","Wielicka 265, Kraków",50.01255889999999,20.000072,5,stop_301_63719,648-01,Prokocim,50.017526,19.991105,846,,
ChIJG4OGkqtbFkcRzbXj6GIuUsQ,Kawiarnia Święty Spokój,"Ludowa 6, Kraków",50.0387041,19.9638297,1,stop_339_62119,643-01,Cmentarz Podgórski,50.038989,19.964548,60,,
ChIJG4OGkqtbFkcRzbXj6GIuUsQ,Kawiarnia Święty Spokój,"Ludowa 6, Kraków",50.0387041,19.9638297,2,stop_339_62129,643-02,Cmentarz Podgórski,50.038686,19.964919,78,,
ChIJG4OGkqtbFkcRzbXj6GIuUsQ,Kawiarnia Święty Spokój,"Ludowa 6, Kraków",50.0387041,19.9638297,3,stop_820_315829,642-02,Podgórze SKA,50.04184,19.961425,389,,
ChIJG4OGkqtbFkcRzbXj6GIuUsQ,Kawiarnia Święty Spokój,"Ludowa 6, Kraków",50.0387041,19.9638297,4,stop_820_315819,642-01,Podgórze SKA,50.042438,19.960723,471,,
ChIJG4OGkqtbFkcRzbXj6GIuUsQ,Kawiarnia Święty Spokój,"Ludowa 6, Kraków",50.0387041,19.9638297,5,stop_296_62319,644-01,Dworcowa,50.033435,19.970294,746,,
ChIJI-m1rGtbFkcRRSdvR29uLm8,Kazimir Food & Drink,"Miodowa 11, Kraków",50.052055,19.943287,1,stop_224_35939,819-03,Stradom,50.052258,19.942061,90,,
ChIJI-m1rGtbFkcRRSdvR29uLm8,Kazimir Food & Drink,"Miodowa 11, Kraków",50.052055,19.943287,2,stop_224_35949,819-04,Stradom,50.050842,19.942415,149,,
ChIJI-m1rGtbFkcRRSdvR29uLm8,Kazimir Food & Drink,"Miodowa 11, Kraków",50.052055,19.943287,3,stop_224_35929,819-02,Stradom,50.052086,19.941166,151,,
ChIJI-m1rGtbFkcRRSdvR29uLm8,Kazimir Food & Drink,"Miodowa 11, Kraków",50.052055,19.943287,4,stop_224_35919,819-01,Stradom,50.05148,19.941337,153,,
ChIJI-m1rGtbFkcRRSdvR29uLm8,Kazimir Food & Drink,"Miodowa 11, Kraków",50.052055,19.943287,5,stop_226_36119,872-01,Orzeszkowej,50.050631,19.938671,366,,
ChIJ3YerAB9DFkcRGFm9e5nmY_o,Kebab Szama,"Barbary 3, Kraków",50.015936,20.0244239,1,stop_840_317519,702-01,Nowy Bieżanów P+R,50.015608,20.023053,105,,
ChIJ3YerAB9DFkcRGFm9e5nmY_o,Kebab Szama,"Barbary 3, Kraków",50.015936,20.0244239,2,stop_302_67929,657-02,Ćwiklińskiej,50.015966,20.019968,318,,
ChIJ3YerAB9DFkcRGFm9e5nmY_o,Kebab Szama,"Barbary 3, Kraków",50.015936,20.0244239,3,stop_302_67919,657-01,Ćwiklińskiej,50.016057,20.019317,365,,
ChIJ3YerAB9DFkcRGFm9e5nmY_o,Kebab Szama,"Barbary 3, Kraków",50.015936,20.0244239,4,stop_334_258229,656-02,Nowy Prokocim,50.016318,20.013226,801,,
ChIJ3YerAB9DFkcRGFm9e5nmY_o,Kebab Szama,"Barbary 3, Kraków",50.015936,20.0244239,5,stop_334_258219,656-01,Nowy Prokocim,50.016128,20.012098,881,,
ChIJd0c0R-xbFkcRdK1Am-2rXJE,Kebab YEAH,"Jana Henryka Dąbrowskiego 5, Kraków",50.0443776,19.958936,1,stop_338_56929,641-02,Limanowskiego,50.045,19.955911,227,,
ChIJd0c0R-xbFkcRdK1Am-2rXJE,Kebab YEAH,"Jana Henryka Dąbrowskiego 5, Kraków",50.0443776,19.958936,2,stop_820_315819,642-01,Podgórze SKA,50.042438,19.960723,251,,
ChIJd0c0R-xbFkcRdK1Am-2rXJE,Kebab YEAH,"Jana Henryka Dąbrowskiego 5, Kraków",50.0443776,19.958936,3,stop_338_56919,641-01,Limanowskiego,50.045136,19.954882,302,,
ChIJd0c0R-xbFkcRdK1Am-2rXJE,Kebab YEAH,"Jana Henryka Dąbrowskiego 5, Kraków",50.0443776,19.958936,4,stop_820_315829,642-02,Podgórze SKA,50.04184,19.961425,333,,
ChIJd0c0R-xbFkcRdK1Am-2rXJE,Kebab YEAH,"Jana Henryka Dąbrowskiego 5, Kraków",50.0443776,19.958936,5,stop_278_57019,640-01,Plac Bohaterów Getta,50.046605,19.955028,373,,
ChIJAdqK3mlbFkcRcX1XNFGY1y8,Kebab no 13,"plac Wolnica 13, Kraków",50.04825589999999,19.944049,1,stop_225_36029,820-02,Plac Wolnica,50.048114,19.943448,46,,
ChIJAdqK3mlbFkcRcX1XNFGY1y8,Kebab no 13,"plac Wolnica 13, Kraków",50.04825589999999,19.944049,2,stop_225_36019,820-01,Plac Wolnica,50.048028,19.943426,51,,
ChIJAdqK3mlbFkcRcX1XNFGY1y8,Kebab no 13,"plac Wolnica 13, Kraków",50.04825589999999,19.944049,3,stop_224_35949,819-04,Stradom,50.050842,19.942415,310,,
ChIJAdqK3mlbFkcRcX1XNFGY1y8,Kebab no 13,"plac Wolnica 13, Kraków",50.04825589999999,19.944049,4,stop_224_35919,819-01,Stradom,50.05148,19.941337,407,,
ChIJAdqK3mlbFkcRcX1XNFGY1y8,Kebab no 13,"plac Wolnica 13, Kraków",50.04825589999999,19.944049,5,stop_226_36119,872-01,Orzeszkowej,50.050631,19.938671,466,,
ChIJyZmMxDpFFkcRlOxIIuomvwI,Kebab Żarełko,"Mieczysława Medweckiego 7, Kraków",50.07529279999999,20.0156857,1,stop_246_40829,103-02,Rondo Czyżyńskie,50.07358,20.01606,192,,
ChIJyZmMxDpFFkcRlOxIIuomvwI,Kebab Żarełko,"Mieczysława Medweckiego 7, Kraków",50.07529279999999,20.0156857,2,stop_246_40839,103-03,Rondo Czyżyńskie,50.074193,20.018028,207,,
ChIJyZmMxDpFFkcRlOxIIuomvwI,Kebab Żarełko,"Mieczysława Medweckiego 7, Kraków",50.07529279999999,20.0156857,3,stop_246_40849,103-04,Rondo Czyżyńskie,50.072758,20.017068,299,,
ChIJyZmMxDpFFkcRlOxIIuomvwI,Kebab Żarełko,"Mieczysława Medweckiego 7, Kraków",50.07529279999999,20.0156857,4,stop_246_40819,103-01,Rondo Czyżyńskie,50.0733,20.01888,318,,
ChIJyZmMxDpFFkcRlOxIIuomvwI,Kebab Żarełko,"Mieczysława Medweckiego 7, Kraków",50.07529279999999,20.0156857,5,stop_245_40719,102-01,Czyżyny,50.07399,20.011459,335,,
ChIJr4s_phNbFkcRqP36JWGthnQ,Klimaty Południa - Restauracja i Winiarnia,"Świętej Gertrudy 5, Kraków",50.0585153,19.9410683,1,stop_1102_347019,817-01,św. Gertrudy,50.058627,19.940988,14,,
ChIJr4s_phNbFkcRqP36JWGthnQ,Klimaty Południa - Restauracja i Winiarnia,"Świętej Gertrudy 5, Kraków",50.0585153,19.9410683,2,stop_1102_347029,817-02,św. Gertrudy,50.058486,19.940838,17,,
ChIJr4s_phNbFkcRqP36JWGthnQ,Klimaty Południa - Restauracja i Winiarnia,"Świętej Gertrudy 5, Kraków",50.0585153,19.9410683,3,stop_222_35739,806-03,Poczta Główna,50.059339,19.941821,106,,
ChIJr4s_phNbFkcRqP36JWGthnQ,Klimaty Południa - Restauracja i Winiarnia,"Świętej Gertrudy 5, Kraków",50.0585153,19.9410683,4,stop_222_35729,806-02,Poczta Główna,50.059205,19.942571,132,,
ChIJr4s_phNbFkcRqP36JWGthnQ,Klimaty Południa - Restauracja i Winiarnia,"Świętej Gertrudy 5, Kraków",50.0585153,19.9410683,5,stop_222_35719,806-01,Poczta Główna,50.059797,19.942404,171,,
ChIJmzoTiBFbFkcRjEcAv9631e8,Klub Alternatywy,"Mały Rynek 4, Kraków",50.0611383,19.9407503,1,stop_222_35719,806-01,Poczta Główna,50.059797,19.942404,190,,
ChIJmzoTiBFbFkcRjEcAv9631e8,Klub Alternatywy,"Mały Rynek 4, Kraków",50.0611383,19.9407503,2,stop_222_35739,806-03,Poczta Główna,50.059339,19.941821,214,,
ChIJmzoTiBFbFkcRjEcAv9631e8,Klub Alternatywy,"Mały Rynek 4, Kraków",50.0611383,19.9407503,3,stop_222_35729,806-02,Poczta Główna,50.059205,19.942571,251,,
ChIJmzoTiBFbFkcRjEcAv9631e8,Klub Alternatywy,"Mały Rynek 4, Kraków",50.0611383,19.9407503,4,stop_1102_347019,817-01,św. Gertrudy,50.058627,19.940988,280,,
ChIJmzoTiBFbFkcRjEcAv9631e8,Klub Alternatywy,"Mały Rynek 4, Kraków",50.0611383,19.9407503,5,stop_325_136019,821-01,Plac Wszystkich Świętych,50.05912,19.93824,287,,
ChIJa8t0qthdFkcRYwZrY38-iKQ,"Klub Bilardowy Imperial – bilard, pool & piramida | bar i jedzenie | Kraków","Zakopiańska 105, Kraków",50.0140268,19.9279369,1,stop_3_7,743-02,Solvay,50.014546,19.927822,58,,
ChIJa8t0qthdFkcRYwZrY38-iKQ,"Klub Bilardowy Imperial – bilard, pool & piramida | bar i jedzenie | Kraków","Zakopiańska 105, Kraków",50.0140268,19.9279369,2,stop_3_6,743-01,Solvay,50.014606,19.927852,65,,
ChIJa8t0qthdFkcRYwZrY38-iKQ,"Klub Bilardowy Imperial – bilard, pool & piramida | bar i jedzenie | Kraków","Zakopiańska 105, Kraków",50.0140268,19.9279369,3,stop_310_74719,562-01,Borek Fałęcki,50.013101,19.927021,122,,
ChIJa8t0qthdFkcRYwZrY38-iKQ,"Klub Bilardowy Imperial – bilard, pool & piramida | bar i jedzenie | Kraków","Zakopiańska 105, Kraków",50.0140268,19.9279369,4,stop_2_5,561-02,Kościuszkowców,50.015661,19.929342,208,,
ChIJa8t0qthdFkcRYwZrY38-iKQ,"Klub Bilardowy Imperial – bilard, pool & piramida | bar i jedzenie | Kraków","Zakopiańska 105, Kraków",50.0140268,19.9279369,5,stop_2_4,561-01,Kościuszkowców,50.016651,19.929831,322,,
ChIJExacRA1FFkcRhd1iU16e0hk,Klub Kombinator,"Osiedle Szkolne 25, Kraków",50.07831520000001,20.0479961,1,stop_253_42329,106-02,Struga,50.074892,20.047467,383,,
ChIJExacRA1FFkcRhd1iU16e0hk,Klub Kombinator,"Osiedle Szkolne 25, Kraków",50.07831520000001,20.0479961,2,stop_9_18,192-02,Zalew Nowohucki,50.076232,20.052439,393,,
ChIJExacRA1FFkcRhd1iU16e0hk,Klub Kombinator,"Osiedle Szkolne 25, Kraków",50.07831520000001,20.0479961,3,stop_9_17,192-01,Zalew Nowohucki,50.076158,20.052488,400,,
ChIJExacRA1FFkcRhd1iU16e0hk,Klub Kombinator,"Osiedle Szkolne 25, Kraków",50.07831520000001,20.0479961,4,stop_253_42319,106-01,Struga,50.074547,20.046307,436,,
ChIJExacRA1FFkcRhd1iU16e0hk,Klub Kombinator,"Osiedle Szkolne 25, Kraków",50.07831520000001,20.0479961,5,stop_353_274439,105-03,Plac Centralny im. R.Reagana,50.072556,20.038845,915,,
ChIJwfM_kA5bFkcR8leuJm6xocM,Klub Kulturalny,"Szewska 25, Kraków",50.0630185,19.93405,1,stop_191_7729,,Teatr Bagatela,50.063806,19.933366,100,,
ChIJwfM_kA5bFkcR8leuJm6xocM,Klub Kulturalny,"Szewska 25, Kraków",50.0630185,19.93405,2,stop_191_7719,,Teatr Bagatela,50.0631,19.932648,100,,
ChIJwfM_kA5bFkcR8leuJm6xocM,Klub Kulturalny,"Szewska 25, Kraków",50.0630185,19.93405,3,stop_191_7739,,Teatr Bagatela,50.063755,19.932586,133,,
ChIJwfM_kA5bFkcR8leuJm6xocM,Klub Kulturalny,"Szewska 25, Kraków",50.0630185,19.93405,4,stop_219_32239,822-03,Filharmonia,50.05917,19.9331,433,,
ChIJwfM_kA5bFkcR8leuJm6xocM,Klub Kulturalny,"Szewska 25, Kraków",50.0630185,19.93405,5,stop_219_32219,822-01,Filharmonia,50.05903,19.93387,444,,
ChIJBVObi2ZFFkcRofGZ64iLvcc,Klub Meta 2.0,"Aleja Jana Pawła II 78, Kraków",50.072882,20.000632,1,stop_8_15,100-02,AKF / PK,50.073967,19.99881,177,,
ChIJBVObi2ZFFkcRofGZ64iLvcc,Klub Meta 2.0,"Aleja Jana Pawła II 78, Kraków",50.072882,20.000632,2,stop_8_16,100-01,AKF / PK,50.074015,19.998685,188,,
ChIJBVObi2ZFFkcRofGZ64iLvcc,Klub Meta 2.0,"Aleja Jana Pawła II 78, Kraków",50.072882,20.000632,3,stop_199_11229,101-02,Stella-Sawickiego,50.074302,20.00459,324,,
ChIJBVObi2ZFFkcRofGZ64iLvcc,Klub Meta 2.0,"Aleja Jana Pawła II 78, Kraków",50.072882,20.000632,4,stop_199_11219,101-01,Stella-Sawickiego,50.074273,20.004747,332,,
ChIJBVObi2ZFFkcRofGZ64iLvcc,Klub Meta 2.0,"Aleja Jana Pawła II 78, Kraków",50.072882,20.000632,5,stop_575_304129,115-02,Rondo 308. Dywizjonu,50.067398,20.005374,697,,
ChIJP_qs1BNbFkcRdGc3Jvxcgl4,Klub Re,"Świętego Krzyża 4, Kraków",50.06104389999999,19.9412309,1,stop_222_35719,806-01,Poczta Główna,50.059797,19.942404,162,,
ChIJP_qs1BNbFkcRdGc3Jvxcgl4,Klub Re,"Świętego Krzyża 4, Kraków",50.06104389999999,19.9412309,2,stop_222_35739,806-03,Poczta Główna,50.059339,19.941821,194,,
ChIJP_qs1BNbFkcRdGc3Jvxcgl4,Klub Re,"Świętego Krzyża 4, Kraków",50.06104389999999,19.9412309,3,stop_222_35729,806-02,Poczta Główna,50.059205,19.942571,226,,
ChIJP_qs1BNbFkcRdGc3Jvxcgl4,Klub Re,"Świętego Krzyża 4, Kraków",50.06104389999999,19.9412309,4,stop_1102_347019,817-01,św. Gertrudy,50.058627,19.940988,269,,
ChIJP_qs1BNbFkcRdGc3Jvxcgl4,Klub Re,"Świętego Krzyża 4, Kraków",50.06104389999999,19.9412309,5,stop_1102_347029,817-02,św. Gertrudy,50.058486,19.940838,286,,
ChIJyXCUPWpbFkcRkLaDQ1JL3aY,Klub Wódki,"Józefa 12, Kraków",50.0506047,19.9440588,1,stop_224_35949,819-04,Stradom,50.050842,19.942415,120,,
ChIJyXCUPWpbFkcRkLaDQ1JL3aY,Klub Wódki,"Józefa 12, Kraków",50.0506047,19.9440588,2,stop_224_35919,819-01,Stradom,50.05148,19.941337,217,,
ChIJyXCUPWpbFkcRkLaDQ1JL3aY,Klub Wódki,"Józefa 12, Kraków",50.0506047,19.9440588,3,stop_224_35939,819-03,Stradom,50.052258,19.942061,233,,
ChIJyXCUPWpbFkcRkLaDQ1JL3aY,Klub Wódki,"Józefa 12, Kraków",50.0506047,19.9440588,4,stop_224_35929,819-02,Stradom,50.052086,19.941166,264,,
ChIJyXCUPWpbFkcRkLaDQ1JL3aY,Klub Wódki,"Józefa 12, Kraków",50.0506047,19.9440588,5,stop_225_36029,820-02,Plac Wolnica,50.048114,19.943448,280,,
ChIJc0t1GwFbFkcRLCtlLKXRfCw,Knitted Coffee,"Przemysłowa 4, Kraków",50.0491113,19.9595573,1,stop_321_115429,619-02,Zabłocie,50.049951,19.964216,345,,
ChIJc0t1GwFbFkcRLCtlLKXRfCw,Knitted Coffee,"Przemysłowa 4, Kraków",50.0491113,19.9595573,2,stop_321_115419,619-01,Zabłocie,50.0497,19.965148,405,,
ChIJc0t1GwFbFkcRLCtlLKXRfCw,Knitted Coffee,"Przemysłowa 4, Kraków",50.0491113,19.9595573,3,stop_278_57029,640-02,Plac Bohaterów Getta,50.046716,19.9551,415,,
ChIJc0t1GwFbFkcRLCtlLKXRfCw,Knitted Coffee,"Przemysłowa 4, Kraków",50.0491113,19.9595573,4,stop_278_57019,640-01,Plac Bohaterów Getta,50.046605,19.955028,427,,
ChIJc0t1GwFbFkcRLCtlLKXRfCw,Knitted Coffee,"Przemysłowa 4, Kraków",50.0491113,19.9595573,5,stop_338_56929,641-02,Limanowskiego,50.045,19.955911,526,,
ChIJo4kgLBJbFkcRrgkMYAjJYgY,Kogel Mogel,"Sienna 12, Kraków",50.0606555,19.9407871,1,stop_222_35719,806-01,Poczta Główna,50.059797,19.942404,150,,
ChIJo4kgLBJbFkcRrgkMYAjJYgY,Kogel Mogel,"Sienna 12, Kraków",50.0606555,19.9407871,2,stop_222_35739,806-03,Poczta Główna,50.059339,19.941821,164,,
ChIJo4kgLBJbFkcRrgkMYAjJYgY,Kogel Mogel,"Sienna 12, Kraków",50.0606555,19.9407871,3,stop_222_35729,806-02,Poczta Główna,50.059205,19.942571,206,,
ChIJo4kgLBJbFkcRrgkMYAjJYgY,Kogel Mogel,"Sienna 12, Kraków",50.0606555,19.9407871,4,stop_1102_347019,817-01,św. Gertrudy,50.058627,19.940988,226,,
ChIJo4kgLBJbFkcRrgkMYAjJYgY,Kogel Mogel,"Sienna 12, Kraków",50.0606555,19.9407871,5,stop_1102_347029,817-02,św. Gertrudy,50.058486,19.940838,241,,
ChIJKyvYb-1bFkcREHScJhhYGkI,Kolba Resto-Bar | #1 Themed Bar,"Wiślna 5/3, Kraków",50.0611452,19.9346528,1,stop_219_32219,822-01,Filharmonia,50.05903,19.93387,242,,
ChIJKyvYb-1bFkcREHScJhhYGkI,Kolba Resto-Bar | #1 Themed Bar,"Wiślna 5/3, Kraków",50.0611452,19.9346528,2,stop_219_32239,822-03,Filharmonia,50.05917,19.9331,246,,
ChIJKyvYb-1bFkcREHScJhhYGkI,Kolba Resto-Bar | #1 Themed Bar,"Wiślna 5/3, Kraków",50.0611452,19.9346528,3,stop_191_7719,,Teatr Bagatela,50.0631,19.932648,260,,
ChIJKyvYb-1bFkcREHScJhhYGkI,Kolba Resto-Bar | #1 Themed Bar,"Wiślna 5/3, Kraków",50.0611452,19.9346528,4,stop_219_32229,822-02,Filharmonia,50.058666,19.933001,300,,
ChIJKyvYb-1bFkcREHScJhhYGkI,Kolba Resto-Bar | #1 Themed Bar,"Wiślna 5/3, Kraków",50.0611452,19.9346528,5,stop_325_136029,821-02,Plac Wszystkich Świętych,50.059113,19.937497,304,,
ChIJfTP41BpbFkcR-RjsDPebZe0,Kolegaodwina,"Józefitów 9, Kraków",50.07103719999999,19.9237149,1,stop_193_7929,,Plac Inwalidów,50.069585,19.925897,224,,
ChIJfTP41BpbFkcR-RjsDPebZe0,Kolegaodwina,"Józefitów 9, Kraków",50.07103719999999,19.9237149,2,stop_194_8319,,Urzędnicza,50.071879,19.919754,298,,
ChIJfTP41BpbFkcR-RjsDPebZe0,Kolegaodwina,"Józefitów 9, Kraków",50.07103719999999,19.9237149,3,stop_194_8329,,Urzędnicza,50.071957,19.91925,335,,
ChIJfTP41BpbFkcR-RjsDPebZe0,Kolegaodwina,"Józefitów 9, Kraków",50.07103719999999,19.9237149,4,stop_193_7919,,Plac Inwalidów,50.068728,19.926981,347,,
ChIJfTP41BpbFkcR-RjsDPebZe0,Kolegaodwina,"Józefitów 9, Kraków",50.07103719999999,19.9237149,5,stop_4_9,,Stefana Batorego,50.067023,19.928837,577,,
ChIJwYGhZWpbFkcRghuBoMlFCns,Komisariat,"Estery 16, Kraków",50.0515897,19.9455979,1,stop_224_35949,819-04,Stradom,50.050842,19.942415,242,,
ChIJwYGhZWpbFkcRghuBoMlFCns,Komisariat,"Estery 16, Kraków",50.0515897,19.9455979,2,stop_224_35939,819-03,Stradom,50.052258,19.942061,263,,
ChIJwYGhZWpbFkcRghuBoMlFCns,Komisariat,"Estery 16, Kraków",50.0515897,19.9455979,3,stop_227_36229,815-02,Miodowa,50.05321,19.9489,297,,
ChIJwYGhZWpbFkcRghuBoMlFCns,Komisariat,"Estery 16, Kraków",50.0515897,19.9455979,4,stop_224_35919,819-01,Stradom,50.05148,19.941337,304,,
ChIJwYGhZWpbFkcRghuBoMlFCns,Komisariat,"Estery 16, Kraków",50.0515897,19.9455979,5,stop_227_36219,815-01,Miodowa,50.053886,19.948108,312,,
ChIJs5TaNhVbFkcRK-KRoaGNtPU,Konfederacka RestoBar,"Konfederacka 4, Kraków",50.0499564,19.9265025,1,stop_957_333819,501-01,Rondo Grunwaldzkie,50.048567,19.930917,351,,
ChIJs5TaNhVbFkcRK-KRoaGNtPU,Konfederacka RestoBar,"Konfederacka 4, Kraków",50.0499564,19.9265025,2,stop_282_57529,522-02,Szwedzka,50.046744,19.925484,365,,
ChIJs5TaNhVbFkcRK-KRoaGNtPU,Konfederacka RestoBar,"Konfederacka 4, Kraków",50.0499564,19.9265025,3,stop_957_333829,501-02,Rondo Grunwaldzkie,50.048605,19.931155,365,,
ChIJs5TaNhVbFkcRK-KRoaGNtPU,Konfederacka RestoBar,"Konfederacka 4, Kraków",50.0499564,19.9265025,4,stop_282_57519,522-01,Szwedzka,50.046721,19.925299,370,,
ChIJs5TaNhVbFkcRK-KRoaGNtPU,Konfederacka RestoBar,"Konfederacka 4, Kraków",50.0499564,19.9265025,5,stop_214_31329,300-02,Komorowskiego,50.053384,19.921893,504,,
ChIJ-U-tcWpbFkcRlxQbZkFxgm0,Kraina Szeptów,"Izaaka 1, Kraków",50.0513226,19.9458788,1,stop_224_35949,819-04,Stradom,50.050842,19.942415,253,,
ChIJ-U-tcWpbFkcRlxQbZkFxgm0,Kraina Szeptów,"Izaaka 1, Kraków",50.0513226,19.9458788,2,stop_224_35939,819-03,Stradom,50.052258,19.942061,292,,
ChIJ-U-tcWpbFkcRlxQbZkFxgm0,Kraina Szeptów,"Izaaka 1, Kraków",50.0513226,19.9458788,3,stop_227_36229,815-02,Miodowa,50.05321,19.9489,301,,
ChIJ-U-tcWpbFkcRlxQbZkFxgm0,Kraina Szeptów,"Izaaka 1, Kraków",50.0513226,19.9458788,4,stop_224_35919,819-01,Stradom,50.05148,19.941337,325,,
ChIJ-U-tcWpbFkcRlxQbZkFxgm0,Kraina Szeptów,"Izaaka 1, Kraków",50.0513226,19.9458788,5,stop_227_36219,815-01,Miodowa,50.053886,19.948108,326,,
ChIJRbefLxJbFkcRyUvUDXsVJUk,Krakowska Koliba,"Sienna 11, Kraków",50.06063160000001,19.9403612,1,stop_222_35719,806-01,Poczta Główna,50.059797,19.942404,173,,
ChIJRbefLxJbFkcRyUvUDXsVJUk,Krakowska Koliba,"Sienna 11, Kraków",50.06063160000001,19.9403612,2,stop_222_35739,806-03,Poczta Główna,50.059339,19.941821,178,,
ChIJRbefLxJbFkcRyUvUDXsVJUk,Krakowska Koliba,"Sienna 11, Kraków",50.06063160000001,19.9403612,3,stop_222_35729,806-02,Poczta Główna,50.059205,19.942571,224,,
ChIJRbefLxJbFkcRyUvUDXsVJUk,Krakowska Koliba,"Sienna 11, Kraków",50.06063160000001,19.9403612,4,stop_325_136019,821-01,Plac Wszystkich Świętych,50.05912,19.93824,226,,
ChIJRbefLxJbFkcRyUvUDXsVJUk,Krakowska Koliba,"Sienna 11, Kraków",50.06063160000001,19.9403612,5,stop_1102_347019,817-01,św. Gertrudy,50.058627,19.940988,227,,
ChIJq2HqtxVbFkcRkPi0Ks4mAXo,Krakowski Kumpir,"Grzegórzecka 3/29, Kraków",50.05820540000001,19.9485663,1,stop_228_36329,808-02,Hala Targowa,50.058678,19.948657,53,,
ChIJq2HqtxVbFkcRkPi0Ks4mAXo,Krakowski Kumpir,"Grzegórzecka 3/29, Kraków",50.05820540000001,19.9485663,2,stop_228_36319,808-01,Hala Targowa,50.058639,19.948875,53,,
ChIJq2HqtxVbFkcRkPi0Ks4mAXo,Krakowski Kumpir,"Grzegórzecka 3/29, Kraków",50.05820540000001,19.9485663,3,stop_223_35839,807-03,Starowiślna,50.057227,19.946086,208,,
ChIJq2HqtxVbFkcRkPi0Ks4mAXo,Krakowski Kumpir,"Grzegórzecka 3/29, Kraków",50.05820540000001,19.9485663,4,stop_223_35849,807-04,Starowiślna,50.057262,19.946032,209,,
ChIJq2HqtxVbFkcRkPi0Ks4mAXo,Krakowski Kumpir,"Grzegórzecka 3/29, Kraków",50.05820540000001,19.9485663,5,stop_223_35829,807-02,Starowiślna,50.05689,19.945029,292,,
ChIJh0_JSw5bFkcRnInundgScgg,Krakowskie Zakąski Drink Bar & Garden,"Sławkowska 16, Kraków",50.0640826,19.9375907,1,stop_568_303229,833-02,Stary Kleparz,50.066234,19.938562,249,,
ChIJh0_JSw5bFkcRnInundgScgg,Krakowskie Zakąski Drink Bar & Garden,"Sławkowska 16, Kraków",50.0640826,19.9375907,2,stop_568_303219,833-01,Stary Kleparz,50.066314,19.939721,291,,
ChIJh0_JSw5bFkcRnInundgScgg,Krakowskie Zakąski Drink Bar & Garden,"Sławkowska 16, Kraków",50.0640826,19.9375907,3,stop_568_303239,833-03,Stary Kleparz,50.06666,19.93895,303,,
ChIJh0_JSw5bFkcRnInundgScgg,Krakowskie Zakąski Drink Bar & Garden,"Sławkowska 16, Kraków",50.0640826,19.9375907,4,stop_191_7729,,Teatr Bagatela,50.063806,19.933366,303,,
ChIJh0_JSw5bFkcRnInundgScgg,Krakowskie Zakąski Drink Bar & Garden,"Sławkowska 16, Kraków",50.0640826,19.9375907,5,stop_191_7739,,Teatr Bagatela,50.063755,19.932586,359,,
ChIJLXCUx0hbFkcRZQtK-OGmfXU,Krakó Slow Wines,"Lipowa 6F, Kraków",50.04746160000001,19.9629766,1,stop_321_115429,619-02,Zabłocie,50.049951,19.964216,291,,
ChIJLXCUx0hbFkcRZQtK-OGmfXU,Krakó Slow Wines,"Lipowa 6F, Kraków",50.04746160000001,19.9629766,2,stop_321_115419,619-01,Zabłocie,50.0497,19.965148,293,,
ChIJLXCUx0hbFkcRZQtK-OGmfXU,Krakó Slow Wines,"Lipowa 6F, Kraków",50.04746160000001,19.9629766,3,stop_316_94619,294-01,Klimeckiego,50.048976,19.967573,369,,
ChIJLXCUx0hbFkcRZQtK-OGmfXU,Krakó Slow Wines,"Lipowa 6F, Kraków",50.04746160000001,19.9629766,4,stop_316_94629,294-02,Klimeckiego,50.049016,19.967621,374,,
ChIJLXCUx0hbFkcRZQtK-OGmfXU,Krakó Slow Wines,"Lipowa 6F, Kraków",50.04746160000001,19.9629766,5,stop_278_57029,640-02,Plac Bohaterów Getta,50.046716,19.9551,569,,
ChIJFRXc2A1bFkcRRRsCXLrOmTA,Krawat,"Rynek Główny 29, Kraków",50.0618696,19.9357173,1,stop_191_7719,,Teatr Bagatela,50.0631,19.932648,258,,
ChIJFRXc2A1bFkcRRRsCXLrOmTA,Krawat,"Rynek Główny 29, Kraków",50.0618696,19.9357173,2,stop_191_7729,,Teatr Bagatela,50.063806,19.933366,273,,
ChIJFRXc2A1bFkcRRRsCXLrOmTA,Krawat,"Rynek Główny 29, Kraków",50.0618696,19.9357173,3,stop_191_7739,,Teatr Bagatela,50.063755,19.932586,306,,
ChIJFRXc2A1bFkcRRRsCXLrOmTA,Krawat,"Rynek Główny 29, Kraków",50.0618696,19.9357173,4,stop_325_136029,821-02,Plac Wszystkich Świętych,50.059113,19.937497,332,,
ChIJFRXc2A1bFkcRRRsCXLrOmTA,Krawat,"Rynek Główny 29, Kraków",50.0618696,19.9357173,5,stop_219_32219,822-01,Filharmonia,50.05903,19.93387,342,,
ChIJZUnaBrZbFkcRvqtAxf5AYhk,Kroma Restauracja Śniadaniowa,"Powiśle 12, Kraków",50.05513639999999,19.9332754,1,stop_216_31919,823-01,Jubilat,50.055498,19.928109,371,,
ChIJZUnaBrZbFkcRvqtAxf5AYhk,Kroma Restauracja Śniadaniowa,"Powiśle 12, Kraków",50.05513639999999,19.9332754,2,stop_219_32229,822-02,Filharmonia,50.058666,19.933001,393,,
ChIJZUnaBrZbFkcRvqtAxf5AYhk,Kroma Restauracja Śniadaniowa,"Powiśle 12, Kraków",50.05513639999999,19.9332754,3,stop_219_32219,822-01,Filharmonia,50.05903,19.93387,435,,
ChIJZUnaBrZbFkcRvqtAxf5AYhk,Kroma Restauracja Śniadaniowa,"Powiśle 12, Kraków",50.05513639999999,19.9332754,4,stop_216_31929,823-02,Jubilat,50.054999,19.927052,445,,
ChIJZUnaBrZbFkcRvqtAxf5AYhk,Kroma Restauracja Śniadaniowa,"Powiśle 12, Kraków",50.05513639999999,19.9332754,5,stop_221_32529,818-02,Wawel,50.054344,19.939404,446,,
ChIJDfTsRP5bFkcRkbpFe7TSjbQ,Kropka Kraków,"Józefa Dietla 31, Kraków",50.0506944,19.9407188,1,stop_224_35919,819-01,Stradom,50.05148,19.941337,98,,
ChIJDfTsRP5bFkcRkbpFe7TSjbQ,Kropka Kraków,"Józefa Dietla 31, Kraków",50.0506944,19.9407188,2,stop_224_35949,819-04,Stradom,50.050842,19.942415,122,,
ChIJDfTsRP5bFkcRkbpFe7TSjbQ,Kropka Kraków,"Józefa Dietla 31, Kraków",50.0506944,19.9407188,3,stop_226_36119,872-01,Orzeszkowej,50.050631,19.938671,146,,
ChIJDfTsRP5bFkcRkbpFe7TSjbQ,Kropka Kraków,"Józefa Dietla 31, Kraków",50.0506944,19.9407188,4,stop_224_35929,819-02,Stradom,50.052086,19.941166,158,,
ChIJDfTsRP5bFkcRkbpFe7TSjbQ,Kropka Kraków,"Józefa Dietla 31, Kraków",50.0506944,19.9407188,5,stop_226_36129,872-02,Orzeszkowej,50.050546,19.938251,177,,
ChIJhSZn2q9bFkcR8rgRqliF_1E,Królewski Bar,"Królewska 88, Kraków",50.0729289,19.9147809,1,stop_195_8429,,Biprostal,50.07309,19.915045,26,,
ChIJhSZn2q9bFkcR8rgRqliF_1E,Królewski Bar,"Królewska 88, Kraków",50.0729289,19.9147809,2,stop_195_8419,,Biprostal,50.072862,19.916075,93,,
ChIJhSZn2q9bFkcR8rgRqliF_1E,Królewski Bar,"Królewska 88, Kraków",50.0729289,19.9147809,3,stop_1554_380819,,UKEN,50.074123,19.910791,314,,
ChIJhSZn2q9bFkcR8rgRqliF_1E,Królewski Bar,"Królewska 88, Kraków",50.0729289,19.9147809,4,stop_194_8329,,Urzędnicza,50.071957,19.91925,337,,
ChIJhSZn2q9bFkcR8rgRqliF_1E,Królewski Bar,"Królewska 88, Kraków",50.0729289,19.9147809,5,stop_1554_380829,,UKEN,50.07426,19.909991,373,,
ChIJ_9tOiWhFFkcRd3pc4Iuh8Kg,Kuchenka,"Kornela Makuszyńskiego 22, Kraków",50.08968609999999,20.0441698,1,stop_330_254319,121-01,Wańkowicza,50.086978,20.04756,386,,
ChIJ_9tOiWhFFkcRd3pc4Iuh8Kg,Kuchenka,"Kornela Makuszyńskiego 22, Kraków",50.08968609999999,20.0441698,2,stop_330_254329,121-02,Wańkowicza,50.086937,20.047608,392,,
ChIJ_9tOiWhFFkcRd3pc4Iuh8Kg,Kuchenka,"Kornela Makuszyńskiego 22, Kraków",50.08968609999999,20.0441698,3,stop_571_303719,120-01,Cienista,50.08539,20.03852,625,,
ChIJ_9tOiWhFFkcRd3pc4Iuh8Kg,Kuchenka,"Kornela Makuszyńskiego 22, Kraków",50.08968609999999,20.0441698,4,stop_571_303729,120-02,Cienista,50.08492,20.03772,702,,
ChIJ_9tOiWhFFkcRd3pc4Iuh8Kg,Kuchenka,"Kornela Makuszyńskiego 22, Kraków",50.08968609999999,20.0441698,5,stop_257_43529,123-02,Darwina,50.089452,20.058994,1058,,
ChIJO_jO9whbFkcRts84FBG3nHw,Kwadrans Bistro - Karmelicka 31,"Karmelicka 31, Kraków",50.0665066,19.9297107,1,stop_4_8,,Stefana Batorego,50.066586,19.929432,22,,
ChIJO_jO9whbFkcRts84FBG3nHw,Kwadrans Bistro - Karmelicka 31,"Karmelicka 31, Kraków",50.0665066,19.9297107,2,stop_4_9,,Stefana Batorego,50.067023,19.928837,85,,
ChIJO_jO9whbFkcRts84FBG3nHw,Kwadrans Bistro - Karmelicka 31,"Karmelicka 31, Kraków",50.0665066,19.9297107,3,stop_193_7919,,Plac Inwalidów,50.068728,19.926981,315,,
ChIJO_jO9whbFkcRts84FBG3nHw,Kwadrans Bistro - Karmelicka 31,"Karmelicka 31, Kraków",50.0665066,19.9297107,4,stop_191_7739,,Teatr Bagatela,50.063755,19.932586,368,,
ChIJO_jO9whbFkcRts84FBG3nHw,Kwadrans Bistro - Karmelicka 31,"Karmelicka 31, Kraków",50.0665066,19.9297107,5,stop_191_7729,,Teatr Bagatela,50.063806,19.933366,398,,
ChIJJxefxRJbFkcRnVT5R70sv54,La Campana,"Kanonicza 7, Kraków",50.0570175,19.93728309999999,1,stop_325_136029,821-02,Plac Wszystkich Świętych,50.059113,19.937497,234,,
ChIJJxefxRJbFkcRnVT5R70sv54,La Campana,"Kanonicza 7, Kraków",50.0570175,19.93728309999999,2,stop_325_136019,821-01,Plac Wszystkich Świętych,50.05912,19.93824,244,,
ChIJJxefxRJbFkcRnVT5R70sv54,La Campana,"Kanonicza 7, Kraków",50.0570175,19.93728309999999,3,stop_1102_347029,817-02,św. Gertrudy,50.058486,19.940838,302,,
ChIJJxefxRJbFkcRnVT5R70sv54,La Campana,"Kanonicza 7, Kraków",50.0570175,19.93728309999999,4,stop_1102_347019,817-01,św. Gertrudy,50.058627,19.940988,319,,
ChIJJxefxRJbFkcRnVT5R70sv54,La Campana,"Kanonicza 7, Kraków",50.0570175,19.93728309999999,5,stop_221_32519,818-01,Wawel,50.05449,19.93963,327,,
ChIJX3tXuA9bFkcR8P_E-ORn-Uk,La Casa del Habano Krakow,"Sławkowska 26, Kraków",50.065,19.9383333,1,stop_568_303229,833-02,Stary Kleparz,50.066234,19.938562,138,,
ChIJX3tXuA9bFkcR8P_E-ORn-Uk,La Casa del Habano Krakow,"Sławkowska 26, Kraków",50.065,19.9383333,2,stop_568_303219,833-01,Stary Kleparz,50.066314,19.939721,177,,
ChIJX3tXuA9bFkcR8P_E-ORn-Uk,La Casa del Habano Krakow,"Sławkowska 26, Kraków",50.065,19.9383333,3,stop_568_303239,833-03,Stary Kleparz,50.06666,19.93895,190,,
ChIJX3tXuA9bFkcR8P_E-ORn-Uk,La Casa del Habano Krakow,"Sławkowska 26, Kraków",50.065,19.9383333,4,stop_191_7729,,Teatr Bagatela,50.063806,19.933366,379,,
ChIJX3tXuA9bFkcR8P_E-ORn-Uk,La Casa del Habano Krakow,"Sławkowska 26, Kraków",50.065,19.9383333,5,stop_191_7739,,Teatr Bagatela,50.063755,19.932586,433,,
ChIJf_fJ3A1bFkcReBPkLXMdbhs,La Grande Mamma,"Rynek Główny 26, Kraków",50.0612259,19.9355602,1,stop_219_32219,822-01,Filharmonia,50.05903,19.93387,272,,
ChIJf_fJ3A1bFkcReBPkLXMdbhs,La Grande Mamma,"Rynek Główny 26, Kraków",50.0612259,19.9355602,2,stop_325_136029,821-02,Plac Wszystkich Świętych,50.059113,19.937497,273,,
ChIJf_fJ3A1bFkcReBPkLXMdbhs,La Grande Mamma,"Rynek Główny 26, Kraków",50.0612259,19.9355602,3,stop_219_32239,822-03,Filharmonia,50.05917,19.9331,288,,
ChIJf_fJ3A1bFkcReBPkLXMdbhs,La Grande Mamma,"Rynek Główny 26, Kraków",50.0612259,19.9355602,4,stop_191_7719,,Teatr Bagatela,50.0631,19.932648,294,,
ChIJf_fJ3A1bFkcReBPkLXMdbhs,La Grande Mamma,"Rynek Główny 26, Kraków",50.0612259,19.9355602,5,stop_325_136019,821-01,Plac Wszystkich Świętych,50.05912,19.93824,302,,
ChIJnz4y_GpbFkcRO50ZS044QoY,La Habana,"Miodowa 22, Kraków",50.0528621,19.9439988,1,stop_224_35939,819-03,Stradom,50.052258,19.942061,154,,
ChIJnz4y_GpbFkcRO50ZS044QoY,La Habana,"Miodowa 22, Kraków",50.0528621,19.9439988,2,stop_224_35929,819-02,Stradom,50.052086,19.941166,220,,
ChIJnz4y_GpbFkcRO50ZS044QoY,La Habana,"Miodowa 22, Kraków",50.0528621,19.9439988,3,stop_224_35919,819-01,Stradom,50.05148,19.941337,244,,
ChIJnz4y_GpbFkcRO50ZS044QoY,La Habana,"Miodowa 22, Kraków",50.0528621,19.9439988,4,stop_224_35949,819-04,Stradom,50.050842,19.942415,251,,
ChIJnz4y_GpbFkcRO50ZS044QoY,La Habana,"Miodowa 22, Kraków",50.0528621,19.9439988,5,stop_227_36219,815-01,Miodowa,50.053886,19.948108,315,,
ChIJ-9nH90VFFkcRjEFSPBFHe5o,Lam Hong Kuchnia Wietnamska Restauracja Wietnamska,"Osiedle Jagiellońskie 7A, Kraków",50.08953450000001,20.023451,1,stop_329_253919,162-01,Rondo Hipokratesa,50.090025,20.021395,156,,
ChIJ-9nH90VFFkcRjEFSPBFHe5o,Lam Hong Kuchnia Wietnamska Restauracja Wietnamska,"Osiedle Jagiellońskie 7A, Kraków",50.08953450000001,20.023451,2,stop_329_253929,162-02,Rondo Hipokratesa,50.090094,20.021355,162,,
ChIJ-9nH90VFFkcRjEFSPBFHe5o,Lam Hong Kuchnia Wietnamska Restauracja Wietnamska,"Osiedle Jagiellońskie 7A, Kraków",50.08953450000001,20.023451,3,stop_243_39219,135-01,DH Wanda,50.084477,20.020671,596,,
ChIJ-9nH90VFFkcRjEFSPBFHe5o,Lam Hong Kuchnia Wietnamska Restauracja Wietnamska,"Osiedle Jagiellońskie 7A, Kraków",50.08953450000001,20.023451,4,stop_243_39229,135-02,DH Wanda,50.084432,20.020689,601,,
ChIJ-9nH90VFFkcRjEFSPBFHe5o,Lam Hong Kuchnia Wietnamska Restauracja Wietnamska,"Osiedle Jagiellońskie 7A, Kraków",50.08953450000001,20.023451,5,stop_242_38819,161-01,Dunikowskiego,50.092201,20.016038,606,,
ChIJw_CdmQlbFkcRj4C3-gyiaZ0,Lastriko,"Gołębia 6, Kraków",50.0603584,19.9353648,1,stop_219_32219,822-01,Filharmonia,50.05903,19.93387,182,,
ChIJw_CdmQlbFkcRj4C3-gyiaZ0,Lastriko,"Gołębia 6, Kraków",50.0603584,19.9353648,2,stop_325_136029,821-02,Plac Wszystkich Świętych,50.059113,19.937497,206,,
ChIJw_CdmQlbFkcRj4C3-gyiaZ0,Lastriko,"Gołębia 6, Kraków",50.0603584,19.9353648,3,stop_219_32239,822-03,Filharmonia,50.05917,19.9331,209,,
ChIJw_CdmQlbFkcRj4C3-gyiaZ0,Lastriko,"Gołębia 6, Kraków",50.0603584,19.9353648,4,stop_325_136019,821-01,Plac Wszystkich Świętych,50.05912,19.93824,247,,
ChIJw_CdmQlbFkcRj4C3-gyiaZ0,Lastriko,"Gołębia 6, Kraków",50.0603584,19.9353648,5,stop_219_32229,822-02,Filharmonia,50.058666,19.933001,253,,
ChIJqT7T6dNbFkcRUyp4HJfIqQQ,Layla Restaurant & Lounge Bar,"Józefa Dietla 91, Kraków",50.0563756,19.9459509,1,stop_223_35829,807-02,Starowiślna,50.05689,19.945029,87,,
ChIJqT7T6dNbFkcRUyp4HJfIqQQ,Layla Restaurant & Lounge Bar,"Józefa Dietla 91, Kraków",50.0563756,19.9459509,2,stop_223_35839,807-03,Starowiślna,50.057227,19.946086,95,,
ChIJqT7T6dNbFkcRUyp4HJfIqQQ,Layla Restaurant & Lounge Bar,"Józefa Dietla 91, Kraków",50.0563756,19.9459509,3,stop_223_35849,807-04,Starowiślna,50.057262,19.946032,99,,
ChIJqT7T6dNbFkcRUyp4HJfIqQQ,Layla Restaurant & Lounge Bar,"Józefa Dietla 91, Kraków",50.0563756,19.9459509,4,stop_223_35819,807-01,Starowiślna,50.05731,19.94455,144,,
ChIJqT7T6dNbFkcRUyp4HJfIqQQ,Layla Restaurant & Lounge Bar,"Józefa Dietla 91, Kraków",50.0563756,19.9459509,5,stop_227_36219,815-01,Miodowa,50.053886,19.948108,317,,
ChIJFwWIW2pbFkcRAzXHAn8_PRE,Le Scandale,"plac Nowy 9, Kraków",50.05191629999999,19.9445152,1,stop_224_35939,819-03,Stradom,50.052258,19.942061,179,,
ChIJFwWIW2pbFkcRAzXHAn8_PRE,Le Scandale,"plac Nowy 9, Kraków",50.05191629999999,19.9445152,2,stop_224_35949,819-04,Stradom,50.050842,19.942415,192,,
ChIJFwWIW2pbFkcRAzXHAn8_PRE,Le Scandale,"plac Nowy 9, Kraków",50.05191629999999,19.9445152,3,stop_224_35919,819-01,Stradom,50.05148,19.941337,232,,
ChIJFwWIW2pbFkcRAzXHAn8_PRE,Le Scandale,"plac Nowy 9, Kraków",50.05191629999999,19.9445152,4,stop_224_35929,819-02,Stradom,50.052086,19.941166,240,,
ChIJFwWIW2pbFkcRAzXHAn8_PRE,Le Scandale,"plac Nowy 9, Kraków",50.05191629999999,19.9445152,5,stop_227_36219,815-01,Miodowa,50.053886,19.948108,337,,
ChIJB99IaABbFkcRHGpE1GNFdm8,Lesu Wine & Dine,"Miodowa 33, Kraków",50.05308609999999,19.9464111,1,stop_227_36219,815-01,Miodowa,50.053886,19.948108,150,,
ChIJB99IaABbFkcRHGpE1GNFdm8,Lesu Wine & Dine,"Miodowa 33, Kraków",50.05308609999999,19.9464111,2,stop_227_36229,815-02,Miodowa,50.05321,19.9489,178,,
ChIJB99IaABbFkcRHGpE1GNFdm8,Lesu Wine & Dine,"Miodowa 33, Kraków",50.05308609999999,19.9464111,3,stop_224_35939,819-03,Stradom,50.052258,19.942061,324,,
ChIJB99IaABbFkcRHGpE1GNFdm8,Lesu Wine & Dine,"Miodowa 33, Kraków",50.05308609999999,19.9464111,4,stop_1103_347129,816-02,św. Wawrzyńca,50.051415,19.950829,366,,
ChIJB99IaABbFkcRHGpE1GNFdm8,Lesu Wine & Dine,"Miodowa 33, Kraków",50.05308609999999,19.9464111,5,stop_224_35949,819-04,Stradom,50.050842,19.942415,379,,
ChIJDfyB9BJbFkcR7Z60FXB6qjU,Let's Sing Karaoke Bar,"Grodzka 34, Kraków",50.0585169,19.938094,1,stop_325_136019,821-01,Plac Wszystkich Świętych,50.05912,19.93824,68,,
ChIJDfyB9BJbFkcR7Z60FXB6qjU,Let's Sing Karaoke Bar,"Grodzka 34, Kraków",50.0585169,19.938094,2,stop_325_136029,821-02,Plac Wszystkich Świętych,50.059113,19.937497,79,,
ChIJDfyB9BJbFkcR7Z60FXB6qjU,Let's Sing Karaoke Bar,"Grodzka 34, Kraków",50.0585169,19.938094,3,stop_1102_347029,817-02,św. Gertrudy,50.058486,19.940838,196,,
ChIJDfyB9BJbFkcR7Z60FXB6qjU,Let's Sing Karaoke Bar,"Grodzka 34, Kraków",50.0585169,19.938094,4,stop_1102_347019,817-01,św. Gertrudy,50.058627,19.940988,207,,
ChIJDfyB9BJbFkcR7Z60FXB6qjU,Let's Sing Karaoke Bar,"Grodzka 34, Kraków",50.0585169,19.938094,5,stop_222_35739,806-03,Poczta Główna,50.059339,19.941821,281,,
ChIJ0WYiv4dbFkcRUTvczezKWCY,Liberty Kraków Bistro Cafe & Bar,"Zwierzyniecka 27, Kraków",50.056932,19.9296702,1,stop_216_31919,823-01,Jubilat,50.055498,19.928109,195,,
ChIJ0WYiv4dbFkcRUTvczezKWCY,Liberty Kraków Bistro Cafe & Bar,"Zwierzyniecka 27, Kraków",50.056932,19.9296702,2,stop_216_31929,823-02,Jubilat,50.054999,19.927052,285,,
ChIJ0WYiv4dbFkcRUTvczezKWCY,Liberty Kraków Bistro Cafe & Bar,"Zwierzyniecka 27, Kraków",50.056932,19.9296702,3,stop_219_32229,822-02,Filharmonia,50.058666,19.933001,306,,
ChIJ0WYiv4dbFkcRUTvczezKWCY,Liberty Kraków Bistro Cafe & Bar,"Zwierzyniecka 27, Kraków",50.056932,19.9296702,4,stop_219_32239,822-03,Filharmonia,50.05917,19.9331,349,,
ChIJ0WYiv4dbFkcRUTvczezKWCY,Liberty Kraków Bistro Cafe & Bar,"Zwierzyniecka 27, Kraków",50.056932,19.9296702,5,stop_219_32219,822-01,Filharmonia,50.05903,19.93387,380,,
ChIJW73jwBJbFkcRsnft_BjTkzs,Library/cafe,"Kanonicza 1, Kraków",50.05752469999999,19.9373289,1,stop_325_136029,821-02,Plac Wszystkich Świętych,50.059113,19.937497,177,,
ChIJW73jwBJbFkcRsnft_BjTkzs,Library/cafe,"Kanonicza 1, Kraków",50.05752469999999,19.9373289,2,stop_325_136019,821-01,Plac Wszystkich Świętych,50.05912,19.93824,189,,
ChIJW73jwBJbFkcRsnft_BjTkzs,Library/cafe,"Kanonicza 1, Kraków",50.05752469999999,19.9373289,3,stop_1102_347029,817-02,św. Gertrudy,50.058486,19.940838,272,,
ChIJW73jwBJbFkcRsnft_BjTkzs,Library/cafe,"Kanonicza 1, Kraków",50.05752469999999,19.9373289,4,stop_1102_347019,817-01,św. Gertrudy,50.058627,19.940988,289,,
ChIJW73jwBJbFkcRsnft_BjTkzs,Library/cafe,"Kanonicza 1, Kraków",50.05752469999999,19.9373289,5,stop_219_32219,822-01,Filharmonia,50.05903,19.93387,298,,
ChIJG7aJxw9bFkcRokn3BKFAttQ,Lindo Bar,"Sławkowska 23, Kraków",50.06489690000001,19.9385449,1,stop_568_303229,833-02,Stary Kleparz,50.066234,19.938562,149,,
ChIJG7aJxw9bFkcRokn3BKFAttQ,Lindo Bar,"Sławkowska 23, Kraków",50.06489690000001,19.9385449,2,stop_568_303219,833-01,Stary Kleparz,50.066314,19.939721,179,,
ChIJG7aJxw9bFkcRokn3BKFAttQ,Lindo Bar,"Sławkowska 23, Kraków",50.06489690000001,19.9385449,3,stop_568_303239,833-03,Stary Kleparz,50.06666,19.93895,198,,
ChIJG7aJxw9bFkcRokn3BKFAttQ,Lindo Bar,"Sławkowska 23, Kraków",50.06489690000001,19.9385449,4,stop_191_7729,,Teatr Bagatela,50.063806,19.933366,389,,
ChIJG7aJxw9bFkcRokn3BKFAttQ,Lindo Bar,"Sławkowska 23, Kraków",50.06489690000001,19.9385449,5,stop_852_324229,801-02,Teatr Słowackiego,50.064792,19.944409,419,,
ChIJH6u7_FdbFkcRkziZfV97V8Q,Lipowa 1,"Lipowa 4D, Kraków",50.0477909,19.9604569,1,stop_321_115429,619-02,Zabłocie,50.049951,19.964216,360,,
ChIJH6u7_FdbFkcRkziZfV97V8Q,Lipowa 1,"Lipowa 4D, Kraków",50.0477909,19.9604569,2,stop_321_115419,619-01,Zabłocie,50.0497,19.965148,397,,
ChIJH6u7_FdbFkcRkziZfV97V8Q,Lipowa 1,"Lipowa 4D, Kraków",50.0477909,19.9604569,3,stop_278_57029,640-02,Plac Bohaterów Getta,50.046716,19.9551,401,,
ChIJH6u7_FdbFkcRkziZfV97V8Q,Lipowa 1,"Lipowa 4D, Kraków",50.0477909,19.9604569,4,stop_278_57019,640-01,Plac Bohaterów Getta,50.046605,19.955028,409,,
ChIJH6u7_FdbFkcRkziZfV97V8Q,Lipowa 1,"Lipowa 4D, Kraków",50.0477909,19.9604569,5,stop_338_56929,641-02,Limanowskiego,50.045,19.955911,449,,
ChIJ4xDnEqNbFkcRwoL3QD8x15s,Little Britain Café & Bar,"Bracka 6, Kraków",50.0601897,19.93634630000001,1,stop_325_136029,821-02,Plac Wszystkich Świętych,50.059113,19.937497,145,,
ChIJ4xDnEqNbFkcRwoL3QD8x15s,Little Britain Café & Bar,"Bracka 6, Kraków",50.0601897,19.93634630000001,2,stop_325_136019,821-01,Plac Wszystkich Świętych,50.05912,19.93824,180,,
ChIJ4xDnEqNbFkcRwoL3QD8x15s,Little Britain Café & Bar,"Bracka 6, Kraków",50.0601897,19.93634630000001,3,stop_219_32219,822-01,Filharmonia,50.05903,19.93387,219,,
ChIJ4xDnEqNbFkcRwoL3QD8x15s,Little Britain Café & Bar,"Bracka 6, Kraków",50.0601897,19.93634630000001,4,stop_219_32239,822-03,Filharmonia,50.05917,19.9331,258,,
ChIJ4xDnEqNbFkcRwoL3QD8x15s,Little Britain Café & Bar,"Bracka 6, Kraków",50.0601897,19.93634630000001,5,stop_219_32229,822-02,Filharmonia,50.058666,19.933001,293,,
ChIJmwyTJIBbFkcR7tdvrYPAimw,Los Gorditos,"Augustiańska 24/LU2, Kraków",50.048815,19.942162,1,stop_225_36029,820-02,Plac Wolnica,50.048114,19.943448,120,,
ChIJmwyTJIBbFkcR7tdvrYPAimw,Los Gorditos,"Augustiańska 24/LU2, Kraków",50.048815,19.942162,2,stop_225_36019,820-01,Plac Wolnica,50.048028,19.943426,126,,
ChIJmwyTJIBbFkcR7tdvrYPAimw,Los Gorditos,"Augustiańska 24/LU2, Kraków",50.048815,19.942162,3,stop_224_35949,819-04,Stradom,50.050842,19.942415,226,,
ChIJmwyTJIBbFkcR7tdvrYPAimw,Los Gorditos,"Augustiańska 24/LU2, Kraków",50.048815,19.942162,4,stop_224_35919,819-01,Stradom,50.05148,19.941337,302,,
ChIJmwyTJIBbFkcR7tdvrYPAimw,Los Gorditos,"Augustiańska 24/LU2, Kraków",50.048815,19.942162,5,stop_226_36119,872-01,Orzeszkowej,50.050631,19.938671,321,,
ChIJZ3mThQ5bFkcRqpwBGoRWYwk,LostBar,"Szewska 20, Kraków",50.0627129,19.9342009,1,stop_191_7719,,Teatr Bagatela,50.0631,19.932648,119,,
ChIJZ3mThQ5bFkcRqpwBGoRWYwk,LostBar,"Szewska 20, Kraków",50.0627129,19.9342009,2,stop_191_7729,,Teatr Bagatela,50.063806,19.933366,135,,
ChIJZ3mThQ5bFkcRqpwBGoRWYwk,LostBar,"Szewska 20, Kraków",50.0627129,19.9342009,3,stop_191_7739,,Teatr Bagatela,50.063755,19.932586,163,,
ChIJZ3mThQ5bFkcRqpwBGoRWYwk,LostBar,"Szewska 20, Kraków",50.0627129,19.9342009,4,stop_219_32239,822-03,Filharmonia,50.05917,19.9331,402,,
ChIJZ3mThQ5bFkcRqpwBGoRWYwk,LostBar,"Szewska 20, Kraków",50.0627129,19.9342009,5,stop_219_32219,822-01,Filharmonia,50.05903,19.93387,410,,
ChIJtefNuQ5bFkcR3kLvh0dzqlA,Luka Fresh,"Karmelicka 6, Kraków",50.06374589999999,19.9322649,1,stop_191_7739,,Teatr Bagatela,50.063755,19.932586,23,,
ChIJtefNuQ5bFkcR3kLvh0dzqlA,Luka Fresh,"Karmelicka 6, Kraków",50.06374589999999,19.9322649,2,stop_191_7719,,Teatr Bagatela,50.0631,19.932648,77,,
ChIJtefNuQ5bFkcR3kLvh0dzqlA,Luka Fresh,"Karmelicka 6, Kraków",50.06374589999999,19.9322649,3,stop_191_7729,,Teatr Bagatela,50.063806,19.933366,79,,
ChIJtefNuQ5bFkcR3kLvh0dzqlA,Luka Fresh,"Karmelicka 6, Kraków",50.06374589999999,19.9322649,4,stop_4_8,,Stefana Batorego,50.066586,19.929432,375,,
ChIJtefNuQ5bFkcR3kLvh0dzqlA,Luka Fresh,"Karmelicka 6, Kraków",50.06374589999999,19.9322649,5,stop_4_9,,Stefana Batorego,50.067023,19.928837,439,,
ChIJ_3UBiL1DFkcRQBNWGYJakLk,Lumpy z Proko,"Lilli Wenedy 17, Kraków",50.0184024,20.0050686,1,stop_303_68119,655-01,Teligi,50.016599,20.007159,250,,
ChIJ_3UBiL1DFkcRQBNWGYJakLk,Lumpy z Proko,"Lilli Wenedy 17, Kraków",50.0184024,20.0050686,2,stop_303_68129,655-02,Teligi,50.016511,20.007916,293,,
ChIJ_3UBiL1DFkcRQBNWGYJakLk,Lumpy z Proko,"Lilli Wenedy 17, Kraków",50.0184024,20.0050686,3,stop_304_68229,649-02,Prokocim Szpital,50.014585,20.000171,550,,
ChIJ_3UBiL1DFkcRQBNWGYJakLk,Lumpy z Proko,"Lilli Wenedy 17, Kraków",50.0184024,20.0050686,4,stop_334_258219,656-01,Nowy Prokocim,50.016128,20.012098,562,,
ChIJ_3UBiL1DFkcRQBNWGYJakLk,Lumpy z Proko,"Lilli Wenedy 17, Kraków",50.0184024,20.0050686,5,stop_304_68219,649-01,Prokocim Szpital,50.014443,19.998952,620,,
ChIJxS_GnxlbFkcRE-NTI6zGAiY,Lunch Bar TU,"Rakowicka 10, Kraków",50.0669638,19.9518645,1,stop_205_12719,852-01,Uniwersytet Ekonomiczny,50.067608,19.952235,76,,
ChIJxS_GnxlbFkcRE-NTI6zGAiY,Lunch Bar TU,"Rakowicka 10, Kraków",50.0669638,19.9518645,2,stop_205_12729,852-02,Uniwersytet Ekonomiczny,50.068328,19.952638,161,,
ChIJxS_GnxlbFkcRE-NTI6zGAiY,Lunch Bar TU,"Rakowicka 10, Kraków",50.0669638,19.9518645,3,stop_204_12639,851-03,Lubicz,50.065436,19.951621,171,,
ChIJxS_GnxlbFkcRE-NTI6zGAiY,Lunch Bar TU,"Rakowicka 10, Kraków",50.0669638,19.9518645,4,stop_204_12619,851-01,Lubicz,50.065186,19.952104,198,,
ChIJxS_GnxlbFkcRE-NTI6zGAiY,Lunch Bar TU,"Rakowicka 10, Kraków",50.0669638,19.9518645,5,stop_204_12629,851-02,Lubicz,50.065046,19.951094,220,,
ChIJKTU6u69bFkcRlajlD0POhPs,Lunch Bar i Pizzeria Wolański,"Królewska 84, Kraków",50.0724212,19.9167244,1,stop_195_8419,,Biprostal,50.072862,19.916075,67,,
ChIJKTU6u69bFkcRlajlD0POhPs,Lunch Bar i Pizzeria Wolański,"Królewska 84, Kraków",50.0724212,19.9167244,2,stop_195_8429,,Biprostal,50.07309,19.915045,141,,
ChIJKTU6u69bFkcRlajlD0POhPs,Lunch Bar i Pizzeria Wolański,"Królewska 84, Kraków",50.0724212,19.9167244,3,stop_194_8329,,Urzędnicza,50.071957,19.91925,187,,
ChIJKTU6u69bFkcRlajlD0POhPs,Lunch Bar i Pizzeria Wolański,"Królewska 84, Kraków",50.0724212,19.9167244,4,stop_194_8319,,Urzędnicza,50.071879,19.919754,224,,
ChIJKTU6u69bFkcRlajlD0POhPs,Lunch Bar i Pizzeria Wolański,"Królewska 84, Kraków",50.0724212,19.9167244,5,stop_1554_380819,,UKEN,50.074123,19.910791,464,,
ChIJtxJyPgBFFkcRSMEVvxCmx34,MC Donalda,"Mieczysława Medweckiego 13, Kraków",50.0745575,20.016019,1,stop_246_40829,103-02,Rondo Czyżyńskie,50.07358,20.01606,109,,
ChIJtxJyPgBFFkcRSMEVvxCmx34,MC Donalda,"Mieczysława Medweckiego 13, Kraków",50.0745575,20.016019,2,stop_246_40839,103-03,Rondo Czyżyńskie,50.074193,20.018028,149,,
ChIJtxJyPgBFFkcRSMEVvxCmx34,MC Donalda,"Mieczysława Medweckiego 13, Kraków",50.0745575,20.016019,3,stop_246_40849,103-04,Rondo Czyżyńskie,50.072758,20.017068,214,,
ChIJtxJyPgBFFkcRSMEVvxCmx34,MC Donalda,"Mieczysława Medweckiego 13, Kraków",50.0745575,20.016019,4,stop_246_40819,103-01,Rondo Czyżyńskie,50.0733,20.01888,247,,
ChIJtxJyPgBFFkcRSMEVvxCmx34,MC Donalda,"Mieczysława Medweckiego 13, Kraków",50.0745575,20.016019,5,stop_245_40719,102-01,Czyżyny,50.07399,20.011459,331,,
ChIJ4_GLuRZbFkcR6sBxI0GBs5I,MISTA RESTAURANT & PIZZA,"Józefińska 4/2, Kraków",50.04589199999999,19.94867,1,stop_279_57129,556-02,Korona,50.044052,19.947497,221,,
ChIJ4_GLuRZbFkcR6sBxI0GBs5I,MISTA RESTAURANT & PIZZA,"Józefińska 4/2, Kraków",50.04589199999999,19.94867,2,stop_279_57139,556-03,Korona,50.044032,19.94678,247,,
ChIJ4_GLuRZbFkcR6sBxI0GBs5I,MISTA RESTAURANT & PIZZA,"Józefińska 4/2, Kraków",50.04589199999999,19.94867,3,stop_279_57119,556-01,Korona,50.043604,19.946683,291,,
ChIJ4_GLuRZbFkcR6sBxI0GBs5I,MISTA RESTAURANT & PIZZA,"Józefińska 4/2, Kraków",50.04589199999999,19.94867,4,stop_225_36019,820-01,Plac Wolnica,50.048028,19.943426,443,,
ChIJ4_GLuRZbFkcR6sBxI0GBs5I,MISTA RESTAURANT & PIZZA,"Józefińska 4/2, Kraków",50.04589199999999,19.94867,5,stop_225_36029,820-02,Plac Wolnica,50.048114,19.943448,447,,
ChIJa3P7cj1bFkcRoKKpDQpRyp0,Mamatutaj,"Marka Stachowskiego 4, Kraków",50.054017,19.963005,1,stop_230_36549,809-04,Rondo Grzegórzeckie,50.056894,19.958941,432,,
ChIJa3P7cj1bFkcRoKKpDQpRyp0,Mamatutaj,"Marka Stachowskiego 4, Kraków",50.054017,19.963005,2,stop_321_115429,619-02,Zabłocie,50.049951,19.964216,460,,
ChIJa3P7cj1bFkcRoKKpDQpRyp0,Mamatutaj,"Marka Stachowskiego 4, Kraków",50.054017,19.963005,3,stop_230_36519,809-01,Rondo Grzegórzeckie,50.057888,19.960296,472,,
ChIJa3P7cj1bFkcRoKKpDQpRyp0,Mamatutaj,"Marka Stachowskiego 4, Kraków",50.054017,19.963005,4,stop_321_115419,619-01,Zabłocie,50.0497,19.965148,504,,
ChIJa3P7cj1bFkcRoKKpDQpRyp0,Mamatutaj,"Marka Stachowskiego 4, Kraków",50.054017,19.963005,5,stop_386_285929,810-02,Teatr Variete,50.058827,19.962374,537,,
ChIJ3VJxeyFbFkcRJO3FhfkEpaM,Maniura,"Józefa Dietla 44, Kraków",50.0522435,19.9416308,1,stop_224_35939,819-03,Stradom,50.052258,19.942061,31,,
ChIJ3VJxeyFbFkcRJO3FhfkEpaM,Maniura,"Józefa Dietla 44, Kraków",50.0522435,19.9416308,2,stop_224_35929,819-02,Stradom,50.052086,19.941166,38,,
ChIJ3VJxeyFbFkcRJO3FhfkEpaM,Maniura,"Józefa Dietla 44, Kraków",50.0522435,19.9416308,3,stop_224_35919,819-01,Stradom,50.05148,19.941337,87,,
ChIJ3VJxeyFbFkcRJO3FhfkEpaM,Maniura,"Józefa Dietla 44, Kraków",50.0522435,19.9416308,4,stop_224_35949,819-04,Stradom,50.050842,19.942415,166,,
ChIJ3VJxeyFbFkcRJO3FhfkEpaM,Maniura,"Józefa Dietla 44, Kraków",50.0522435,19.9416308,5,stop_226_36119,872-01,Orzeszkowej,50.050631,19.938671,277,,
ChIJfWV4wwlbFkcR3i8Omwc4GA4,Mash Room,"plac Wolnica 10, Kraków",50.0487754,19.9448284,1,stop_225_36029,820-02,Plac Wolnica,50.048114,19.943448,123,,
ChIJfWV4wwlbFkcR3i8Omwc4GA4,Mash Room,"plac Wolnica 10, Kraków",50.0487754,19.9448284,2,stop_225_36019,820-01,Plac Wolnica,50.048028,19.943426,130,,
ChIJfWV4wwlbFkcR3i8Omwc4GA4,Mash Room,"plac Wolnica 10, Kraków",50.0487754,19.9448284,3,stop_224_35949,819-04,Stradom,50.050842,19.942415,287,,
ChIJfWV4wwlbFkcR3i8Omwc4GA4,Mash Room,"plac Wolnica 10, Kraków",50.0487754,19.9448284,4,stop_224_35919,819-01,Stradom,50.05148,19.941337,391,,
ChIJfWV4wwlbFkcR3i8Omwc4GA4,Mash Room,"plac Wolnica 10, Kraków",50.0487754,19.9448284,5,stop_224_35939,819-03,Stradom,50.052258,19.942061,435,,
ChIJw7AOUklbFkcRo2JLBQOOMTc,Mateo,"Wałowa 1, Kraków",50.04613000000001,19.9661892,1,stop_316_94619,294-01,Klimeckiego,50.048976,19.967573,332,,
ChIJw7AOUklbFkcRo2JLBQOOMTc,Mateo,"Wałowa 1, Kraków",50.04613000000001,19.9661892,2,stop_316_94629,294-02,Klimeckiego,50.049016,19.967621,337,,
ChIJw7AOUklbFkcRo2JLBQOOMTc,Mateo,"Wałowa 1, Kraków",50.04613000000001,19.9661892,3,stop_321_115419,619-01,Zabłocie,50.0497,19.965148,404,,
ChIJw7AOUklbFkcRo2JLBQOOMTc,Mateo,"Wałowa 1, Kraków",50.04613000000001,19.9661892,4,stop_321_115429,619-02,Zabłocie,50.049951,19.964216,448,,
ChIJw7AOUklbFkcRo2JLBQOOMTc,Mateo,"Wałowa 1, Kraków",50.04613000000001,19.9661892,5,stop_277_56719,670-01,Kuklińskiego,50.044529,19.973549,555,,
ChIJBcoRJUBbFkcRvQVwDKaU2Mc,Max 14,"Szeroka 14, Kraków",50.0524687,19.9484515,1,stop_227_36229,815-02,Miodowa,50.05321,19.9489,88,,
ChIJBcoRJUBbFkcRvQVwDKaU2Mc,Max 14,"Szeroka 14, Kraków",50.0524687,19.9484515,2,stop_227_36219,815-01,Miodowa,50.053886,19.948108,159,,
ChIJBcoRJUBbFkcRvQVwDKaU2Mc,Max 14,"Szeroka 14, Kraków",50.0524687,19.9484515,3,stop_1103_347129,816-02,św. Wawrzyńca,50.051415,19.950829,206,,
ChIJBcoRJUBbFkcRvQVwDKaU2Mc,Max 14,"Szeroka 14, Kraków",50.0524687,19.9484515,4,stop_1103_347119,816-01,św. Wawrzyńca,50.051131,19.951064,239,,
ChIJBcoRJUBbFkcRvQVwDKaU2Mc,Max 14,"Szeroka 14, Kraków",50.0524687,19.9484515,5,stop_224_35939,819-03,Stradom,50.052258,19.942061,457,,
ChIJgcJw3lZbFkcRG9URMQxO0-w,Mañana,"Kurkowa 1, Kraków",50.06605829999999,19.9507742,1,stop_204_12639,851-03,Lubicz,50.065436,19.951621,92,,
ChIJgcJw3lZbFkcRG9URMQxO0-w,Mañana,"Kurkowa 1, Kraków",50.06605829999999,19.9507742,2,stop_204_12629,851-02,Lubicz,50.065046,19.951094,115,,
ChIJgcJw3lZbFkcRG9URMQxO0-w,Mañana,"Kurkowa 1, Kraków",50.06605829999999,19.9507742,3,stop_204_12619,851-01,Lubicz,50.065186,19.952104,136,,
ChIJgcJw3lZbFkcRG9URMQxO0-w,Mañana,"Kurkowa 1, Kraków",50.06605829999999,19.9507742,4,stop_205_12719,852-01,Uniwersytet Ekonomiczny,50.067608,19.952235,201,,
ChIJgcJw3lZbFkcRG9URMQxO0-w,Mañana,"Kurkowa 1, Kraków",50.06605829999999,19.9507742,5,stop_205_12729,852-02,Uniwersytet Ekonomiczny,50.068328,19.952638,285,,
ChIJ263I1YlbFkcRlRG1HzHsKMg,McQueen-Dog,"Zachodnia 1a, Kraków",50.02393189999999,19.9102461,1,stop_289_58929,706-02,Ruczaj,50.02729,19.906125,475,,
ChIJ263I1YlbFkcRlRG1HzHsKMg,McQueen-Dog,"Zachodnia 1a, Kraków",50.02393189999999,19.9102461,2,stop_289_58919,706-01,Ruczaj,50.026932,19.905181,492,,
ChIJ263I1YlbFkcRlRG1HzHsKMg,McQueen-Dog,"Zachodnia 1a, Kraków",50.02393189999999,19.9102461,3,stop_346_269029,291-02,Kampus UJ,50.024685,19.901995,595,,
ChIJ263I1YlbFkcRlRG1HzHsKMg,McQueen-Dog,"Zachodnia 1a, Kraków",50.02393189999999,19.9102461,4,stop_346_269019,291-01,Kampus UJ,50.024044,19.901485,626,,
ChIJ263I1YlbFkcRlRG1HzHsKMg,McQueen-Dog,"Zachodnia 1a, Kraków",50.02393189999999,19.9102461,5,stop_345_268819,527-01,Norymberska,50.029809,19.912225,669,,
ChIJSWtbXWpbFkcRQ6nYgLX7RSc,Meat & Go,"Skałeczna 7, Kraków",50.0493266,19.9419349,1,stop_224_35949,819-04,Stradom,50.050842,19.942415,172,,
ChIJSWtbXWpbFkcRQ6nYgLX7RSc,Meat & Go,"Skałeczna 7, Kraków",50.0493266,19.9419349,2,stop_225_36029,820-02,Plac Wolnica,50.048114,19.943448,173,,
ChIJSWtbXWpbFkcRQ6nYgLX7RSc,Meat & Go,"Skałeczna 7, Kraków",50.0493266,19.9419349,3,stop_225_36019,820-01,Plac Wolnica,50.048028,19.943426,179,,
ChIJSWtbXWpbFkcRQ6nYgLX7RSc,Meat & Go,"Skałeczna 7, Kraków",50.0493266,19.9419349,4,stop_224_35919,819-01,Stradom,50.05148,19.941337,243,,
ChIJSWtbXWpbFkcRQ6nYgLX7RSc,Meat & Go,"Skałeczna 7, Kraków",50.0493266,19.9419349,5,stop_226_36119,872-01,Orzeszkowej,50.050631,19.938671,274,,
ChIJ0QqlFgxbFkcRYfBiHc7OW3Y,Mercy Brown Cocktails Jazz & Burlesque,"Floriana Straszewskiego 28, Kraków",50.0614917,19.9316639,1,stop_191_7719,,Teatr Bagatela,50.0631,19.932648,192,,
ChIJ0QqlFgxbFkcRYfBiHc7OW3Y,Mercy Brown Cocktails Jazz & Burlesque,"Floriana Straszewskiego 28, Kraków",50.0614917,19.9316639,2,stop_191_7739,,Teatr Bagatela,50.063755,19.932586,260,,
ChIJ0QqlFgxbFkcRYfBiHc7OW3Y,Mercy Brown Cocktails Jazz & Burlesque,"Floriana Straszewskiego 28, Kraków",50.0614917,19.9316639,3,stop_219_32239,822-03,Filharmonia,50.05917,19.9331,278,,
ChIJ0QqlFgxbFkcRYfBiHc7OW3Y,Mercy Brown Cocktails Jazz & Burlesque,"Floriana Straszewskiego 28, Kraków",50.0614917,19.9316639,4,stop_191_7729,,Teatr Bagatela,50.063806,19.933366,285,,
ChIJ0QqlFgxbFkcRYfBiHc7OW3Y,Mercy Brown Cocktails Jazz & Burlesque,"Floriana Straszewskiego 28, Kraków",50.0614917,19.9316639,5,stop_219_32219,822-01,Filharmonia,50.05903,19.93387,316,,
ChIJSzYyGvhbFkcRmckrM_x2g1s,MiMi Food & Bar,"Krakowska 36, Kraków",50.04915500000001,19.943303,1,stop_225_36029,820-02,Plac Wolnica,50.048114,19.943448,116,,
ChIJSzYyGvhbFkcRmckrM_x2g1s,MiMi Food & Bar,"Krakowska 36, Kraków",50.04915500000001,19.943303,2,stop_225_36019,820-01,Plac Wolnica,50.048028,19.943426,126,,
ChIJSzYyGvhbFkcRmckrM_x2g1s,MiMi Food & Bar,"Krakowska 36, Kraków",50.04915500000001,19.943303,3,stop_224_35949,819-04,Stradom,50.050842,19.942415,198,,
ChIJSzYyGvhbFkcRmckrM_x2g1s,MiMi Food & Bar,"Krakowska 36, Kraków",50.04915500000001,19.943303,4,stop_224_35919,819-01,Stradom,50.05148,19.941337,294,,
ChIJSzYyGvhbFkcRmckrM_x2g1s,MiMi Food & Bar,"Krakowska 36, Kraków",50.04915500000001,19.943303,5,stop_224_35939,819-03,Stradom,50.052258,19.942061,356,,
ChIJKSNtiPBbFkcRToh5mDDw2hg,Miodowe Love,"Miodowa 31, Kraków",50.0529966,19.9461687,1,stop_227_36219,815-01,Miodowa,50.053886,19.948108,170,,
ChIJKSNtiPBbFkcRToh5mDDw2hg,Miodowe Love,"Miodowa 31, Kraków",50.0529966,19.9461687,2,stop_227_36229,815-02,Miodowa,50.05321,19.9489,196,,
ChIJKSNtiPBbFkcRToh5mDDw2hg,Miodowe Love,"Miodowa 31, Kraków",50.0529966,19.9461687,3,stop_224_35939,819-03,Stradom,50.052258,19.942061,305,,
ChIJKSNtiPBbFkcRToh5mDDw2hg,Miodowe Love,"Miodowa 31, Kraków",50.0529966,19.9461687,4,stop_224_35949,819-04,Stradom,50.050842,19.942415,359,,
ChIJKSNtiPBbFkcRToh5mDDw2hg,Miodowe Love,"Miodowa 31, Kraków",50.0529966,19.9461687,5,stop_224_35929,819-02,Stradom,50.052086,19.941166,371,,
ChIJiaJHWTpbFkcRvfyXqy2RM10,Miriam U.K.M.,"Powstańców Wielkopolskich 23, Kraków",50.0446411,19.9700985,1,stop_277_56719,670-01,Kuklińskiego,50.044529,19.973549,247,,
ChIJiaJHWTpbFkcRvfyXqy2RM10,Miriam U.K.M.,"Powstańców Wielkopolskich 23, Kraków",50.0446411,19.9700985,2,stop_277_56729,670-02,Kuklińskiego,50.044575,19.973602,250,,
ChIJiaJHWTpbFkcRvfyXqy2RM10,Miriam U.K.M.,"Powstańców Wielkopolskich 23, Kraków",50.0446411,19.9700985,3,stop_316_94619,294-01,Klimeckiego,50.048976,19.967573,515,,
ChIJiaJHWTpbFkcRvfyXqy2RM10,Miriam U.K.M.,"Powstańców Wielkopolskich 23, Kraków",50.0446411,19.9700985,4,stop_316_94629,294-02,Klimeckiego,50.049016,19.967621,518,,
ChIJiaJHWTpbFkcRvfyXqy2RM10,Miriam U.K.M.,"Powstańców Wielkopolskich 23, Kraków",50.0446411,19.9700985,5,stop_321_115419,619-01,Zabłocie,50.0497,19.965148,664,,
ChIJPbq8eW5bFkcRwpzOqIB1OEE,Miro Winiarnia i Sklep,"Rynek Podgórski 13, Kraków",50.0450122,19.9492383,1,stop_279_57129,556-02,Korona,50.044052,19.947497,164,,
ChIJPbq8eW5bFkcRwpzOqIB1OEE,Miro Winiarnia i Sklep,"Rynek Podgórski 13, Kraków",50.0450122,19.9492383,2,stop_279_57139,556-03,Korona,50.044032,19.94678,207,,
ChIJPbq8eW5bFkcRwpzOqIB1OEE,Miro Winiarnia i Sklep,"Rynek Podgórski 13, Kraków",50.0450122,19.9492383,3,stop_279_57119,556-01,Korona,50.043604,19.946683,240,,
ChIJPbq8eW5bFkcRwpzOqIB1OEE,Miro Winiarnia i Sklep,"Rynek Podgórski 13, Kraków",50.0450122,19.9492383,4,stop_338_56919,641-01,Limanowskiego,50.045136,19.954882,403,,
ChIJPbq8eW5bFkcRwpzOqIB1OEE,Miro Winiarnia i Sklep,"Rynek Podgórski 13, Kraków",50.0450122,19.9492383,5,stop_278_57019,640-01,Plac Bohaterów Getta,50.046605,19.955028,450,,
ChIJsSVGRmpbFkcRtRNqge0AmqM,Mleczarnia,"Rabina, Beera Meiselsa 20, Kraków",50.0513662,19.9438716,1,stop_224_35949,819-04,Stradom,50.050842,19.942415,119,,
ChIJsSVGRmpbFkcRtRNqge0AmqM,Mleczarnia,"Rabina, Beera Meiselsa 20, Kraków",50.0513662,19.9438716,2,stop_224_35939,819-03,Stradom,50.052258,19.942061,163,,
ChIJsSVGRmpbFkcRtRNqge0AmqM,Mleczarnia,"Rabina, Beera Meiselsa 20, Kraków",50.0513662,19.9438716,3,stop_224_35919,819-01,Stradom,50.05148,19.941337,181,,
ChIJsSVGRmpbFkcRtRNqge0AmqM,Mleczarnia,"Rabina, Beera Meiselsa 20, Kraków",50.0513662,19.9438716,4,stop_224_35929,819-02,Stradom,50.052086,19.941166,209,,
ChIJsSVGRmpbFkcRtRNqge0AmqM,Mleczarnia,"Rabina, Beera Meiselsa 20, Kraków",50.0513662,19.9438716,5,stop_225_36029,820-02,Plac Wolnica,50.048114,19.943448,363,,
ChIJmcPoBXhbFkcRMHB70lgFKPU,Mleczarnia Ogródek (Mlekowóz),"Kazimierz, 30-001",50.0512148,19.9440077,1,stop_224_35949,819-04,Stradom,50.050842,19.942415,121,,
ChIJmcPoBXhbFkcRMHB70lgFKPU,Mleczarnia Ogródek (Mlekowóz),"Kazimierz, 30-001",50.0512148,19.9440077,2,stop_224_35939,819-03,Stradom,50.052258,19.942061,181,,
ChIJmcPoBXhbFkcRMHB70lgFKPU,Mleczarnia Ogródek (Mlekowóz),"Kazimierz, 30-001",50.0512148,19.9440077,3,stop_224_35919,819-01,Stradom,50.05148,19.941337,193,,
ChIJmcPoBXhbFkcRMHB70lgFKPU,Mleczarnia Ogródek (Mlekowóz),"Kazimierz, 30-001",50.0512148,19.9440077,4,stop_224_35929,819-02,Stradom,50.052086,19.941166,225,,
ChIJmcPoBXhbFkcRMHB70lgFKPU,Mleczarnia Ogródek (Mlekowóz),"Kazimierz, 30-001",50.0512148,19.9440077,5,stop_225_36029,820-02,Plac Wolnica,50.048114,19.943448,347,,
ChIJbduRQfBbFkcRK-xpBQwnfQQ,Mojitos Social Nights,"Mikołajska 13, Kraków",50.06139899999999,19.942522,1,stop_222_35719,806-01,Poczta Główna,50.059797,19.942404,178,,
ChIJbduRQfBbFkcRK-xpBQwnfQQ,Mojitos Social Nights,"Mikołajska 13, Kraków",50.06139899999999,19.942522,2,stop_222_35739,806-03,Poczta Główna,50.059339,19.941821,234,,
ChIJbduRQfBbFkcRK-xpBQwnfQQ,Mojitos Social Nights,"Mikołajska 13, Kraków",50.06139899999999,19.942522,3,stop_222_35729,806-02,Poczta Główna,50.059205,19.942571,244,,
ChIJbduRQfBbFkcRK-xpBQwnfQQ,Mojitos Social Nights,"Mikołajska 13, Kraków",50.06139899999999,19.942522,4,stop_1102_347019,817-01,św. Gertrudy,50.058627,19.940988,327,,
ChIJbduRQfBbFkcRK-xpBQwnfQQ,Mojitos Social Nights,"Mikołajska 13, Kraków",50.06139899999999,19.942522,5,stop_1102_347029,817-02,św. Gertrudy,50.058486,19.940838,345,,
ChIJbZnXdy5bFkcRnSBsuQTy-84,Molam Thai,"Rajska 3/4, Kraków",50.06487309999999,19.9276611,1,stop_4_8,,Stefana Batorego,50.066586,19.929432,229,,
ChIJbZnXdy5bFkcRnSBsuQTy-84,Molam Thai,"Rajska 3/4, Kraków",50.06487309999999,19.9276611,2,stop_4_9,,Stefana Batorego,50.067023,19.928837,253,,
ChIJbZnXdy5bFkcRnSBsuQTy-84,Molam Thai,"Rajska 3/4, Kraków",50.06487309999999,19.9276611,3,stop_191_7739,,Teatr Bagatela,50.063755,19.932586,373,,
ChIJbZnXdy5bFkcRnSBsuQTy-84,Molam Thai,"Rajska 3/4, Kraków",50.06487309999999,19.9276611,4,stop_191_7719,,Teatr Bagatela,50.0631,19.932648,407,,
ChIJbZnXdy5bFkcRnSBsuQTy-84,Molam Thai,"Rajska 3/4, Kraków",50.06487309999999,19.9276611,5,stop_191_7729,,Teatr Bagatela,50.063806,19.933366,424,,
ChIJy5YtdGpbFkcRj_mYfiaWIpI,Moment Resto Bar,"Estery 22, Kraków",50.0510069,19.9459008,1,stop_224_35949,819-04,Stradom,50.050842,19.942415,250,,
ChIJy5YtdGpbFkcRj_mYfiaWIpI,Moment Resto Bar,"Estery 22, Kraków",50.0510069,19.9459008,2,stop_224_35939,819-03,Stradom,50.052258,19.942061,307,,
ChIJy5YtdGpbFkcRj_mYfiaWIpI,Moment Resto Bar,"Estery 22, Kraków",50.0510069,19.9459008,3,stop_227_36229,815-02,Miodowa,50.05321,19.9489,325,,
ChIJy5YtdGpbFkcRj_mYfiaWIpI,Moment Resto Bar,"Estery 22, Kraków",50.0510069,19.9459008,4,stop_224_35919,819-01,Stradom,50.05148,19.941337,330,,
ChIJy5YtdGpbFkcRj_mYfiaWIpI,Moment Resto Bar,"Estery 22, Kraków",50.0510069,19.9459008,5,stop_1103_347129,816-02,św. Wawrzyńca,50.051415,19.950829,355,,
ChIJ71J9JdNbFkcRGpWgUEiEtPY,Momento Pizzeria,"Lipowa 7, Kraków",50.0471857,19.96278,1,stop_321_115429,619-02,Zabłocie,50.049951,19.964216,324,,
ChIJ71J9JdNbFkcRGpWgUEiEtPY,Momento Pizzeria,"Lipowa 7, Kraków",50.0471857,19.96278,2,stop_321_115419,619-01,Zabłocie,50.0497,19.965148,327,,
ChIJ71J9JdNbFkcRGpWgUEiEtPY,Momento Pizzeria,"Lipowa 7, Kraków",50.0471857,19.96278,3,stop_316_94619,294-01,Klimeckiego,50.048976,19.967573,396,,
ChIJ71J9JdNbFkcRGpWgUEiEtPY,Momento Pizzeria,"Lipowa 7, Kraków",50.0471857,19.96278,4,stop_316_94629,294-02,Klimeckiego,50.049016,19.967621,401,,
ChIJ71J9JdNbFkcRGpWgUEiEtPY,Momento Pizzeria,"Lipowa 7, Kraków",50.0471857,19.96278,5,stop_338_56929,641-02,Limanowskiego,50.045,19.955911,547,,
ChIJP9T7E0NbFkcRd2UKLtZgEXk,Monkey Business,"Kazimierza Brodzińskiego 3, Kraków",50.0452299,19.9478974,1,stop_279_57129,556-02,Korona,50.044052,19.947497,134,,
ChIJP9T7E0NbFkcRd2UKLtZgEXk,Monkey Business,"Kazimierza Brodzińskiego 3, Kraków",50.0452299,19.9478974,2,stop_279_57139,556-03,Korona,50.044032,19.94678,155,,
ChIJP9T7E0NbFkcRd2UKLtZgEXk,Monkey Business,"Kazimierza Brodzińskiego 3, Kraków",50.0452299,19.9478974,3,stop_279_57119,556-01,Korona,50.043604,19.946683,201,,
ChIJP9T7E0NbFkcRd2UKLtZgEXk,Monkey Business,"Kazimierza Brodzińskiego 3, Kraków",50.0452299,19.9478974,4,stop_225_36019,820-01,Plac Wolnica,50.048028,19.943426,446,,
ChIJP9T7E0NbFkcRd2UKLtZgEXk,Monkey Business,"Kazimierza Brodzińskiego 3, Kraków",50.0452299,19.9478974,5,stop_225_36029,820-02,Plac Wolnica,50.048114,19.943448,451,,
ChIJ10TWJBJbFkcR3ND62xNF6-U,Moo Moo,"Sienna 9, Kraków",50.06060489999999,19.940158,1,stop_222_35719,806-01,Poczta Główna,50.059797,19.942404,184,,
ChIJ10TWJBJbFkcR3ND62xNF6-U,Moo Moo,"Sienna 9, Kraków",50.06060489999999,19.940158,2,stop_222_35739,806-03,Poczta Główna,50.059339,19.941821,184,,
ChIJ10TWJBJbFkcR3ND62xNF6-U,Moo Moo,"Sienna 9, Kraków",50.06060489999999,19.940158,3,stop_325_136019,821-01,Plac Wszystkich Świętych,50.05912,19.93824,214,,
ChIJ10TWJBJbFkcR3ND62xNF6-U,Moo Moo,"Sienna 9, Kraków",50.06060489999999,19.940158,4,stop_1102_347019,817-01,św. Gertrudy,50.058627,19.940988,228,,
ChIJ10TWJBJbFkcR3ND62xNF6-U,Moo Moo,"Sienna 9, Kraków",50.06060489999999,19.940158,5,stop_222_35729,806-02,Poczta Główna,50.059205,19.942571,232,,
ChIJO4VxpxFbFkcR-t37mOwRT-k,Moo Moo Steak & Burger Club,"Świętego Krzyża 15, Kraków",50.0622049,19.9426018,1,stop_222_35719,806-01,Poczta Główna,50.059797,19.942404,268,,
ChIJO4VxpxFbFkcR-t37mOwRT-k,Moo Moo Steak & Burger Club,"Świętego Krzyża 15, Kraków",50.0622049,19.9426018,2,stop_852_324239,801-03,Teatr Słowackiego,50.064192,19.94499,279,,
ChIJO4VxpxFbFkcR-t37mOwRT-k,Moo Moo Steak & Burger Club,"Świętego Krzyża 15, Kraków",50.0622049,19.9426018,3,stop_852_324229,801-02,Teatr Słowackiego,50.064792,19.944409,315,,
ChIJO4VxpxFbFkcR-t37mOwRT-k,Moo Moo Steak & Burger Club,"Świętego Krzyża 15, Kraków",50.0622049,19.9426018,4,stop_222_35739,806-03,Poczta Główna,50.059339,19.941821,324,,
ChIJO4VxpxFbFkcR-t37mOwRT-k,Moo Moo Steak & Burger Club,"Świętego Krzyża 15, Kraków",50.0622049,19.9426018,5,stop_222_35729,806-02,Poczta Główna,50.059205,19.942571,334,,
ChIJ_7y28ypbFkcRPFnehKZNPSI,Moo Moo Steak & Wine Kazimierz,"Szeroka 3, Kraków",50.0531971,19.9479371,1,stop_227_36229,815-02,Miodowa,50.05321,19.9489,69,,
ChIJ_7y28ypbFkcRPFnehKZNPSI,Moo Moo Steak & Wine Kazimierz,"Szeroka 3, Kraków",50.0531971,19.9479371,2,stop_227_36219,815-01,Miodowa,50.053886,19.948108,78,,
ChIJ_7y28ypbFkcRPFnehKZNPSI,Moo Moo Steak & Wine Kazimierz,"Szeroka 3, Kraków",50.0531971,19.9479371,3,stop_1103_347129,816-02,św. Wawrzyńca,50.051415,19.950829,286,,
ChIJ_7y28ypbFkcRPFnehKZNPSI,Moo Moo Steak & Wine Kazimierz,"Szeroka 3, Kraków",50.0531971,19.9479371,4,stop_1103_347119,816-01,św. Wawrzyńca,50.051131,19.951064,320,,
ChIJ_7y28ypbFkcRPFnehKZNPSI,Moo Moo Steak & Wine Kazimierz,"Szeroka 3, Kraków",50.0531971,19.9479371,5,stop_224_35939,819-03,Stradom,50.052258,19.942061,432,,
ChIJ-2GSakJbFkcR_kuou9ckzlQ,Mostowa Sztuka Kawa,"Mostowa 8, Kraków",50.04797079999999,19.9461246,1,stop_225_36029,820-02,Plac Wolnica,50.048114,19.943448,192,,
ChIJ-2GSakJbFkcR_kuou9ckzlQ,Mostowa Sztuka Kawa,"Mostowa 8, Kraków",50.04797079999999,19.9461246,2,stop_225_36019,820-01,Plac Wolnica,50.048028,19.943426,193,,
ChIJ-2GSakJbFkcR_kuou9ckzlQ,Mostowa Sztuka Kawa,"Mostowa 8, Kraków",50.04797079999999,19.9461246,3,stop_224_35949,819-04,Stradom,50.050842,19.942415,415,,
ChIJ-2GSakJbFkcR_kuou9ckzlQ,Mostowa Sztuka Kawa,"Mostowa 8, Kraków",50.04797079999999,19.9461246,4,stop_279_57139,556-03,Korona,50.044032,19.94678,440,,
ChIJ-2GSakJbFkcR_kuou9ckzlQ,Mostowa Sztuka Kawa,"Mostowa 8, Kraków",50.04797079999999,19.9461246,5,stop_279_57129,556-02,Korona,50.044052,19.947497,447,,
ChIJ6X_5BIdbFkcRD1bHuR4rK2k,Moti Wine Bar & Shop,"Rynek Kleparski 14, Kraków",50.06786510000001,19.9408192,1,stop_568_303239,833-03,Stary Kleparz,50.06666,19.93895,189,,
ChIJ6X_5BIdbFkcRD1bHuR4rK2k,Moti Wine Bar & Shop,"Rynek Kleparski 14, Kraków",50.06786510000001,19.9408192,2,stop_568_303219,833-01,Stary Kleparz,50.066314,19.939721,189,,
ChIJ6X_5BIdbFkcRD1bHuR4rK2k,Moti Wine Bar & Shop,"Rynek Kleparski 14, Kraków",50.06786510000001,19.9408192,3,stop_568_303229,833-02,Stary Kleparz,50.066234,19.938562,243,,
ChIJ6X_5BIdbFkcRD1bHuR4rK2k,Moti Wine Bar & Shop,"Rynek Kleparski 14, Kraków",50.06786510000001,19.9408192,4,stop_188_7229,834-02,Pędzichów,50.069646,19.937499,309,,
ChIJ6X_5BIdbFkcRD1bHuR4rK2k,Moti Wine Bar & Shop,"Rynek Kleparski 14, Kraków",50.06786510000001,19.9408192,5,stop_188_7219,834-01,Pędzichów,50.069678,19.937536,309,,
ChIJSW1PeBFbFkcRd5KSqsAnwfI,Movida | Cocktail Bar,"Mikołajska 9, Kraków",50.0613645,19.9422244,1,stop_222_35719,806-01,Poczta Główna,50.059797,19.942404,175,,
ChIJSW1PeBFbFkcRd5KSqsAnwfI,Movida | Cocktail Bar,"Mikołajska 9, Kraków",50.0613645,19.9422244,2,stop_222_35739,806-03,Poczta Główna,50.059339,19.941821,227,,
ChIJSW1PeBFbFkcRd5KSqsAnwfI,Movida | Cocktail Bar,"Mikołajska 9, Kraków",50.0613645,19.9422244,3,stop_222_35729,806-02,Poczta Główna,50.059205,19.942571,241,,
ChIJSW1PeBFbFkcRd5KSqsAnwfI,Movida | Cocktail Bar,"Mikołajska 9, Kraków",50.0613645,19.9422244,4,stop_1102_347019,817-01,św. Gertrudy,50.058627,19.940988,317,,
ChIJSW1PeBFbFkcRd5KSqsAnwfI,Movida | Cocktail Bar,"Mikołajska 9, Kraków",50.0613645,19.9422244,5,stop_1102_347029,817-02,św. Gertrudy,50.058486,19.940838,335,,
ChIJJyF2hQ5bFkcRNxlEU7GLkrs,Multi Qlti Tap Bar | Craft Beer,"Szewska 21, Kraków",50.0628837,19.9343811,1,stop_191_7729,,Teatr Bagatela,50.063806,19.933366,126,,
ChIJJyF2hQ5bFkcRNxlEU7GLkrs,Multi Qlti Tap Bar | Craft Beer,"Szewska 21, Kraków",50.0628837,19.9343811,2,stop_191_7719,,Teatr Bagatela,50.0631,19.932648,126,,
ChIJJyF2hQ5bFkcRNxlEU7GLkrs,Multi Qlti Tap Bar | Craft Beer,"Szewska 21, Kraków",50.0628837,19.9343811,3,stop_191_7739,,Teatr Bagatela,50.063755,19.932586,161,,
ChIJJyF2hQ5bFkcRNxlEU7GLkrs,Multi Qlti Tap Bar | Craft Beer,"Szewska 21, Kraków",50.0628837,19.9343811,4,stop_219_32239,822-03,Filharmonia,50.05917,19.9331,423,,
ChIJJyF2hQ5bFkcRNxlEU7GLkrs,Multi Qlti Tap Bar | Craft Beer,"Szewska 21, Kraków",50.0628837,19.9343811,5,stop_219_32219,822-01,Filharmonia,50.05903,19.93387,430,,
ChIJFfC2vS1bFkcRpnuoYR5Zl74,MyPub Bracka,"Bracka 3/5/7, Kraków",50.0605571,19.9361165,1,stop_325_136029,821-02,Plac Wszystkich Świętych,50.059113,19.937497,188,,
ChIJFfC2vS1bFkcRpnuoYR5Zl74,MyPub Bracka,"Bracka 3/5/7, Kraków",50.0605571,19.9361165,2,stop_325_136019,821-01,Plac Wszystkich Świętych,50.05912,19.93824,220,,
ChIJFfC2vS1bFkcRpnuoYR5Zl74,MyPub Bracka,"Bracka 3/5/7, Kraków",50.0605571,19.9361165,3,stop_219_32219,822-01,Filharmonia,50.05903,19.93387,234,,
ChIJFfC2vS1bFkcRpnuoYR5Zl74,MyPub Bracka,"Bracka 3/5/7, Kraków",50.0605571,19.9361165,4,stop_219_32239,822-03,Filharmonia,50.05917,19.9331,265,,
ChIJFfC2vS1bFkcRpnuoYR5Zl74,MyPub Bracka,"Bracka 3/5/7, Kraków",50.0605571,19.9361165,5,stop_219_32229,822-02,Filharmonia,50.058666,19.933001,306,,
ChIJ5Sup0BFbFkcRn_sq5OnXpt8,N'JOY & Bilard,"Bracka 4, Kraków",50.06041369999999,19.9363711,1,stop_325_136029,821-02,Plac Wszystkich Świętych,50.059113,19.937497,165,,
ChIJ5Sup0BFbFkcRn_sq5OnXpt8,N'JOY & Bilard,"Bracka 4, Kraków",50.06041369999999,19.9363711,2,stop_325_136019,821-01,Plac Wszystkich Świętych,50.05912,19.93824,196,,
ChIJ5Sup0BFbFkcRn_sq5OnXpt8,N'JOY & Bilard,"Bracka 4, Kraków",50.06041369999999,19.9363711,3,stop_219_32219,822-01,Filharmonia,50.05903,19.93387,236,,
ChIJ5Sup0BFbFkcRn_sq5OnXpt8,N'JOY & Bilard,"Bracka 4, Kraków",50.06041369999999,19.9363711,4,stop_219_32239,822-03,Filharmonia,50.05917,19.9331,271,,
ChIJ5Sup0BFbFkcRn_sq5OnXpt8,N'JOY & Bilard,"Bracka 4, Kraków",50.06041369999999,19.9363711,5,stop_219_32229,822-02,Filharmonia,50.058666,19.933001,309,,
ChIJY8umEWNbFkcRuNtZn7rvFIc,NOCE KRK,"Dajwór 14/16, Kraków",50.0510793,19.9495699,1,stop_1103_347129,816-02,św. Wawrzyńca,50.051415,19.950829,97,,
ChIJY8umEWNbFkcRuNtZn7rvFIc,NOCE KRK,"Dajwór 14/16, Kraków",50.0510793,19.9495699,2,stop_1103_347119,816-01,św. Wawrzyńca,50.051131,19.951064,107,,
ChIJY8umEWNbFkcRuNtZn7rvFIc,NOCE KRK,"Dajwór 14/16, Kraków",50.0510793,19.9495699,3,stop_227_36229,815-02,Miodowa,50.05321,19.9489,242,,
ChIJY8umEWNbFkcRuNtZn7rvFIc,NOCE KRK,"Dajwór 14/16, Kraków",50.0510793,19.9495699,4,stop_227_36219,815-01,Miodowa,50.053886,19.948108,329,,
ChIJY8umEWNbFkcRuNtZn7rvFIc,NOCE KRK,"Dajwór 14/16, Kraków",50.0510793,19.9495699,5,stop_224_35949,819-04,Stradom,50.050842,19.942415,512,,
ChIJl_Nvy8BbFkcROArmqJKmkFc,NOTO wine bar | Kraków Kazimierz,"Beera Meiselsa 14, Kraków",50.05119269999999,19.9429709,1,stop_224_35949,819-04,Stradom,50.050842,19.942415,56,,
ChIJl_Nvy8BbFkcROArmqJKmkFc,NOTO wine bar | Kraków Kazimierz,"Beera Meiselsa 14, Kraków",50.05119269999999,19.9429709,2,stop_224_35919,819-01,Stradom,50.05148,19.941337,121,,
ChIJl_Nvy8BbFkcROArmqJKmkFc,NOTO wine bar | Kraków Kazimierz,"Beera Meiselsa 14, Kraków",50.05119269999999,19.9429709,3,stop_224_35939,819-03,Stradom,50.052258,19.942061,135,,
ChIJl_Nvy8BbFkcROArmqJKmkFc,NOTO wine bar | Kraków Kazimierz,"Beera Meiselsa 14, Kraków",50.05119269999999,19.9429709,4,stop_224_35929,819-02,Stradom,50.052086,19.941166,163,,
ChIJl_Nvy8BbFkcROArmqJKmkFc,NOTO wine bar | Kraków Kazimierz,"Beera Meiselsa 14, Kraków",50.05119269999999,19.9429709,5,stop_226_36119,872-01,Orzeszkowej,50.050631,19.938671,313,,
ChIJew_WW-FbFkcRLMxT7BBeCmg,Nalej Se,"Podgórska 34, Kraków",50.0528918,19.9546821,1,stop_1103_347129,816-02,św. Wawrzyńca,50.051415,19.950829,320,,
ChIJew_WW-FbFkcRLMxT7BBeCmg,Nalej Se,"Podgórska 34, Kraków",50.0528918,19.9546821,2,stop_1103_347119,816-01,św. Wawrzyńca,50.051131,19.951064,324,,
ChIJew_WW-FbFkcRLMxT7BBeCmg,Nalej Se,"Podgórska 34, Kraków",50.0528918,19.9546821,3,stop_227_36229,815-02,Miodowa,50.05321,19.9489,414,,
ChIJew_WW-FbFkcRLMxT7BBeCmg,Nalej Se,"Podgórska 34, Kraków",50.0528918,19.9546821,4,stop_227_36219,815-01,Miodowa,50.053886,19.948108,482,,
ChIJew_WW-FbFkcRLMxT7BBeCmg,Nalej Se,"Podgórska 34, Kraków",50.0528918,19.9546821,5,stop_230_36549,809-04,Rondo Grzegórzeckie,50.056894,19.958941,539,,
ChIJdaiq-g3fD0MRtruX20mlADE,Nasza Rzeka RestoBar & Events,"bulwar Czerwieński, Kraków",50.05471259999999,19.9318036,1,stop_216_31919,823-01,Jubilat,50.055498,19.928109,278,,
ChIJdaiq-g3fD0MRtruX20mlADE,Nasza Rzeka RestoBar & Events,"bulwar Czerwieński, Kraków",50.05471259999999,19.9318036,2,stop_216_31929,823-02,Jubilat,50.054999,19.927052,341,,
ChIJdaiq-g3fD0MRtruX20mlADE,Nasza Rzeka RestoBar & Events,"bulwar Czerwieński, Kraków",50.05471259999999,19.9318036,3,stop_219_32229,822-02,Filharmonia,50.058666,19.933001,448,,
ChIJdaiq-g3fD0MRtruX20mlADE,Nasza Rzeka RestoBar & Events,"bulwar Czerwieński, Kraków",50.05471259999999,19.9318036,4,stop_219_32219,822-01,Filharmonia,50.05903,19.93387,502,,
ChIJdaiq-g3fD0MRtruX20mlADE,Nasza Rzeka RestoBar & Events,"bulwar Czerwieński, Kraków",50.05471259999999,19.9318036,5,stop_219_32239,822-03,Filharmonia,50.05917,19.9331,504,,
ChIJR4mO97pbFkcR8FAaHdF9Ios,Nat Bistro,"Krakowska 34, Kraków",50.04930170000001,19.9432407,1,stop_225_36029,820-02,Plac Wolnica,50.048114,19.943448,133,,
ChIJR4mO97pbFkcR8FAaHdF9Ios,Nat Bistro,"Krakowska 34, Kraków",50.04930170000001,19.9432407,2,stop_225_36019,820-01,Plac Wolnica,50.048028,19.943426,142,,
ChIJR4mO97pbFkcR8FAaHdF9Ios,Nat Bistro,"Krakowska 34, Kraków",50.04930170000001,19.9432407,3,stop_224_35949,819-04,Stradom,50.050842,19.942415,181,,
ChIJR4mO97pbFkcR8FAaHdF9Ios,Nat Bistro,"Krakowska 34, Kraków",50.04930170000001,19.9432407,4,stop_224_35919,819-01,Stradom,50.05148,19.941337,278,,
ChIJR4mO97pbFkcR8FAaHdF9Ios,Nat Bistro,"Krakowska 34, Kraków",50.04930170000001,19.9432407,5,stop_224_35939,819-03,Stradom,50.052258,19.942061,339,,
ChIJ2cQ2OWpbFkcRpQ0xoEmi08A,New day blues pub,"Bożego Ciała 9, Kraków",50.0514559,19.943352,1,stop_224_35949,819-04,Stradom,50.050842,19.942415,96,,
ChIJ2cQ2OWpbFkcRpQ0xoEmi08A,New day blues pub,"Bożego Ciała 9, Kraków",50.0514559,19.943352,2,stop_224_35939,819-03,Stradom,50.052258,19.942061,128,,
ChIJ2cQ2OWpbFkcRpQ0xoEmi08A,New day blues pub,"Bożego Ciała 9, Kraków",50.0514559,19.943352,3,stop_224_35919,819-01,Stradom,50.05148,19.941337,144,,
ChIJ2cQ2OWpbFkcRpQ0xoEmi08A,New day blues pub,"Bożego Ciała 9, Kraków",50.0514559,19.943352,4,stop_224_35929,819-02,Stradom,50.052086,19.941166,171,,
ChIJ2cQ2OWpbFkcRpQ0xoEmi08A,New day blues pub,"Bożego Ciała 9, Kraków",50.0514559,19.943352,5,stop_226_36119,872-01,Orzeszkowej,50.050631,19.938671,347,,
ChIJZbVkE19bFkcRxjS-Nwa_PTs,NieVinna? - Wine bar Kraków,"plac Dominikański 4, Kraków",50.0589889,19.9386409,1,stop_325_136019,821-01,Plac Wszystkich Świętych,50.05912,19.93824,32,,
ChIJZbVkE19bFkcRxjS-Nwa_PTs,NieVinna? - Wine bar Kraków,"plac Dominikański 4, Kraków",50.0589889,19.9386409,2,stop_325_136029,821-02,Plac Wszystkich Świętych,50.059113,19.937497,83,,
ChIJZbVkE19bFkcRxjS-Nwa_PTs,NieVinna? - Wine bar Kraków,"plac Dominikański 4, Kraków",50.0589889,19.9386409,3,stop_1102_347029,817-02,św. Gertrudy,50.058486,19.940838,167,,
ChIJZbVkE19bFkcRxjS-Nwa_PTs,NieVinna? - Wine bar Kraków,"plac Dominikański 4, Kraków",50.0589889,19.9386409,4,stop_1102_347019,817-01,św. Gertrudy,50.058627,19.940988,172,,
ChIJZbVkE19bFkcRxjS-Nwa_PTs,NieVinna? - Wine bar Kraków,"plac Dominikański 4, Kraków",50.0589889,19.9386409,5,stop_222_35739,806-03,Poczta Główna,50.059339,19.941821,230,,
ChIJf_Ic9F5bFkcRvz1Eo_GF2KU,Nio Cocktails,"Kalwaryjska 79, Kraków",50.0378862,19.9412951,1,stop_290_61019,558-01,Rondo Matecznego,50.036959,19.940795,109,,
ChIJf_Ic9F5bFkcRvz1Eo_GF2KU,Nio Cocktails,"Kalwaryjska 79, Kraków",50.0378862,19.9412951,2,stop_290_61029,558-02,Rondo Matecznego,50.035927,19.940363,228,,
ChIJf_Ic9F5bFkcRvz1Eo_GF2KU,Nio Cocktails,"Kalwaryjska 79, Kraków",50.0378862,19.9412951,3,stop_280_57219,557-01,Smolki,50.041496,19.943119,422,,
ChIJf_Ic9F5bFkcRvz1Eo_GF2KU,Nio Cocktails,"Kalwaryjska 79, Kraków",50.0378862,19.9412951,4,stop_280_57229,557-02,Smolki,50.041629,19.943262,439,,
ChIJf_Ic9F5bFkcRvz1Eo_GF2KU,Nio Cocktails,"Kalwaryjska 79, Kraków",50.0378862,19.9412951,5,stop_291_61119,559-01,Rzemieślnicza,50.033644,19.938697,507,,
ChIJLbGDIwBbFkcRIixo-efPmxY,No name Cafe,"Józefa 22, Kraków",50.05068279999999,19.94529679999999,1,stop_224_35949,819-04,Stradom,50.050842,19.942415,207,,
ChIJLbGDIwBbFkcRIixo-efPmxY,No name Cafe,"Józefa 22, Kraków",50.05068279999999,19.94529679999999,2,stop_224_35939,819-03,Stradom,50.052258,19.942061,290,,
ChIJLbGDIwBbFkcRIixo-efPmxY,No name Cafe,"Józefa 22, Kraków",50.05068279999999,19.94529679999999,3,stop_224_35919,819-01,Stradom,50.05148,19.941337,296,,
ChIJLbGDIwBbFkcRIixo-efPmxY,No name Cafe,"Józefa 22, Kraków",50.05068279999999,19.94529679999999,4,stop_225_36029,820-02,Plac Wolnica,50.048114,19.943448,315,,
ChIJLbGDIwBbFkcRIixo-efPmxY,No name Cafe,"Józefa 22, Kraków",50.05068279999999,19.94529679999999,5,stop_225_36019,820-01,Plac Wolnica,50.048028,19.943426,324,,
ChIJ55_IsRFbFkcRSrdDkF300Ew,Non Iron Pub,"Świętego Marka 27, Kraków",50.0630179,19.9421198,1,stop_852_324239,801-03,Teatr Słowackiego,50.064192,19.94499,243,,
ChIJ55_IsRFbFkcRSrdDkF300Ew,Non Iron Pub,"Świętego Marka 27, Kraków",50.0630179,19.9421198,2,stop_852_324229,801-02,Teatr Słowackiego,50.064792,19.944409,256,,
ChIJ55_IsRFbFkcRSrdDkF300Ew,Non Iron Pub,"Świętego Marka 27, Kraków",50.0630179,19.9421198,3,stop_852_324219,801-01,Teatr Słowackiego,50.064609,19.945628,307,,
ChIJ55_IsRFbFkcRSrdDkF300Ew,Non Iron Pub,"Świętego Marka 27, Kraków",50.0630179,19.9421198,4,stop_852_324249,801-04,Teatr Słowackiego,50.065006,19.94518,311,,
ChIJ55_IsRFbFkcRSrdDkF300Ew,Non Iron Pub,"Świętego Marka 27, Kraków",50.0630179,19.9421198,5,stop_222_35719,806-01,Poczta Główna,50.059797,19.942404,359,,
ChIJGwMBsfVbFkcRzl3y139wP8w,Novum Bistro,"Lubicz 42, Kraków",50.0656712,19.9539826,1,stop_204_12619,851-01,Lubicz,50.065186,19.952104,145,,
ChIJGwMBsfVbFkcRzl3y139wP8w,Novum Bistro,"Lubicz 42, Kraków",50.0656712,19.9539826,2,stop_204_12639,851-03,Lubicz,50.065436,19.951621,171,,
ChIJGwMBsfVbFkcRzl3y139wP8w,Novum Bistro,"Lubicz 42, Kraków",50.0656712,19.9539826,3,stop_204_12629,851-02,Lubicz,50.065046,19.951094,218,,
ChIJGwMBsfVbFkcRzl3y139wP8w,Novum Bistro,"Lubicz 42, Kraków",50.0656712,19.9539826,4,stop_205_12719,852-01,Uniwersytet Ekonomiczny,50.067608,19.952235,249,,
ChIJGwMBsfVbFkcRzl3y139wP8w,Novum Bistro,"Lubicz 42, Kraków",50.0656712,19.9539826,5,stop_205_12729,852-02,Uniwersytet Ekonomiczny,50.068328,19.952638,311,,
ChIJXfBkMABbFkcRIjMn4hP8Mrs,Nu,"Lipowa 6c, Kraków",50.0474678,19.9624975,1,stop_321_115429,619-02,Zabłocie,50.049951,19.964216,302,,
ChIJXfBkMABbFkcRIjMn4hP8Mrs,Nu,"Lipowa 6c, Kraków",50.0474678,19.9624975,2,stop_321_115419,619-01,Zabłocie,50.0497,19.965148,312,,
ChIJXfBkMABbFkcRIjMn4hP8Mrs,Nu,"Lipowa 6c, Kraków",50.0474678,19.9624975,3,stop_316_94619,294-01,Klimeckiego,50.048976,19.967573,399,,
ChIJXfBkMABbFkcRIjMn4hP8Mrs,Nu,"Lipowa 6c, Kraków",50.0474678,19.9624975,4,stop_316_94629,294-02,Klimeckiego,50.049016,19.967621,404,,
ChIJXfBkMABbFkcRIjMn4hP8Mrs,Nu,"Lipowa 6c, Kraków",50.0474678,19.9624975,5,stop_278_57029,640-02,Plac Bohaterów Getta,50.046716,19.9551,535,,
ChIJRRL0y3RbFkcRaDMBYKsqDwA,OFFKIJÓWKLUB,"Aleja Zygmunta Krasińskiego 34, Kraków",50.05827170000001,19.9249545,1,stop_216_31919,823-01,Jubilat,50.055498,19.928109,382,,
ChIJRRL0y3RbFkcRaDMBYKsqDwA,OFFKIJÓWKLUB,"Aleja Zygmunta Krasińskiego 34, Kraków",50.05827170000001,19.9249545,2,stop_216_31929,823-02,Jubilat,50.054999,19.927052,394,,
ChIJRRL0y3RbFkcRaDMBYKsqDwA,OFFKIJÓWKLUB,"Aleja Zygmunta Krasińskiego 34, Kraków",50.05827170000001,19.9249545,3,stop_219_32229,822-02,Filharmonia,50.058666,19.933001,576,,
ChIJRRL0y3RbFkcRaDMBYKsqDwA,OFFKIJÓWKLUB,"Aleja Zygmunta Krasińskiego 34, Kraków",50.05827170000001,19.9249545,4,stop_214_31319,300-01,Komorowskiego,50.053451,19.921873,579,,
ChIJRRL0y3RbFkcRaDMBYKsqDwA,OFFKIJÓWKLUB,"Aleja Zygmunta Krasińskiego 34, Kraków",50.05827170000001,19.9249545,5,stop_214_31329,300-02,Komorowskiego,50.053384,19.921893,586,,
ChIJORY8l4xbFkcRDuO3HC06xls,OGIEŃ Bar&Coffee,"Bożego Ciała 11, Kraków",50.0513237,19.9434851,1,stop_224_35949,819-04,Stradom,50.050842,19.942415,93,,
ChIJORY8l4xbFkcRDuO3HC06xls,OGIEŃ Bar&Coffee,"Bożego Ciała 11, Kraków",50.0513237,19.9434851,2,stop_224_35939,819-03,Stradom,50.052258,19.942061,145,,
ChIJORY8l4xbFkcRDuO3HC06xls,OGIEŃ Bar&Coffee,"Bożego Ciała 11, Kraków",50.0513237,19.9434851,3,stop_224_35919,819-01,Stradom,50.05148,19.941337,154,,
ChIJORY8l4xbFkcRDuO3HC06xls,OGIEŃ Bar&Coffee,"Bożego Ciała 11, Kraków",50.0513237,19.9434851,4,stop_224_35929,819-02,Stradom,50.052086,19.941166,186,,
ChIJORY8l4xbFkcRDuO3HC06xls,OGIEŃ Bar&Coffee,"Bożego Ciała 11, Kraków",50.0513237,19.9434851,5,stop_226_36119,872-01,Orzeszkowej,50.050631,19.938671,352,,
ChIJU8ToFwtbFkcRRTfyS5mPlGY,OLD FASHIONED Cafe & Bar,"Józefa 8, Kraków",50.0505538,19.9435088,1,stop_224_35949,819-04,Stradom,50.050842,19.942415,84,,
ChIJU8ToFwtbFkcRRTfyS5mPlGY,OLD FASHIONED Cafe & Bar,"Józefa 8, Kraków",50.0505538,19.9435088,2,stop_224_35919,819-01,Stradom,50.05148,19.941337,186,,
ChIJU8ToFwtbFkcRRTfyS5mPlGY,OLD FASHIONED Cafe & Bar,"Józefa 8, Kraków",50.0505538,19.9435088,3,stop_224_35939,819-03,Stradom,50.052258,19.942061,216,,
ChIJU8ToFwtbFkcRRTfyS5mPlGY,OLD FASHIONED Cafe & Bar,"Józefa 8, Kraków",50.0505538,19.9435088,4,stop_224_35929,819-02,Stradom,50.052086,19.941166,239,,
ChIJU8ToFwtbFkcRRTfyS5mPlGY,OLD FASHIONED Cafe & Bar,"Józefa 8, Kraków",50.0505538,19.9435088,5,stop_225_36029,820-02,Plac Wolnica,50.048114,19.943448,271,,
ChIJ02DRScRbFkcRMrsFFqAsO3Q,OLD FASHIONED Cafe & Bar 2.0,"Sławkowska 20, Kraków",50.0642329,19.9377189,1,stop_568_303229,833-02,Stary Kleparz,50.066234,19.938562,231,,
ChIJ02DRScRbFkcRMrsFFqAsO3Q,OLD FASHIONED Cafe & Bar 2.0,"Sławkowska 20, Kraków",50.0642329,19.9377189,2,stop_568_303219,833-01,Stary Kleparz,50.066314,19.939721,272,,
ChIJ02DRScRbFkcRMrsFFqAsO3Q,OLD FASHIONED Cafe & Bar 2.0,"Sławkowska 20, Kraków",50.0642329,19.9377189,3,stop_568_303239,833-03,Stary Kleparz,50.06666,19.93895,284,,
ChIJ02DRScRbFkcRMrsFFqAsO3Q,OLD FASHIONED Cafe & Bar 2.0,"Sławkowska 20, Kraków",50.0642329,19.9377189,4,stop_191_7729,,Teatr Bagatela,50.063806,19.933366,314,,
ChIJ02DRScRbFkcRMrsFFqAsO3Q,OLD FASHIONED Cafe & Bar 2.0,"Sławkowska 20, Kraków",50.0642329,19.9377189,5,stop_191_7739,,Teatr Bagatela,50.063755,19.932586,370,,
ChIJMYp9eEhDFkcRmDQrsOq02R4,Oberża Sąsiadów,"Kordiana 19, Kraków",50.01078500000001,19.9650908,1,stop_305_71529,627-02,Nowosądecka,50.013437,19.964684,296,,
ChIJMYp9eEhDFkcRmDQrsOq02R4,Oberża Sąsiadów,"Kordiana 19, Kraków",50.01078500000001,19.9650908,2,stop_305_71519,627-01,Nowosądecka,50.013455,19.964635,299,,
ChIJMYp9eEhDFkcRmDQrsOq02R4,Oberża Sąsiadów,"Kordiana 19, Kraków",50.01078500000001,19.9650908,3,stop_307_71819,583-01,Witosa,50.012338,19.956857,613,,
ChIJMYp9eEhDFkcRmDQrsOq02R4,Oberża Sąsiadów,"Kordiana 19, Kraków",50.01078500000001,19.9650908,4,stop_307_71829,583-02,Witosa,50.012424,19.95579,689,,
ChIJMYp9eEhDFkcRmDQrsOq02R4,Oberża Sąsiadów,"Kordiana 19, Kraków",50.01078500000001,19.9650908,5,stop_306_71629,634-02,Piaski Nowe,50.015447,19.971604,697,,
ChIJF3jqK2tbFkcRtcoOZW_IO_A,Old Town Restaurant and Wine Bar,"Bracka 6, Kraków",50.0601897,19.93634630000001,1,stop_325_136029,821-02,Plac Wszystkich Świętych,50.059113,19.937497,145,,
ChIJF3jqK2tbFkcRtcoOZW_IO_A,Old Town Restaurant and Wine Bar,"Bracka 6, Kraków",50.0601897,19.93634630000001,2,stop_325_136019,821-01,Plac Wszystkich Świętych,50.05912,19.93824,180,,
ChIJF3jqK2tbFkcRtcoOZW_IO_A,Old Town Restaurant and Wine Bar,"Bracka 6, Kraków",50.0601897,19.93634630000001,3,stop_219_32219,822-01,Filharmonia,50.05903,19.93387,219,,
ChIJF3jqK2tbFkcRtcoOZW_IO_A,Old Town Restaurant and Wine Bar,"Bracka 6, Kraków",50.0601897,19.93634630000001,4,stop_219_32239,822-03,Filharmonia,50.05917,19.9331,258,,
ChIJF3jqK2tbFkcRtcoOZW_IO_A,Old Town Restaurant and Wine Bar,"Bracka 6, Kraków",50.0601897,19.93634630000001,5,stop_219_32229,822-02,Filharmonia,50.058666,19.933001,293,,
ChIJ25EKohFbFkcR8o8uEPaVH18,Oldsmobil Pub,"Świętego Tomasza 31, Kraków",50.0621099,19.9419646,1,stop_222_35719,806-01,Poczta Główna,50.059797,19.942404,259,,
ChIJ25EKohFbFkcR8o8uEPaVH18,Oldsmobil Pub,"Świętego Tomasza 31, Kraków",50.0621099,19.9419646,2,stop_222_35739,806-03,Poczta Główna,50.059339,19.941821,308,,
ChIJ25EKohFbFkcR8o8uEPaVH18,Oldsmobil Pub,"Świętego Tomasza 31, Kraków",50.0621099,19.9419646,3,stop_852_324239,801-03,Teatr Słowackiego,50.064192,19.94499,317,,
ChIJ25EKohFbFkcR8o8uEPaVH18,Oldsmobil Pub,"Świętego Tomasza 31, Kraków",50.0621099,19.9419646,4,stop_222_35729,806-02,Poczta Główna,50.059205,19.942571,326,,
ChIJ25EKohFbFkcR8o8uEPaVH18,Oldsmobil Pub,"Świętego Tomasza 31, Kraków",50.0621099,19.9419646,5,stop_852_324229,801-02,Teatr Słowackiego,50.064792,19.944409,346,,
ChIJ9_PqqmtbFkcRKgP894Ch5J0,Oliwa Pub,"Miodowa 14, Kraków",50.05248580000001,19.9435117,1,stop_224_35939,819-03,Stradom,50.052258,19.942061,107,,
ChIJ9_PqqmtbFkcRKgP894Ch5J0,Oliwa Pub,"Miodowa 14, Kraków",50.05248580000001,19.9435117,2,stop_224_35929,819-02,Stradom,50.052086,19.941166,173,,
ChIJ9_PqqmtbFkcRKgP894Ch5J0,Oliwa Pub,"Miodowa 14, Kraków",50.05248580000001,19.9435117,3,stop_224_35919,819-01,Stradom,50.05148,19.941337,191,,
ChIJ9_PqqmtbFkcRKgP894Ch5J0,Oliwa Pub,"Miodowa 14, Kraków",50.05248580000001,19.9435117,4,stop_224_35949,819-04,Stradom,50.050842,19.942415,199,,
ChIJ9_PqqmtbFkcRKgP894Ch5J0,Oliwa Pub,"Miodowa 14, Kraków",50.05248580000001,19.9435117,5,stop_221_32519,818-01,Wawel,50.05449,19.93963,356,,
ChIJmQgaY2pbFkcRBuM5IisgNv0,Omerta,"Kupa 3, Kraków",50.0521894,19.94570019999999,1,stop_227_36229,815-02,Miodowa,50.05321,19.9489,255,,
ChIJmQgaY2pbFkcRBuM5IisgNv0,Omerta,"Kupa 3, Kraków",50.0521894,19.94570019999999,2,stop_227_36219,815-01,Miodowa,50.053886,19.948108,255,,
ChIJmQgaY2pbFkcRBuM5IisgNv0,Omerta,"Kupa 3, Kraków",50.0521894,19.94570019999999,3,stop_224_35939,819-03,Stradom,50.052258,19.942061,260,,
ChIJmQgaY2pbFkcRBuM5IisgNv0,Omerta,"Kupa 3, Kraków",50.0521894,19.94570019999999,4,stop_224_35949,819-04,Stradom,50.050842,19.942415,278,,
ChIJmQgaY2pbFkcRBuM5IisgNv0,Omerta,"Kupa 3, Kraków",50.0521894,19.94570019999999,5,stop_224_35919,819-01,Stradom,50.05148,19.941337,321,,
ChIJqc-FmGpbFkcR9ZL6ktaxZxA,Once Upon A Time | Chajim Kohan,"Szeroka 1, Kraków",50.0531685,19.94734009999999,1,stop_227_36219,815-01,Miodowa,50.053886,19.948108,97,,
ChIJqc-FmGpbFkcR9ZL6ktaxZxA,Once Upon A Time | Chajim Kohan,"Szeroka 1, Kraków",50.0531685,19.94734009999999,2,stop_227_36229,815-02,Miodowa,50.05321,19.9489,111,,
ChIJqc-FmGpbFkcR9ZL6ktaxZxA,Once Upon A Time | Chajim Kohan,"Szeroka 1, Kraków",50.0531685,19.94734009999999,3,stop_1103_347129,816-02,św. Wawrzyńca,50.051415,19.950829,316,,
ChIJqc-FmGpbFkcR9ZL6ktaxZxA,Once Upon A Time | Chajim Kohan,"Szeroka 1, Kraków",50.0531685,19.94734009999999,4,stop_1103_347119,816-01,św. Wawrzyńca,50.051131,19.951064,349,,
ChIJqc-FmGpbFkcR9ZL6ktaxZxA,Once Upon A Time | Chajim Kohan,"Szeroka 1, Kraków",50.0531685,19.94734009999999,5,stop_224_35939,819-03,Stradom,50.052258,19.942061,390,,
ChIJne-tmGpbFkcRULqGJf50uhE,Once upon a time bar,"Szeroka 2, Kraków",50.0531819,19.9476279,1,stop_227_36219,815-01,Miodowa,50.053886,19.948108,85,,
ChIJne-tmGpbFkcRULqGJf50uhE,Once upon a time bar,"Szeroka 2, Kraków",50.0531819,19.9476279,2,stop_227_36229,815-02,Miodowa,50.05321,19.9489,91,,
ChIJne-tmGpbFkcRULqGJf50uhE,Once upon a time bar,"Szeroka 2, Kraków",50.0531819,19.9476279,3,stop_1103_347129,816-02,św. Wawrzyńca,50.051415,19.950829,301,,
ChIJne-tmGpbFkcRULqGJf50uhE,Once upon a time bar,"Szeroka 2, Kraków",50.0531819,19.9476279,4,stop_1103_347119,816-01,św. Wawrzyńca,50.051131,19.951064,335,,
ChIJne-tmGpbFkcRULqGJf50uhE,Once upon a time bar,"Szeroka 2, Kraków",50.0531819,19.9476279,5,stop_224_35939,819-03,Stradom,50.052258,19.942061,411,,
ChIJBX58ylpbFkcR92BX70vCpm8,One More Burger. Smash Burgers. Street Food,"Na Zjeździe 6b, Kraków",50.04599690000001,19.9549445,1,stop_278_57019,640-01,Plac Bohaterów Getta,50.046605,19.955028,68,,
ChIJBX58ylpbFkcR92BX70vCpm8,One More Burger. Smash Burgers. Street Food,"Na Zjeździe 6b, Kraków",50.04599690000001,19.9549445,2,stop_278_57029,640-02,Plac Bohaterów Getta,50.046716,19.9551,81,,
ChIJBX58ylpbFkcR92BX70vCpm8,One More Burger. Smash Burgers. Street Food,"Na Zjeździe 6b, Kraków",50.04599690000001,19.9549445,3,stop_338_56919,641-01,Limanowskiego,50.045136,19.954882,96,,
ChIJBX58ylpbFkcR92BX70vCpm8,One More Burger. Smash Burgers. Street Food,"Na Zjeździe 6b, Kraków",50.04599690000001,19.9549445,4,stop_338_56929,641-02,Limanowskiego,50.045,19.955911,131,,
ChIJBX58ylpbFkcR92BX70vCpm8,One More Burger. Smash Burgers. Street Food,"Na Zjeździe 6b, Kraków",50.04599690000001,19.9549445,5,stop_820_315819,642-01,Podgórze SKA,50.042438,19.960723,572,,
ChIJj2ndZZpbFkcRvOQR6bv5G6A,Opus Lounge Bar,"plac Kossaka 6, Kraków",50.0567763,19.928376,1,stop_216_31919,823-01,Jubilat,50.055498,19.928109,143,,
ChIJj2ndZZpbFkcRvOQR6bv5G6A,Opus Lounge Bar,"plac Kossaka 6, Kraków",50.0567763,19.928376,2,stop_216_31929,823-02,Jubilat,50.054999,19.927052,219,,
ChIJj2ndZZpbFkcRvOQR6bv5G6A,Opus Lounge Bar,"plac Kossaka 6, Kraków",50.0567763,19.928376,3,stop_219_32229,822-02,Filharmonia,50.058666,19.933001,391,,
ChIJj2ndZZpbFkcRvOQR6bv5G6A,Opus Lounge Bar,"plac Kossaka 6, Kraków",50.0567763,19.928376,4,stop_219_32239,822-03,Filharmonia,50.05917,19.9331,430,,
ChIJj2ndZZpbFkcRvOQR6bv5G6A,Opus Lounge Bar,"plac Kossaka 6, Kraków",50.0567763,19.928376,5,stop_219_32219,822-01,Filharmonia,50.05903,19.93387,465,,
ChIJfRmg6ihbFkcRuVyoUoqHaM0,Outpost Grill Bar,"Kosynierów 5, Kraków",50.0665795,19.9767674,1,stop_208_13029,804-02,Białucha,50.067597,19.977192,117,,
ChIJfRmg6ihbFkcRuVyoUoqHaM0,Outpost Grill Bar,"Kosynierów 5, Kraków",50.0665795,19.9767674,2,stop_208_13019,804-01,Białucha,50.067841,19.977991,165,,
ChIJfRmg6ihbFkcRuVyoUoqHaM0,Outpost Grill Bar,"Kosynierów 5, Kraków",50.0665795,19.9767674,3,stop_207_12919,803-01,Cystersów,50.066523,19.970519,446,,
ChIJfRmg6ihbFkcRuVyoUoqHaM0,Outpost Grill Bar,"Kosynierów 5, Kraków",50.0665795,19.9767674,4,stop_207_12929,803-02,Cystersów,50.06654,19.969149,544,,
ChIJfRmg6ihbFkcRuVyoUoqHaM0,Outpost Grill Bar,"Kosynierów 5, Kraków",50.0665795,19.9767674,5,stop_574_304029,805-02,TAURON Arena Kraków Wieczysta,50.071103,19.982871,665,,
ChIJd1EkJs9bFkcRT5zQhvXVxk8,PANDORA. Cocktail BAR,"Szpitalna 36, Kraków",50.06407850000001,19.9420725,1,stop_852_324229,801-02,Teatr Słowackiego,50.064792,19.944409,185,,
ChIJd1EkJs9bFkcRT5zQhvXVxk8,PANDORA. Cocktail BAR,"Szpitalna 36, Kraków",50.06407850000001,19.9420725,2,stop_852_324239,801-03,Teatr Słowackiego,50.064192,19.94499,209,,
ChIJd1EkJs9bFkcRT5zQhvXVxk8,PANDORA. Cocktail BAR,"Szpitalna 36, Kraków",50.06407850000001,19.9420725,3,stop_852_324249,801-04,Teatr Słowackiego,50.065006,19.94518,245,,
ChIJd1EkJs9bFkcRT5zQhvXVxk8,PANDORA. Cocktail BAR,"Szpitalna 36, Kraków",50.06407850000001,19.9420725,4,stop_852_324219,801-01,Teatr Słowackiego,50.064609,19.945628,261,,
ChIJd1EkJs9bFkcRT5zQhvXVxk8,PANDORA. Cocktail BAR,"Szpitalna 36, Kraków",50.06407850000001,19.9420725,5,stop_568_303219,833-01,Stary Kleparz,50.066314,19.939721,300,,
ChIJI2Vthw5bFkcRbl0uSlFnj9I,PIEC Art whisky & cocktail bar,"Szewska 12, Kraków",50.06254999999999,19.934724,1,stop_191_7719,,Teatr Bagatela,50.0631,19.932648,160,,
ChIJI2Vthw5bFkcRbl0uSlFnj9I,PIEC Art whisky & cocktail bar,"Szewska 12, Kraków",50.06254999999999,19.934724,2,stop_191_7729,,Teatr Bagatela,50.063806,19.933366,170,,
ChIJI2Vthw5bFkcRbl0uSlFnj9I,PIEC Art whisky & cocktail bar,"Szewska 12, Kraków",50.06254999999999,19.934724,3,stop_191_7739,,Teatr Bagatela,50.063755,19.932586,203,,
ChIJI2Vthw5bFkcRbl0uSlFnj9I,PIEC Art whisky & cocktail bar,"Szewska 12, Kraków",50.06254999999999,19.934724,4,stop_219_32239,822-03,Filharmonia,50.05917,19.9331,393,,
ChIJI2Vthw5bFkcRbl0uSlFnj9I,PIEC Art whisky & cocktail bar,"Szewska 12, Kraków",50.06254999999999,19.934724,5,stop_219_32219,822-01,Filharmonia,50.05903,19.93387,396,,
ChIJS3xBlrpbFkcRXAG7Zw0Tpfg,POTĘGA RYBAKA TSW,"Stanisława Skarbińskiego 2, Kraków",50.0709214,19.9103819,1,stop_1554_380819,,UKEN,50.074123,19.910791,357,,
ChIJS3xBlrpbFkcRXAG7Zw0Tpfg,POTĘGA RYBAKA TSW,"Stanisława Skarbińskiego 2, Kraków",50.0709214,19.9103819,2,stop_1554_380829,,UKEN,50.07426,19.909991,372,,
ChIJS3xBlrpbFkcRXAG7Zw0Tpfg,POTĘGA RYBAKA TSW,"Stanisława Skarbińskiego 2, Kraków",50.0709214,19.9103819,3,stop_195_8429,,Biprostal,50.07309,19.915045,411,,
ChIJS3xBlrpbFkcRXAG7Zw0Tpfg,POTĘGA RYBAKA TSW,"Stanisława Skarbińskiego 2, Kraków",50.0709214,19.9103819,4,stop_195_8419,,Biprostal,50.072862,19.916075,460,,
ChIJS3xBlrpbFkcRXAG7Zw0Tpfg,POTĘGA RYBAKA TSW,"Stanisława Skarbińskiego 2, Kraków",50.0709214,19.9103819,5,stop_319_104919,,Głowackiego,50.07536,19.9068,556,,
ChIJn7kHJwJbFkcRJINcVOHZymY,PROMINENT The Original Lounge Bar | PROMINENT Pizza,"Kamienna 17, Kraków",50.0752561,19.9404481,1,stop_186_7039,381-03,Dworzec Towarowy,50.074994,19.93968,62,,
ChIJn7kHJwJbFkcRJINcVOHZymY,PROMINENT The Original Lounge Bar | PROMINENT Pizza,"Kamienna 17, Kraków",50.0752561,19.9404481,2,stop_186_7029,381-02,Dworzec Towarowy,50.07592,19.94038,74,,
ChIJn7kHJwJbFkcRJINcVOHZymY,PROMINENT The Original Lounge Bar | PROMINENT Pizza,"Kamienna 17, Kraków",50.0752561,19.9404481,3,stop_186_7019,381-01,Dworzec Towarowy,50.075988,19.940292,82,,
ChIJn7kHJwJbFkcRJINcVOHZymY,PROMINENT The Original Lounge Bar | PROMINENT Pizza,"Kamienna 17, Kraków",50.0752561,19.9404481,4,stop_187_7119,835-01,Nowy Kleparz,50.07349,19.93663,336,,
ChIJn7kHJwJbFkcRJINcVOHZymY,PROMINENT The Original Lounge Bar | PROMINENT Pizza,"Kamienna 17, Kraków",50.0752561,19.9404481,5,stop_187_7129,835-02,Nowy Kleparz,50.073508,19.936452,345,,
ChIJrYy35TZbFkcRROhvy1oukns,Pan Focaccia,"Krakowska 6, Kraków",50.05118419999999,19.9423633,1,stop_224_35949,819-04,Stradom,50.050842,19.942415,38,,
ChIJrYy35TZbFkcRROhvy1oukns,Pan Focaccia,"Krakowska 6, Kraków",50.05118419999999,19.9423633,2,stop_224_35919,819-01,Stradom,50.05148,19.941337,80,,
ChIJrYy35TZbFkcRROhvy1oukns,Pan Focaccia,"Krakowska 6, Kraków",50.05118419999999,19.9423633,3,stop_224_35939,819-03,Stradom,50.052258,19.942061,121,,
ChIJrYy35TZbFkcRROhvy1oukns,Pan Focaccia,"Krakowska 6, Kraków",50.05118419999999,19.9423633,4,stop_224_35929,819-02,Stradom,50.052086,19.941166,132,,
ChIJrYy35TZbFkcRROhvy1oukns,Pan Focaccia,"Krakowska 6, Kraków",50.05118419999999,19.9423633,5,stop_226_36119,872-01,Orzeszkowej,50.050631,19.938671,271,,
ChIJW5aRJalFFkcRnoHc4_F79CU,Panorama Restoclub,"Generała Witolda Urbanowicza 4, Kraków",50.0856424,20.0183946,1,stop_243_39219,135-01,DH Wanda,50.084477,20.020671,208,,
ChIJW5aRJalFFkcRnoHc4_F79CU,Panorama Restoclub,"Generała Witolda Urbanowicza 4, Kraków",50.0856424,20.0183946,2,stop_243_39229,135-02,DH Wanda,50.084432,20.020689,212,,
ChIJW5aRJalFFkcRnoHc4_F79CU,Panorama Restoclub,"Generała Witolda Urbanowicza 4, Kraków",50.0856424,20.0183946,3,stop_329_253919,162-01,Rondo Hipokratesa,50.090025,20.021395,532,,
ChIJW5aRJalFFkcRnoHc4_F79CU,Panorama Restoclub,"Generała Witolda Urbanowicza 4, Kraków",50.0856424,20.0183946,4,stop_329_253929,162-02,Rondo Hipokratesa,50.090094,20.021355,538,,
ChIJW5aRJalFFkcRnoHc4_F79CU,Panorama Restoclub,"Generała Witolda Urbanowicza 4, Kraków",50.0856424,20.0183946,5,stop_242_38819,161-01,Dunikowskiego,50.092201,20.016038,748,,
ChIJn-9euK5bFkcR716ULXktzjw,Paragraf 22,"Balicka 18c, Kraków",50.0813469,19.8816752,1,stop_212_13519,,Bronowice Małe,50.08179,19.88192,52,,
ChIJn-9euK5bFkcR716ULXktzjw,Paragraf 22,"Balicka 18c, Kraków",50.0813469,19.8816752,2,stop_1058_345929,,Bronowice SKA,50.081524,19.888593,494,,
ChIJn-9euK5bFkcR716ULXktzjw,Paragraf 22,"Balicka 18c, Kraków",50.0813469,19.8816752,3,stop_1058_345919,,Bronowice SKA,50.081331,19.889698,572,,
ChIJn-9euK5bFkcR716ULXktzjw,Paragraf 22,"Balicka 18c, Kraków",50.0813469,19.8816752,4,stop_210_13329,,Wesele,50.079235,19.896704,1098,,
ChIJn-9euK5bFkcR716ULXktzjw,Paragraf 22,"Balicka 18c, Kraków",50.0813469,19.8816752,5,stop_210_13319,,Wesele,50.078856,19.897857,1187,,
ChIJb7MQjW9bFkcRJwL6Z5XtRGc,Park Inn by Radisson Krakow,"Monte Cassino 2, Kraków",50.047459,19.9297859,1,stop_957_333819,501-01,Rondo Grunwaldzkie,50.048567,19.930917,147,,
ChIJb7MQjW9bFkcRJwL6Z5XtRGc,Park Inn by Radisson Krakow,"Monte Cassino 2, Kraków",50.047459,19.9297859,2,stop_957_333829,501-02,Rondo Grunwaldzkie,50.048605,19.931155,161,,
ChIJb7MQjW9bFkcRJwL6Z5XtRGc,Park Inn by Radisson Krakow,"Monte Cassino 2, Kraków",50.047459,19.9297859,3,stop_282_57529,522-02,Szwedzka,50.046744,19.925484,317,,
ChIJb7MQjW9bFkcRJwL6Z5XtRGc,Park Inn by Radisson Krakow,"Monte Cassino 2, Kraków",50.047459,19.9297859,4,stop_282_57519,522-01,Szwedzka,50.046721,19.925299,331,,
ChIJb7MQjW9bFkcRJwL6Z5XtRGc,Park Inn by Radisson Krakow,"Monte Cassino 2, Kraków",50.047459,19.9297859,5,stop_283_57629,523-02,Kapelanka,50.045048,19.922048,614,,
ChIJC0Z6IQBFFkcR1uTLOUTaU_0,Parking,"aleja Solidarności 20, Kraków",50.07836779999999,20.0631512,1,stop_267_45919,107-01,Kombinat,50.079135,20.065059,161,,
ChIJC0Z6IQBFFkcR1uTLOUTaU_0,Parking,"aleja Solidarności 20, Kraków",50.07836779999999,20.0631512,2,stop_267_45939,107-03,Kombinat,50.0787,20.066005,207,,
ChIJC0Z6IQBFFkcR1uTLOUTaU_0,Parking,"aleja Solidarności 20, Kraków",50.07836779999999,20.0631512,3,stop_267_45929,107-02,Kombinat,50.079835,20.065863,253,,
ChIJC0Z6IQBFFkcR1uTLOUTaU_0,Parking,"aleja Solidarności 20, Kraków",50.07836779999999,20.0631512,4,stop_273_46519,193-01,Zajezdnia Nowa Huta,50.083538,20.065554,600,,
ChIJC0Z6IQBFFkcR1uTLOUTaU_0,Parking,"aleja Solidarności 20, Kraków",50.07836779999999,20.0631512,5,stop_273_46529,193-02,Zajezdnia Nowa Huta,50.08358,20.0656,605,,
ChIJXfbgFgBbFkcRjcGYtsDdKjc,Parking przy rynku,"Skwer Wolnej Ukrainy, Kraków",50.06747619999999,19.9371288,1,stop_568_303239,833-03,Stary Kleparz,50.06666,19.93895,159,,
ChIJXfbgFgBbFkcRjcGYtsDdKjc,Parking przy rynku,"Skwer Wolnej Ukrainy, Kraków",50.06747619999999,19.9371288,2,stop_568_303229,833-02,Stary Kleparz,50.066234,19.938562,172,,
ChIJXfbgFgBbFkcRjcGYtsDdKjc,Parking przy rynku,"Skwer Wolnej Ukrainy, Kraków",50.06747619999999,19.9371288,3,stop_568_303219,833-01,Stary Kleparz,50.066314,19.939721,226,,
ChIJXfbgFgBbFkcRjcGYtsDdKjc,Parking przy rynku,"Skwer Wolnej Ukrainy, Kraków",50.06747619999999,19.9371288,4,stop_188_7229,834-02,Pędzichów,50.069646,19.937499,243,,
ChIJXfbgFgBbFkcRjcGYtsDdKjc,Parking przy rynku,"Skwer Wolnej Ukrainy, Kraków",50.06747619999999,19.9371288,5,stop_188_7219,834-01,Pędzichów,50.069678,19.937536,247,,
ChIJAUWJ0BFbFkcRmlZhIqkv74s,Pauza,"Stolarska 5, Kraków",50.0604618,19.9389495,1,stop_325_136019,821-01,Plac Wszystkich Świętych,50.05912,19.93824,158,,
ChIJAUWJ0BFbFkcRmlZhIqkv74s,Pauza,"Stolarska 5, Kraków",50.0604618,19.9389495,2,stop_325_136029,821-02,Plac Wszystkich Świętych,50.059113,19.937497,182,,
ChIJAUWJ0BFbFkcRmlZhIqkv74s,Pauza,"Stolarska 5, Kraków",50.0604618,19.9389495,3,stop_222_35739,806-03,Poczta Główna,50.059339,19.941821,240,,
ChIJAUWJ0BFbFkcRmlZhIqkv74s,Pauza,"Stolarska 5, Kraków",50.0604618,19.9389495,4,stop_1102_347019,817-01,św. Gertrudy,50.058627,19.940988,251,,
ChIJAUWJ0BFbFkcRmlZhIqkv74s,Pauza,"Stolarska 5, Kraków",50.0604618,19.9389495,5,stop_222_35719,806-01,Poczta Główna,50.059797,19.942404,257,,
ChIJJ5plTEVbFkcROZ6eOhgOq3w,Pergamin 2.0 Lounge & Skybar,"Aleja Zygmunta Krasińskiego 1/7 piętro, Kraków",50.0557444,19.9278843,1,stop_216_31919,823-01,Jubilat,50.055498,19.928109,32,,
ChIJJ5plTEVbFkcROZ6eOhgOq3w,Pergamin 2.0 Lounge & Skybar,"Aleja Zygmunta Krasińskiego 1/7 piętro, Kraków",50.0557444,19.9278843,2,stop_216_31929,823-02,Jubilat,50.054999,19.927052,102,,
ChIJJ5plTEVbFkcROZ6eOhgOq3w,Pergamin 2.0 Lounge & Skybar,"Aleja Zygmunta Krasińskiego 1/7 piętro, Kraków",50.0557444,19.9278843,3,stop_219_32229,822-02,Filharmonia,50.058666,19.933001,489,,
ChIJJ5plTEVbFkcROZ6eOhgOq3w,Pergamin 2.0 Lounge & Skybar,"Aleja Zygmunta Krasińskiego 1/7 piętro, Kraków",50.0557444,19.9278843,4,stop_214_31319,300-01,Komorowskiego,50.053451,19.921873,499,,
ChIJJ5plTEVbFkcROZ6eOhgOq3w,Pergamin 2.0 Lounge & Skybar,"Aleja Zygmunta Krasińskiego 1/7 piętro, Kraków",50.0557444,19.9278843,5,stop_214_31329,300-02,Komorowskiego,50.053384,19.921893,502,,
ChIJk3-ZZwBbFkcRyqNCvPFXLuU,Petite place,"Józefa 12, Kraków",50.05107830000001,19.9439504,1,stop_224_35949,819-04,Stradom,50.050842,19.942415,113,,
ChIJk3-ZZwBbFkcRyqNCvPFXLuU,Petite place,"Józefa 12, Kraków",50.05107830000001,19.9439504,2,stop_224_35939,819-03,Stradom,50.052258,19.942061,188,,
ChIJk3-ZZwBbFkcRyqNCvPFXLuU,Petite place,"Józefa 12, Kraków",50.05107830000001,19.9439504,3,stop_224_35919,819-01,Stradom,50.05148,19.941337,192,,
ChIJk3-ZZwBbFkcRyqNCvPFXLuU,Petite place,"Józefa 12, Kraków",50.05107830000001,19.9439504,4,stop_224_35929,819-02,Stradom,50.052086,19.941166,228,,
ChIJk3-ZZwBbFkcRyqNCvPFXLuU,Petite place,"Józefa 12, Kraków",50.05107830000001,19.9439504,5,stop_225_36029,820-02,Plac Wolnica,50.048114,19.943448,332,,
ChIJRcdAw4JFFkcR7fdBzEi4-v0,Pełna Szklanka,"Jutrzenka 36, Kraków",50.0743744,20.0130261,1,stop_245_40719,102-01,Czyżyny,50.07399,20.011459,120,,
ChIJRcdAw4JFFkcR7fdBzEi4-v0,Pełna Szklanka,"Jutrzenka 36, Kraków",50.0743744,20.0130261,2,stop_245_40729,102-02,Czyżyny,50.074038,20.011272,131,,
ChIJRcdAw4JFFkcR7fdBzEi4-v0,Pełna Szklanka,"Jutrzenka 36, Kraków",50.0743744,20.0130261,3,stop_246_40829,103-02,Rondo Czyżyńskie,50.07358,20.01606,234,,
ChIJRcdAw4JFFkcR7fdBzEi4-v0,Pełna Szklanka,"Jutrzenka 36, Kraków",50.0743744,20.0130261,4,stop_246_40849,103-04,Rondo Czyżyńskie,50.072758,20.017068,340,,
ChIJRcdAw4JFFkcR7fdBzEi4-v0,Pełna Szklanka,"Jutrzenka 36, Kraków",50.0743744,20.0130261,5,stop_246_40839,103-03,Rondo Czyżyńskie,50.074193,20.018028,358,,
ChIJIZQCYjRbFkcR-K9qeQgsyDM,Pełnia Social Club,"Dajwór 16, Kraków",50.05099929999999,19.9498437,1,stop_1103_347129,816-02,św. Wawrzyńca,50.051415,19.950829,84,,
ChIJIZQCYjRbFkcR-K9qeQgsyDM,Pełnia Social Club,"Dajwór 16, Kraków",50.05099929999999,19.9498437,2,stop_1103_347119,816-01,św. Wawrzyńca,50.051131,19.951064,88,,
ChIJIZQCYjRbFkcR-K9qeQgsyDM,Pełnia Social Club,"Dajwór 16, Kraków",50.05099929999999,19.9498437,3,stop_227_36229,815-02,Miodowa,50.05321,19.9489,255,,
ChIJIZQCYjRbFkcR-K9qeQgsyDM,Pełnia Social Club,"Dajwór 16, Kraków",50.05099929999999,19.9498437,4,stop_227_36219,815-01,Miodowa,50.053886,19.948108,344,,
ChIJIZQCYjRbFkcR-K9qeQgsyDM,Pełnia Social Club,"Dajwór 16, Kraków",50.05099929999999,19.9498437,5,stop_224_35949,819-04,Stradom,50.050842,19.942415,531,,
ChIJjwarlZdbFkcRhEfiP5kN8Fo,Piano Bar,"Stolarska 10, Kraków",50.059816,19.939096,1,stop_325_136019,821-01,Plac Wszystkich Świętych,50.05912,19.93824,99,,
ChIJjwarlZdbFkcRhEfiP5kN8Fo,Piano Bar,"Stolarska 10, Kraków",50.059816,19.939096,2,stop_325_136029,821-02,Plac Wszystkich Świętych,50.059113,19.937497,138,,
ChIJjwarlZdbFkcRhEfiP5kN8Fo,Piano Bar,"Stolarska 10, Kraków",50.059816,19.939096,3,stop_1102_347019,817-01,św. Gertrudy,50.058627,19.940988,189,,
ChIJjwarlZdbFkcRhEfiP5kN8Fo,Piano Bar,"Stolarska 10, Kraków",50.059816,19.939096,4,stop_1102_347029,817-02,św. Gertrudy,50.058486,19.940838,193,,
ChIJjwarlZdbFkcRhEfiP5kN8Fo,Piano Bar,"Stolarska 10, Kraków",50.059816,19.939096,5,stop_222_35739,806-03,Poczta Główna,50.059339,19.941821,202,,
ChIJefu_NWVbFkcR4ytsqnsq3kg,Pierogarnia,"Józefa Wybickiego 8, Kraków",50.08421120000001,19.9279657,1,stop_183_6129,383-02,Bratysławska,50.084645,19.933583,404,,
ChIJefu_NWVbFkcR4ytsqnsq3kg,Pierogarnia,"Józefa Wybickiego 8, Kraków",50.08421120000001,19.9279657,2,stop_183_6119,383-01,Bratysławska,50.08373,19.93416,445,,
ChIJefu_NWVbFkcR4ytsqnsq3kg,Pierogarnia,"Józefa Wybickiego 8, Kraków",50.08421120000001,19.9279657,3,stop_1486_372429,410-02,Krowodrza Górka P+R,50.088752,19.93274,609,,
ChIJefu_NWVbFkcR4ytsqnsq3kg,Pierogarnia,"Józefa Wybickiego 8, Kraków",50.08421120000001,19.9279657,4,stop_1486_372419,410-01,Krowodrza Górka P+R,50.088958,19.932816,631,,
ChIJefu_NWVbFkcR4ytsqnsq3kg,Pierogarnia,"Józefa Wybickiego 8, Kraków",50.08421120000001,19.9279657,5,stop_1486_372439,410-03,Krowodrza Górka P+R,50.089389,19.93163,632,,
ChIJ9-baNwBbFkcRWFh83XtlSHI,Pierogi to tu,"Grodzka, Kraków",50.0555024,19.938431,1,stop_221_32519,818-01,Wawel,50.05449,19.93963,141,,
ChIJ9-baNwBbFkcRWFh83XtlSHI,Pierogi to tu,"Grodzka, Kraków",50.0555024,19.938431,2,stop_221_32529,818-02,Wawel,50.054344,19.939404,146,,
ChIJ9-baNwBbFkcRWFh83XtlSHI,Pierogi to tu,"Grodzka, Kraków",50.0555024,19.938431,3,stop_1102_347029,817-02,św. Gertrudy,50.058486,19.940838,374,,
ChIJ9-baNwBbFkcRWFh83XtlSHI,Pierogi to tu,"Grodzka, Kraków",50.0555024,19.938431,4,stop_1102_347019,817-01,św. Gertrudy,50.058627,19.940988,392,,
ChIJ9-baNwBbFkcRWFh83XtlSHI,Pierogi to tu,"Grodzka, Kraków",50.0555024,19.938431,5,stop_325_136019,821-01,Plac Wszystkich Świętych,50.05912,19.93824,402,,
ChIJNeIDPhJbFkcRZ5OZSMb4dLA,"Pierwszy Lokal na Stolarskiej po lewej stronie, idąc od Małego Rynku","Stolarska 6, Kraków",50.06071619999999,19.9396528,1,stop_325_136019,821-01,Plac Wszystkich Świętych,50.05912,19.93824,204,,
ChIJNeIDPhJbFkcRZ5OZSMb4dLA,"Pierwszy Lokal na Stolarskiej po lewej stronie, idąc od Małego Rynku","Stolarska 6, Kraków",50.06071619999999,19.9396528,2,stop_222_35739,806-03,Poczta Główna,50.059339,19.941821,218,,
ChIJNeIDPhJbFkcRZ5OZSMb4dLA,"Pierwszy Lokal na Stolarskiej po lewej stronie, idąc od Małego Rynku","Stolarska 6, Kraków",50.06071619999999,19.9396528,3,stop_222_35719,806-01,Poczta Główna,50.059797,19.942404,221,,
ChIJNeIDPhJbFkcRZ5OZSMb4dLA,"Pierwszy Lokal na Stolarskiej po lewej stronie, idąc od Małego Rynku","Stolarska 6, Kraków",50.06071619999999,19.9396528,4,stop_325_136029,821-02,Plac Wszystkich Świętych,50.059113,19.937497,236,,
ChIJNeIDPhJbFkcRZ5OZSMb4dLA,"Pierwszy Lokal na Stolarskiej po lewej stronie, idąc od Małego Rynku","Stolarska 6, Kraków",50.06071619999999,19.9396528,5,stop_1102_347019,817-01,św. Gertrudy,50.058627,19.940988,251,,
ChIJffwH4xFbFkcRdb9UjguiRHU,Pijalnia Czekolady E.Wedel,"Rynek Główny 46, Kraków",50.062256,19.9388943,1,stop_325_136019,821-01,Plac Wszystkich Świętych,50.05912,19.93824,352,,
ChIJffwH4xFbFkcRdb9UjguiRHU,Pijalnia Czekolady E.Wedel,"Rynek Główny 46, Kraków",50.062256,19.9388943,2,stop_325_136029,821-02,Plac Wszystkich Świętych,50.059113,19.937497,363,,
ChIJffwH4xFbFkcRdb9UjguiRHU,Pijalnia Czekolady E.Wedel,"Rynek Główny 46, Kraków",50.062256,19.9388943,3,stop_222_35719,806-01,Poczta Główna,50.059797,19.942404,371,,
ChIJffwH4xFbFkcRdb9UjguiRHU,Pijalnia Czekolady E.Wedel,"Rynek Główny 46, Kraków",50.062256,19.9388943,4,stop_222_35739,806-03,Poczta Główna,50.059339,19.941821,386,,
ChIJffwH4xFbFkcRdb9UjguiRHU,Pijalnia Czekolady E.Wedel,"Rynek Główny 46, Kraków",50.062256,19.9388943,5,stop_222_35729,806-02,Poczta Główna,50.059205,19.942571,429,,
ChIJSSXvDN1bFkcREHQXwdbUIxI,Pijana Wisnia,"Grodzka 10, Kraków",50.0597436,19.9378455,1,stop_325_136029,821-02,Plac Wszystkich Świętych,50.059113,19.937497,74,,
ChIJSSXvDN1bFkcREHQXwdbUIxI,Pijana Wisnia,"Grodzka 10, Kraków",50.0597436,19.9378455,2,stop_325_136019,821-01,Plac Wszystkich Świętych,50.05912,19.93824,75,,
ChIJSSXvDN1bFkcREHQXwdbUIxI,Pijana Wisnia,"Grodzka 10, Kraków",50.0597436,19.9378455,3,stop_1102_347029,817-02,św. Gertrudy,50.058486,19.940838,255,,
ChIJSSXvDN1bFkcREHQXwdbUIxI,Pijana Wisnia,"Grodzka 10, Kraków",50.0597436,19.9378455,4,stop_1102_347019,817-01,św. Gertrudy,50.058627,19.940988,256,,
ChIJSSXvDN1bFkcREHQXwdbUIxI,Pijana Wisnia,"Grodzka 10, Kraków",50.0597436,19.9378455,5,stop_222_35739,806-03,Poczta Główna,50.059339,19.941821,287,,
ChIJ7dUJJB9bFkcRDhXnByReGHs,Pijana Wiśnia,"Floriańska 36, Kraków",50.0643324,19.9408505,1,stop_568_303219,833-01,Stary Kleparz,50.066314,19.939721,235,,
ChIJ7dUJJB9bFkcRDhXnByReGHs,Pijana Wiśnia,"Floriańska 36, Kraków",50.0643324,19.9408505,2,stop_852_324229,801-02,Teatr Słowackiego,50.064792,19.944409,259,,
ChIJ7dUJJB9bFkcRDhXnByReGHs,Pijana Wiśnia,"Floriańska 36, Kraków",50.0643324,19.9408505,3,stop_568_303229,833-02,Stary Kleparz,50.066234,19.938562,267,,
ChIJ7dUJJB9bFkcRDhXnByReGHs,Pijana Wiśnia,"Floriańska 36, Kraków",50.0643324,19.9408505,4,stop_568_303239,833-03,Stary Kleparz,50.06666,19.93895,292,,
ChIJ7dUJJB9bFkcRDhXnByReGHs,Pijana Wiśnia,"Floriańska 36, Kraków",50.0643324,19.9408505,5,stop_852_324239,801-03,Teatr Słowackiego,50.064192,19.94499,296,,
ChIJ59dNJxBbFkcR1ltwaIsVyUY,Pijarska 17 Restaurant,"Pijarska 17, Kraków",50.064761,19.9405182,1,stop_568_303219,833-01,Stary Kleparz,50.066314,19.939721,182,,
ChIJ59dNJxBbFkcR1ltwaIsVyUY,Pijarska 17 Restaurant,"Pijarska 17, Kraków",50.064761,19.9405182,2,stop_568_303229,833-02,Stary Kleparz,50.066234,19.938562,215,,
ChIJ59dNJxBbFkcR1ltwaIsVyUY,Pijarska 17 Restaurant,"Pijarska 17, Kraków",50.064761,19.9405182,3,stop_568_303239,833-03,Stary Kleparz,50.06666,19.93895,239,,
ChIJ59dNJxBbFkcR1ltwaIsVyUY,Pijarska 17 Restaurant,"Pijarska 17, Kraków",50.064761,19.9405182,4,stop_852_324229,801-02,Teatr Słowackiego,50.064792,19.944409,278,,
ChIJ59dNJxBbFkcR1ltwaIsVyUY,Pijarska 17 Restaurant,"Pijarska 17, Kraków",50.064761,19.9405182,5,stop_852_324239,801-03,Teatr Słowackiego,50.064192,19.94499,325,,
ChIJ8dz8AQBbFkcRKDlQxR_xpHo,Pistacchio Ola Crumble Cookies,"Dajwór 23, Kraków",50.0507196,19.9493506,1,stop_1103_347119,816-01,św. Wawrzyńca,50.051131,19.951064,131,,
ChIJ8dz8AQBbFkcRKDlQxR_xpHo,Pistacchio Ola Crumble Cookies,"Dajwór 23, Kraków",50.0507196,19.9493506,2,stop_1103_347129,816-02,św. Wawrzyńca,50.051415,19.950829,131,,
ChIJ8dz8AQBbFkcRKDlQxR_xpHo,Pistacchio Ola Crumble Cookies,"Dajwór 23, Kraków",50.0507196,19.9493506,3,stop_227_36229,815-02,Miodowa,50.05321,19.9489,279,,
ChIJ8dz8AQBbFkcRKDlQxR_xpHo,Pistacchio Ola Crumble Cookies,"Dajwór 23, Kraków",50.0507196,19.9493506,4,stop_227_36219,815-01,Miodowa,50.053886,19.948108,363,,
ChIJ8dz8AQBbFkcRKDlQxR_xpHo,Pistacchio Ola Crumble Cookies,"Dajwór 23, Kraków",50.0507196,19.9493506,5,stop_224_35949,819-04,Stradom,50.050842,19.942415,495,,
ChIJeX8hzMZcFkcR-W_4Y5yPx9E,Piwiarnia,"Orzechowa 3, Kraków",50.0119889,19.9262803,1,stop_310_74719,562-01,Borek Fałęcki,50.013101,19.927021,135,,
ChIJeX8hzMZcFkcR-W_4Y5yPx9E,Piwiarnia,"Orzechowa 3, Kraków",50.0119889,19.9262803,2,stop_3_7,743-02,Solvay,50.014546,19.927822,305,,
ChIJeX8hzMZcFkcR-W_4Y5yPx9E,Piwiarnia,"Orzechowa 3, Kraków",50.0119889,19.9262803,3,stop_3_6,743-01,Solvay,50.014606,19.927852,312,,
ChIJeX8hzMZcFkcR-W_4Y5yPx9E,Piwiarnia,"Orzechowa 3, Kraków",50.0119889,19.9262803,4,stop_2_5,561-02,Kościuszkowców,50.015661,19.929342,463,,
ChIJeX8hzMZcFkcR-W_4Y5yPx9E,Piwiarnia,"Orzechowa 3, Kraków",50.0119889,19.9262803,5,stop_2_4,561-01,Kościuszkowców,50.016651,19.929831,577,,
ChIJtzstdCBbFkcRfBd2eOUiDxg,Piwnica,"Świętego Tomasza 31, Kraków",50.0621099,19.9419646,1,stop_222_35719,806-01,Poczta Główna,50.059797,19.942404,259,,
ChIJtzstdCBbFkcRfBd2eOUiDxg,Piwnica,"Świętego Tomasza 31, Kraków",50.0621099,19.9419646,2,stop_222_35739,806-03,Poczta Główna,50.059339,19.941821,308,,
ChIJtzstdCBbFkcRfBd2eOUiDxg,Piwnica,"Świętego Tomasza 31, Kraków",50.0621099,19.9419646,3,stop_852_324239,801-03,Teatr Słowackiego,50.064192,19.94499,317,,
ChIJtzstdCBbFkcRfBd2eOUiDxg,Piwnica,"Świętego Tomasza 31, Kraków",50.0621099,19.9419646,4,stop_222_35729,806-02,Poczta Główna,50.059205,19.942571,326,,
ChIJtzstdCBbFkcRfBd2eOUiDxg,Piwnica,"Świętego Tomasza 31, Kraków",50.0621099,19.9419646,5,stop_852_324229,801-02,Teatr Słowackiego,50.064792,19.944409,346,,
ChIJlw8d3A1bFkcRqJxp52Plnk4,Piwnica Pod Baranami,"Pałac Pod Baranami, Rynek Główny 27, Kraków",50.061521,19.9354229,1,stop_191_7719,,Teatr Bagatela,50.0631,19.932648,265,,
ChIJlw8d3A1bFkcRqJxp52Plnk4,Piwnica Pod Baranami,"Pałac Pod Baranami, Rynek Główny 27, Kraków",50.061521,19.9354229,2,stop_191_7729,,Teatr Bagatela,50.063806,19.933366,293,,
ChIJlw8d3A1bFkcRqJxp52Plnk4,Piwnica Pod Baranami,"Pałac Pod Baranami, Rynek Główny 27, Kraków",50.061521,19.9354229,3,stop_219_32219,822-01,Filharmonia,50.05903,19.93387,298,,
ChIJlw8d3A1bFkcRqJxp52Plnk4,Piwnica Pod Baranami,"Pałac Pod Baranami, Rynek Główny 27, Kraków",50.061521,19.9354229,4,stop_325_136029,821-02,Plac Wszystkich Świętych,50.059113,19.937497,306,,
ChIJlw8d3A1bFkcRqJxp52Plnk4,Piwnica Pod Baranami,"Pałac Pod Baranami, Rynek Główny 27, Kraków",50.061521,19.9354229,5,stop_219_32239,822-03,Filharmonia,50.05917,19.9331,310,,
ChIJOY4JmmtbFkcRqaktBmCmEdg,Pizza Loft,"Stradomska 23, Kraków",50.052245,19.940666,1,stop_224_35929,819-02,Stradom,50.052086,19.941166,40,,
ChIJOY4JmmtbFkcRqaktBmCmEdg,Pizza Loft,"Stradomska 23, Kraków",50.052245,19.940666,2,stop_224_35919,819-01,Stradom,50.05148,19.941337,98,,
ChIJOY4JmmtbFkcRqaktBmCmEdg,Pizza Loft,"Stradomska 23, Kraków",50.052245,19.940666,3,stop_224_35939,819-03,Stradom,50.052258,19.942061,100,,
ChIJOY4JmmtbFkcRqaktBmCmEdg,Pizza Loft,"Stradomska 23, Kraków",50.052245,19.940666,4,stop_224_35949,819-04,Stradom,50.050842,19.942415,200,,
ChIJOY4JmmtbFkcRqaktBmCmEdg,Pizza Loft,"Stradomska 23, Kraków",50.052245,19.940666,5,stop_226_36119,872-01,Orzeszkowej,50.050631,19.938671,229,,
ChIJuX82UwBbFkcRnmOc76HaLU8,Pizzatopia fast&social,"Grodzka 47, Kraków",50.0574756,19.9379548,1,stop_325_136019,821-01,Plac Wszystkich Świętych,50.05912,19.93824,184,,
ChIJuX82UwBbFkcRnmOc76HaLU8,Pizzatopia fast&social,"Grodzka 47, Kraków",50.0574756,19.9379548,2,stop_325_136029,821-02,Plac Wszystkich Świętych,50.059113,19.937497,185,,
ChIJuX82UwBbFkcRnmOc76HaLU8,Pizzatopia fast&social,"Grodzka 47, Kraków",50.0574756,19.9379548,3,stop_1102_347029,817-02,św. Gertrudy,50.058486,19.940838,234,,
ChIJuX82UwBbFkcRnmOc76HaLU8,Pizzatopia fast&social,"Grodzka 47, Kraków",50.0574756,19.9379548,4,stop_1102_347019,817-01,św. Gertrudy,50.058627,19.940988,252,,
ChIJuX82UwBbFkcRnmOc76HaLU8,Pizzatopia fast&social,"Grodzka 47, Kraków",50.0574756,19.9379548,5,stop_219_32219,822-01,Filharmonia,50.05903,19.93387,339,,
ChIJH_DXS2pbFkcRTAA_0bYZXbQ,Piękny Pies,"plac Wolnica 9, Kraków",50.04886320000001,19.944799,1,stop_225_36029,820-02,Plac Wolnica,50.048114,19.943448,127,,
ChIJH_DXS2pbFkcRTAA_0bYZXbQ,Piękny Pies,"plac Wolnica 9, Kraków",50.04886320000001,19.944799,2,stop_225_36019,820-01,Plac Wolnica,50.048028,19.943426,135,,
ChIJH_DXS2pbFkcRTAA_0bYZXbQ,Piękny Pies,"plac Wolnica 9, Kraków",50.04886320000001,19.944799,3,stop_224_35949,819-04,Stradom,50.050842,19.942415,278,,
ChIJH_DXS2pbFkcRTAA_0bYZXbQ,Piękny Pies,"plac Wolnica 9, Kraków",50.04886320000001,19.944799,4,stop_224_35919,819-01,Stradom,50.05148,19.941337,382,,
ChIJH_DXS2pbFkcRTAA_0bYZXbQ,Piękny Pies,"plac Wolnica 9, Kraków",50.04886320000001,19.944799,5,stop_224_35939,819-03,Stradom,50.052258,19.942061,425,,
ChIJeZWwHK5bFkcRaJg4CsI2YQo,Plac Nowy 1 Terrace,"Józefa 24, Kraków",50.0509157,19.9454574,1,stop_224_35949,819-04,Stradom,50.050842,19.942415,217,,
ChIJeZWwHK5bFkcRaJg4CsI2YQo,Plac Nowy 1 Terrace,"Józefa 24, Kraków",50.0509157,19.9454574,2,stop_224_35939,819-03,Stradom,50.052258,19.942061,285,,
ChIJeZWwHK5bFkcRaJg4CsI2YQo,Plac Nowy 1 Terrace,"Józefa 24, Kraków",50.0509157,19.9454574,3,stop_224_35919,819-01,Stradom,50.05148,19.941337,301,,
ChIJeZWwHK5bFkcRaJg4CsI2YQo,Plac Nowy 1 Terrace,"Józefa 24, Kraków",50.0509157,19.9454574,4,stop_224_35929,819-02,Stradom,50.052086,19.941166,333,,
ChIJeZWwHK5bFkcRaJg4CsI2YQo,Plac Nowy 1 Terrace,"Józefa 24, Kraków",50.0509157,19.9454574,5,stop_225_36029,820-02,Plac Wolnica,50.048114,19.943448,343,,
ChIJN9gUQ2pbFkcRC6_kiZbyTNQ,Plac Nowy 1 | Restaurant & Cocktail Bar,"plac Nowy 1, Kraków",50.05141829999999,19.9454059,1,stop_224_35949,819-04,Stradom,50.050842,19.942415,223,,
ChIJN9gUQ2pbFkcRC6_kiZbyTNQ,Plac Nowy 1 | Restaurant & Cocktail Bar,"plac Nowy 1, Kraków",50.05141829999999,19.9454059,2,stop_224_35939,819-03,Stradom,50.052258,19.942061,256,,
ChIJN9gUQ2pbFkcRC6_kiZbyTNQ,Plac Nowy 1 | Restaurant & Cocktail Bar,"plac Nowy 1, Kraków",50.05141829999999,19.9454059,3,stop_224_35919,819-01,Stradom,50.05148,19.941337,291,,
ChIJN9gUQ2pbFkcRC6_kiZbyTNQ,Plac Nowy 1 | Restaurant & Cocktail Bar,"plac Nowy 1, Kraków",50.05141829999999,19.9454059,4,stop_224_35929,819-02,Stradom,50.052086,19.941166,312,,
ChIJN9gUQ2pbFkcRC6_kiZbyTNQ,Plac Nowy 1 | Restaurant & Cocktail Bar,"plac Nowy 1, Kraków",50.05141829999999,19.9454059,5,stop_227_36229,815-02,Miodowa,50.05321,19.9489,319,,
ChIJIWP6HwBDFkcRaB3dau-YBXg,Plac Świętego Piotra,"Łużycka 57/61, Kraków",50.0123583,19.9719957,1,stop_306_71629,634-02,Piaski Nowe,50.015447,19.971604,345,,
ChIJIWP6HwBDFkcRaB3dau-YBXg,Plac Świętego Piotra,"Łużycka 57/61, Kraków",50.0123583,19.9719957,2,stop_306_71619,634-01,Piaski Nowe,50.015482,19.971574,349,,
ChIJIWP6HwBDFkcRaB3dau-YBXg,Plac Świętego Piotra,"Łużycka 57/61, Kraków",50.0123583,19.9719957,3,stop_305_71529,627-02,Nowosądecka,50.013437,19.964684,536,,
ChIJIWP6HwBDFkcRaB3dau-YBXg,Plac Świętego Piotra,"Łużycka 57/61, Kraków",50.0123583,19.9719957,4,stop_305_71519,627-01,Nowosądecka,50.013455,19.964635,540,,
ChIJIWP6HwBDFkcRaB3dau-YBXg,Plac Świętego Piotra,"Łużycka 57/61, Kraków",50.0123583,19.9719957,5,stop_299_63219,635-01,Dauna,50.018289,19.977516,768,,
ChIJm3vv9ABbFkcRpe-_IpTolLc,Platformer,"Zabłocie 19A/LU4, Kraków",50.0495475,19.9593737,1,stop_321_115429,619-02,Zabłocie,50.049951,19.964216,349,,
ChIJm3vv9ABbFkcRpe-_IpTolLc,Platformer,"Zabłocie 19A/LU4, Kraków",50.0495475,19.9593737,2,stop_321_115419,619-01,Zabłocie,50.0497,19.965148,413,,
ChIJm3vv9ABbFkcRpe-_IpTolLc,Platformer,"Zabłocie 19A/LU4, Kraków",50.0495475,19.9593737,3,stop_278_57029,640-02,Plac Bohaterów Getta,50.046716,19.9551,438,,
ChIJm3vv9ABbFkcRpe-_IpTolLc,Platformer,"Zabłocie 19A/LU4, Kraków",50.0495475,19.9593737,4,stop_278_57019,640-01,Plac Bohaterów Getta,50.046605,19.955028,451,,
ChIJm3vv9ABbFkcRpe-_IpTolLc,Platformer,"Zabłocie 19A/LU4, Kraków",50.0495475,19.9593737,5,stop_338_56929,641-02,Limanowskiego,50.045,19.955911,563,,
ChIJ8f4YlmxbFkcRW1mJQ24Dmjk,Pod Wawelem Kompania Kuflowa,"Świętej Gertrudy 26/29, Kraków",50.054876,19.939403,1,stop_221_32519,818-01,Wawel,50.05449,19.93963,46,,
ChIJ8f4YlmxbFkcRW1mJQ24Dmjk,Pod Wawelem Kompania Kuflowa,"Świętej Gertrudy 26/29, Kraków",50.054876,19.939403,2,stop_221_32529,818-02,Wawel,50.054344,19.939404,59,,
ChIJ8f4YlmxbFkcRW1mJQ24Dmjk,Pod Wawelem Kompania Kuflowa,"Świętej Gertrudy 26/29, Kraków",50.054876,19.939403,3,stop_224_35929,819-02,Stradom,50.052086,19.941166,335,,
ChIJ8f4YlmxbFkcRW1mJQ24Dmjk,Pod Wawelem Kompania Kuflowa,"Świętej Gertrudy 26/29, Kraków",50.054876,19.939403,4,stop_224_35939,819-03,Stradom,50.052258,19.942061,347,,
ChIJ8f4YlmxbFkcRW1mJQ24Dmjk,Pod Wawelem Kompania Kuflowa,"Świętej Gertrudy 26/29, Kraków",50.054876,19.939403,5,stop_224_35919,819-01,Stradom,50.05148,19.941337,402,,
ChIJqexg-xRbFkcR4OlSvuSfR-Q,Poli Craft Beers & Cocktails Bar,"Józefa Dietla 97, Kraków",50.0568478,19.9463696,1,stop_223_35839,807-03,Starowiślna,50.057227,19.946086,47,,
ChIJqexg-xRbFkcR4OlSvuSfR-Q,Poli Craft Beers & Cocktails Bar,"Józefa Dietla 97, Kraków",50.0568478,19.9463696,2,stop_223_35849,807-04,Starowiślna,50.057262,19.946032,52,,
ChIJqexg-xRbFkcR4OlSvuSfR-Q,Poli Craft Beers & Cocktails Bar,"Józefa Dietla 97, Kraków",50.0568478,19.9463696,3,stop_223_35829,807-02,Starowiślna,50.05689,19.945029,96,,
ChIJqexg-xRbFkcR4OlSvuSfR-Q,Poli Craft Beers & Cocktails Bar,"Józefa Dietla 97, Kraków",50.0568478,19.9463696,4,stop_223_35819,807-01,Starowiślna,50.05731,19.94455,140,,
ChIJqexg-xRbFkcR4OlSvuSfR-Q,Poli Craft Beers & Cocktails Bar,"Józefa Dietla 97, Kraków",50.0568478,19.9463696,5,stop_228_36329,808-02,Hala Targowa,50.058678,19.948657,261,,
ChIJUR6KtQRbFkcRfvjtQUT_egk,Polibuda Pub,"Warszawska 17, Kraków",50.0696612,19.9438825,1,stop_189_7329,839-02,Politechnika,50.070807,19.945062,153,,
ChIJUR6KtQRbFkcRfvjtQUT_egk,Polibuda Pub,"Warszawska 17, Kraków",50.0696612,19.9438825,2,stop_189_7349,839-04,Politechnika,50.071056,19.945016,175,,
ChIJUR6KtQRbFkcRfvjtQUT_egk,Polibuda Pub,"Warszawska 17, Kraków",50.0696612,19.9438825,3,stop_189_7339,839-03,Politechnika,50.071143,19.945072,185,,
ChIJUR6KtQRbFkcRfvjtQUT_egk,Polibuda Pub,"Warszawska 17, Kraków",50.0696612,19.9438825,4,stop_189_7319,839-01,Politechnika,50.071341,19.945059,205,,
ChIJUR6KtQRbFkcRfvjtQUT_egk,Polibuda Pub,"Warszawska 17, Kraków",50.0696612,19.9438825,5,stop_335_260819,760-01,Dworzec Główny Zachód,50.06783,19.945354,229,,
ChIJoZt0-vVbFkcRMzjFkNuPfRY,PonchoCafé | Latino Bar,"Długa 47, Kraków",50.07063669999999,19.9368437,1,stop_188_7219,834-01,Pędzichów,50.069678,19.937536,117,,
ChIJoZt0-vVbFkcRMzjFkNuPfRY,PonchoCafé | Latino Bar,"Długa 47, Kraków",50.07063669999999,19.9368437,2,stop_188_7229,834-02,Pędzichów,50.069646,19.937499,120,,
ChIJoZt0-vVbFkcRMzjFkNuPfRY,PonchoCafé | Latino Bar,"Długa 47, Kraków",50.07063669999999,19.9368437,3,stop_187_7119,835-01,Nowy Kleparz,50.07349,19.93663,318,,
ChIJoZt0-vVbFkcRMzjFkNuPfRY,PonchoCafé | Latino Bar,"Długa 47, Kraków",50.07063669999999,19.9368437,4,stop_187_7129,835-02,Nowy Kleparz,50.073508,19.936452,320,,
ChIJoZt0-vVbFkcRMzjFkNuPfRY,PonchoCafé | Latino Bar,"Długa 47, Kraków",50.07063669999999,19.9368437,5,stop_568_303239,833-03,Stary Kleparz,50.06666,19.93895,467,,
ChIJ613uwp9bFkcRe7STFRj_ks4,Premium Kebab,"Długa 69, Kraków",50.072669,19.9361149,1,stop_187_7129,835-02,Nowy Kleparz,50.073508,19.936452,96,,
ChIJ613uwp9bFkcRe7STFRj_ks4,Premium Kebab,"Długa 69, Kraków",50.072669,19.9361149,2,stop_187_7119,835-01,Nowy Kleparz,50.07349,19.93663,98,,
ChIJ613uwp9bFkcRe7STFRj_ks4,Premium Kebab,"Długa 69, Kraków",50.072669,19.9361149,3,stop_188_7219,834-01,Pędzichów,50.069678,19.937536,348,,
ChIJ613uwp9bFkcRe7STFRj_ks4,Premium Kebab,"Długa 69, Kraków",50.072669,19.9361149,4,stop_188_7229,834-02,Pędzichów,50.069646,19.937499,350,,
ChIJ613uwp9bFkcRe7STFRj_ks4,Premium Kebab,"Długa 69, Kraków",50.072669,19.9361149,5,stop_186_7039,381-03,Dworzec Towarowy,50.074994,19.93968,363,,
ChIJSa5_XmJFFkcRxtKeAx_mzQI,Prima wyroby domowe,"Bieńczycki Plac Targowy 16, Kraków",50.083256,20.031973,1,stop_252_42019,119-01,Teatr Ludowy,50.082264,20.032708,122,,
ChIJSa5_XmJFFkcRxtKeAx_mzQI,Prima wyroby domowe,"Bieńczycki Plac Targowy 16, Kraków",50.083256,20.031973,2,stop_252_42029,119-02,Teatr Ludowy,50.081863,20.032035,155,,
ChIJSa5_XmJFFkcRxtKeAx_mzQI,Prima wyroby domowe,"Bieńczycki Plac Targowy 16, Kraków",50.083256,20.031973,3,stop_354_274539,118-03,Rondo Kocmyrzowskie im. Ks. Gorzelanego,50.080062,20.028408,437,,
ChIJSa5_XmJFFkcRxtKeAx_mzQI,Prima wyroby domowe,"Bieńczycki Plac Targowy 16, Kraków",50.083256,20.031973,4,stop_571_303729,120-02,Cienista,50.08492,20.03772,450,,
ChIJSa5_XmJFFkcRxtKeAx_mzQI,Prima wyroby domowe,"Bieńczycki Plac Targowy 16, Kraków",50.083256,20.031973,5,stop_354_274519,118-01,Rondo Kocmyrzowskie im. Ks. Gorzelanego,50.080257,20.026561,510,,
ChIJv_gc_mpbFkcRnyAlH4nLZcU,Propaganda Pub,"Miodowa 20, Kraków",50.0527788,19.9437934,1,stop_224_35939,819-03,Stradom,50.052258,19.942061,137,,
ChIJv_gc_mpbFkcRnyAlH4nLZcU,Propaganda Pub,"Miodowa 20, Kraków",50.0527788,19.9437934,2,stop_224_35929,819-02,Stradom,50.052086,19.941166,203,,
ChIJv_gc_mpbFkcRnyAlH4nLZcU,Propaganda Pub,"Miodowa 20, Kraków",50.0527788,19.9437934,3,stop_224_35919,819-01,Stradom,50.05148,19.941337,227,,
ChIJv_gc_mpbFkcRnyAlH4nLZcU,Propaganda Pub,"Miodowa 20, Kraków",50.0527788,19.9437934,4,stop_224_35949,819-04,Stradom,50.050842,19.942415,237,,
ChIJv_gc_mpbFkcRnyAlH4nLZcU,Propaganda Pub,"Miodowa 20, Kraków",50.0527788,19.9437934,5,stop_227_36219,815-01,Miodowa,50.053886,19.948108,332,,
ChIJpTmeE3BbFkcRw8ujYUkfc5w,Prosecco drink & tapas,"Sławkowska 13/15, Kraków",50.0639089,19.93791,1,stop_568_303229,833-02,Stary Kleparz,50.066234,19.938562,263,,
ChIJpTmeE3BbFkcRw8ujYUkfc5w,Prosecco drink & tapas,"Sławkowska 13/15, Kraków",50.0639089,19.93791,2,stop_568_303219,833-01,Stary Kleparz,50.066314,19.939721,297,,
ChIJpTmeE3BbFkcRw8ujYUkfc5w,Prosecco drink & tapas,"Sławkowska 13/15, Kraków",50.0639089,19.93791,3,stop_568_303239,833-03,Stary Kleparz,50.06666,19.93895,315,,
ChIJpTmeE3BbFkcRw8ujYUkfc5w,Prosecco drink & tapas,"Sławkowska 13/15, Kraków",50.0639089,19.93791,4,stop_191_7729,,Teatr Bagatela,50.063806,19.933366,325,,
ChIJpTmeE3BbFkcRw8ujYUkfc5w,Prosecco drink & tapas,"Sławkowska 13/15, Kraków",50.0639089,19.93791,5,stop_191_7739,,Teatr Bagatela,50.063755,19.932586,380,,
ChIJ2XcWJTJbFkcRrWSurIn8cls,Prosecco oyster bar,"Grodzka 51, Kraków",50.05728790000001,19.9380307,1,stop_325_136019,821-01,Plac Wszystkich Świętych,50.05912,19.93824,204,,
ChIJ2XcWJTJbFkcRrWSurIn8cls,Prosecco oyster bar,"Grodzka 51, Kraków",50.05728790000001,19.9380307,2,stop_325_136029,821-02,Plac Wszystkich Świętych,50.059113,19.937497,206,,
ChIJ2XcWJTJbFkcRrWSurIn8cls,Prosecco oyster bar,"Grodzka 51, Kraków",50.05728790000001,19.9380307,3,stop_1102_347029,817-02,św. Gertrudy,50.058486,19.940838,241,,
ChIJ2XcWJTJbFkcRrWSurIn8cls,Prosecco oyster bar,"Grodzka 51, Kraków",50.05728790000001,19.9380307,4,stop_1102_347019,817-01,św. Gertrudy,50.058627,19.940988,258,,
ChIJ2XcWJTJbFkcRrWSurIn8cls,Prosecco oyster bar,"Grodzka 51, Kraków",50.05728790000001,19.9380307,5,stop_221_32519,818-01,Wawel,50.05449,19.93963,331,,
ChIJX_C7q3NbFkcRsShNplgccVE,Przystań Wawel Resto Bar,"bulwar Czerwieński 3, Kraków",50.05085400000001,19.9343152,1,stop_226_36129,872-02,Orzeszkowej,50.050546,19.938251,283,,
ChIJX_C7q3NbFkcRsShNplgccVE,Przystań Wawel Resto Bar,"bulwar Czerwieński 3, Kraków",50.05085400000001,19.9343152,2,stop_226_36119,872-01,Orzeszkowej,50.050631,19.938671,312,,
ChIJX_C7q3NbFkcRsShNplgccVE,Przystań Wawel Resto Bar,"bulwar Czerwieński 3, Kraków",50.05085400000001,19.9343152,3,stop_957_333829,501-02,Rondo Grunwaldzkie,50.048605,19.931155,337,,
ChIJX_C7q3NbFkcRsShNplgccVE,Przystań Wawel Resto Bar,"bulwar Czerwieński 3, Kraków",50.05085400000001,19.9343152,4,stop_957_333819,501-01,Rondo Grunwaldzkie,50.048567,19.930917,351,,
ChIJX_C7q3NbFkcRsShNplgccVE,Przystań Wawel Resto Bar,"bulwar Czerwieński 3, Kraków",50.05085400000001,19.9343152,5,stop_224_35919,819-01,Stradom,50.05148,19.941337,506,,
ChIJ4_bZGKlbFkcRFoWjcGDzoqA,Pub Grot 'n' Roll,"Szewska 23, Kraków",50.0629974,19.9342007,1,stop_191_7729,,Teatr Bagatela,50.063806,19.933366,108,,
ChIJ4_bZGKlbFkcRFoWjcGDzoqA,Pub Grot 'n' Roll,"Szewska 23, Kraków",50.0629974,19.9342007,2,stop_191_7719,,Teatr Bagatela,50.0631,19.932648,111,,
ChIJ4_bZGKlbFkcRFoWjcGDzoqA,Pub Grot 'n' Roll,"Szewska 23, Kraków",50.0629974,19.9342007,3,stop_191_7739,,Teatr Bagatela,50.063755,19.932586,143,,
ChIJ4_bZGKlbFkcRFoWjcGDzoqA,Pub Grot 'n' Roll,"Szewska 23, Kraków",50.0629974,19.9342007,4,stop_219_32239,822-03,Filharmonia,50.05917,19.9331,433,,
ChIJ4_bZGKlbFkcRFoWjcGDzoqA,Pub Grot 'n' Roll,"Szewska 23, Kraków",50.0629974,19.9342007,5,stop_219_32219,822-01,Filharmonia,50.05903,19.93387,442,,
ChIJ211YoWpbFkcRUoxDvzw-SW4,Pub Pod Ziemią | Rock Pub,"Miodowa 43, Kraków",50.053374,19.9477139,1,stop_227_36219,815-01,Miodowa,50.053886,19.948108,64,,
ChIJ211YoWpbFkcRUoxDvzw-SW4,Pub Pod Ziemią | Rock Pub,"Miodowa 43, Kraków",50.053374,19.9477139,2,stop_227_36229,815-02,Miodowa,50.05321,19.9489,87,,
ChIJ211YoWpbFkcRUoxDvzw-SW4,Pub Pod Ziemią | Rock Pub,"Miodowa 43, Kraków",50.053374,19.9477139,3,stop_1103_347129,816-02,św. Wawrzyńca,50.051415,19.950829,311,,
ChIJ211YoWpbFkcRUoxDvzw-SW4,Pub Pod Ziemią | Rock Pub,"Miodowa 43, Kraków",50.053374,19.9477139,4,stop_1103_347119,816-01,św. Wawrzyńca,50.051131,19.951064,346,,
ChIJ211YoWpbFkcRUoxDvzw-SW4,Pub Pod Ziemią | Rock Pub,"Miodowa 43, Kraków",50.053374,19.9477139,5,stop_224_35939,819-03,Stradom,50.052258,19.942061,422,,
ChIJ_zIfgQNbFkcRn2yAm5L2jWU,Pub SPOKO Podgórze Kraków,"Kalwaryjska 9/15, Kraków",50.04325739999999,19.9467799,1,stop_279_57119,556-01,Korona,50.043604,19.946683,39,,
ChIJ_zIfgQNbFkcRn2yAm5L2jWU,Pub SPOKO Podgórze Kraków,"Kalwaryjska 9/15, Kraków",50.04325739999999,19.9467799,2,stop_279_57139,556-03,Korona,50.044032,19.94678,86,,
ChIJ_zIfgQNbFkcRn2yAm5L2jWU,Pub SPOKO Podgórze Kraków,"Kalwaryjska 9/15, Kraków",50.04325739999999,19.9467799,3,stop_279_57129,556-02,Korona,50.044052,19.947497,102,,
ChIJ_zIfgQNbFkcRn2yAm5L2jWU,Pub SPOKO Podgórze Kraków,"Kalwaryjska 9/15, Kraków",50.04325739999999,19.9467799,4,stop_280_57229,557-02,Smolki,50.041629,19.943262,310,,
ChIJ_zIfgQNbFkcRn2yAm5L2jWU,Pub SPOKO Podgórze Kraków,"Kalwaryjska 9/15, Kraków",50.04325739999999,19.9467799,5,stop_280_57219,557-01,Smolki,50.041496,19.943119,327,,
ChIJ_-pbWABbFkcR4Czz8-0LJqo,Pub Smil'y,"Osiedle Złotego Wieku 79, Kraków",50.09512489999999,19.9994168,1,stop_328_253819,140-01,Miśnieńska,50.094489,19.999999,82,,
ChIJ_-pbWABbFkcR4Czz8-0LJqo,Pub Smil'y,"Osiedle Złotego Wieku 79, Kraków",50.09512489999999,19.9994168,2,stop_328_253829,140-02,Miśnieńska,50.094406,20.000154,96,,
ChIJ_-pbWABbFkcR4Czz8-0LJqo,Pub Smil'y,"Osiedle Złotego Wieku 79, Kraków",50.09512489999999,19.9994168,3,stop_10_3,139-04,Mistrzejowice,50.09486,19.995525,279,,
ChIJ_-pbWABbFkcR4Czz8-0LJqo,Pub Smil'y,"Osiedle Złotego Wieku 79, Kraków",50.09512489999999,19.9994168,4,stop_237_37719,141-01,Os. Złotego Wieku,50.093749,20.004333,383,,
ChIJ_-pbWABbFkcR4Czz8-0LJqo,Pub Smil'y,"Osiedle Złotego Wieku 79, Kraków",50.09512489999999,19.9994168,5,stop_237_37729,141-02,Os. Złotego Wieku,50.093667,20.004478,396,,
ChIJpwxKZwBbFkcRs2-2qXWN1qA,Pub Stary Pies,"Pędzichów 3, Kraków",50.0694955,19.9382225,1,stop_188_7219,834-01,Pędzichów,50.069678,19.937536,53,,
ChIJpwxKZwBbFkcRs2-2qXWN1qA,Pub Stary Pies,"Pędzichów 3, Kraków",50.0694955,19.9382225,2,stop_188_7229,834-02,Pędzichów,50.069646,19.937499,54,,
ChIJpwxKZwBbFkcRs2-2qXWN1qA,Pub Stary Pies,"Pędzichów 3, Kraków",50.0694955,19.9382225,3,stop_568_303239,833-03,Stary Kleparz,50.06666,19.93895,320,,
ChIJpwxKZwBbFkcRs2-2qXWN1qA,Pub Stary Pies,"Pędzichów 3, Kraków",50.0694955,19.9382225,4,stop_568_303229,833-02,Stary Kleparz,50.066234,19.938562,363,,
ChIJpwxKZwBbFkcRs2-2qXWN1qA,Pub Stary Pies,"Pędzichów 3, Kraków",50.0694955,19.9382225,5,stop_568_303219,833-01,Stary Kleparz,50.066314,19.939721,370,,
ChIJAefE3zpbFkcROu9rfU03rz8,Pub nalefka [na'lɛfka],"Sławkowska 23, Kraków",50.06491219999999,19.9386428,1,stop_568_303229,833-02,Stary Kleparz,50.066234,19.938562,147,,
ChIJAefE3zpbFkcROu9rfU03rz8,Pub nalefka [na'lɛfka],"Sławkowska 23, Kraków",50.06491219999999,19.9386428,2,stop_568_303219,833-01,Stary Kleparz,50.066314,19.939721,174,,
ChIJAefE3zpbFkcROu9rfU03rz8,Pub nalefka [na'lɛfka],"Sławkowska 23, Kraków",50.06491219999999,19.9386428,3,stop_568_303239,833-03,Stary Kleparz,50.06666,19.93895,196,,
ChIJAefE3zpbFkcROu9rfU03rz8,Pub nalefka [na'lɛfka],"Sławkowska 23, Kraków",50.06491219999999,19.9386428,4,stop_191_7729,,Teatr Bagatela,50.063806,19.933366,396,,
ChIJAefE3zpbFkcROu9rfU03rz8,Pub nalefka [na'lɛfka],"Sławkowska 23, Kraków",50.06491219999999,19.9386428,5,stop_852_324229,801-02,Teatr Słowackiego,50.064792,19.944409,412,,
ChIJLZIpzJ5bFkcRgN7saz25w3U,Q-Hotel Bar,Kraków,50.0471329,19.9318348,1,stop_957_333829,501-02,Rondo Grunwaldzkie,50.048605,19.931155,171,,
ChIJLZIpzJ5bFkcRgN7saz25w3U,Q-Hotel Bar,Kraków,50.0471329,19.9318348,2,stop_957_333819,501-01,Rondo Grunwaldzkie,50.048567,19.930917,172,,
ChIJLZIpzJ5bFkcRgN7saz25w3U,Q-Hotel Bar,Kraków,50.0471329,19.9318348,3,stop_282_57529,522-02,Szwedzka,50.046744,19.925484,456,,
ChIJLZIpzJ5bFkcRgN7saz25w3U,Q-Hotel Bar,Kraków,50.0471329,19.9318348,4,stop_282_57519,522-01,Szwedzka,50.046721,19.925299,469,,
ChIJLZIpzJ5bFkcRgN7saz25w3U,Q-Hotel Bar,Kraków,50.0471329,19.9318348,5,stop_226_36129,872-02,Orzeszkowej,50.050546,19.938251,595,,
ChIJLQeccwhbFkcRs2g5-A76vtc,Quest Pub,"Wilhelma Feldmana 4/1a, Kraków",50.06808969999999,19.9289002,1,stop_4_9,,Stefana Batorego,50.067023,19.928837,119,,
ChIJLQeccwhbFkcRs2g5-A76vtc,Quest Pub,"Wilhelma Feldmana 4/1a, Kraków",50.06808969999999,19.9289002,2,stop_193_7919,,Plac Inwalidów,50.068728,19.926981,154,,
ChIJLQeccwhbFkcRs2g5-A76vtc,Quest Pub,"Wilhelma Feldmana 4/1a, Kraków",50.06808969999999,19.9289002,3,stop_4_8,,Stefana Batorego,50.066586,19.929432,171,,
ChIJLQeccwhbFkcRs2g5-A76vtc,Quest Pub,"Wilhelma Feldmana 4/1a, Kraków",50.06808969999999,19.9289002,4,stop_193_7929,,Plac Inwalidów,50.069585,19.925897,271,,
ChIJLQeccwhbFkcRs2g5-A76vtc,Quest Pub,"Wilhelma Feldmana 4/1a, Kraków",50.06808969999999,19.9289002,5,stop_191_7739,,Teatr Bagatela,50.063755,19.932586,549,,
ChIJmRN8uBpbFkcRzv3hMLj9BT8,R'lyeh Cafe,"Lubicz 28, Kraków",50.0653269,19.9519509,1,stop_204_12619,851-01,Lubicz,50.065186,19.952104,19,,
ChIJmRN8uBpbFkcRzv3hMLj9BT8,R'lyeh Cafe,"Lubicz 28, Kraków",50.0653269,19.9519509,2,stop_204_12639,851-03,Lubicz,50.065436,19.951621,26,,
ChIJmRN8uBpbFkcRzv3hMLj9BT8,R'lyeh Cafe,"Lubicz 28, Kraków",50.0653269,19.9519509,3,stop_204_12629,851-02,Lubicz,50.065046,19.951094,69,,
ChIJmRN8uBpbFkcRzv3hMLj9BT8,R'lyeh Cafe,"Lubicz 28, Kraków",50.0653269,19.9519509,4,stop_205_12719,852-01,Uniwersytet Ekonomiczny,50.067608,19.952235,254,,
ChIJmRN8uBpbFkcRzv3hMLj9BT8,R'lyeh Cafe,"Lubicz 28, Kraków",50.0653269,19.9519509,5,stop_205_12729,852-02,Uniwersytet Ekonomiczny,50.068328,19.952638,337,,
ChIJBYPBnU1bFkcRRKhAtOn_TmU,RETRO | Cocktail Pub Kraków,"Miodowa 23, Kraków",50.0527662,19.9450359,1,stop_224_35939,819-03,Stradom,50.052258,19.942061,220,,
ChIJBYPBnU1bFkcRRKhAtOn_TmU,RETRO | Cocktail Pub Kraków,"Miodowa 23, Kraków",50.0527662,19.9450359,2,stop_227_36219,815-01,Miodowa,50.053886,19.948108,252,,
ChIJBYPBnU1bFkcRRKhAtOn_TmU,RETRO | Cocktail Pub Kraków,"Miodowa 23, Kraków",50.0527662,19.9450359,3,stop_227_36229,815-02,Miodowa,50.05321,19.9489,280,,
ChIJBYPBnU1bFkcRRKhAtOn_TmU,RETRO | Cocktail Pub Kraków,"Miodowa 23, Kraków",50.0527662,19.9450359,4,stop_224_35949,819-04,Stradom,50.050842,19.942415,284,,
ChIJBYPBnU1bFkcRRKhAtOn_TmU,RETRO | Cocktail Pub Kraków,"Miodowa 23, Kraków",50.0527662,19.9450359,5,stop_224_35929,819-02,Stradom,50.052086,19.941166,286,,
ChIJfSPfhg5bFkcR6Odo6nyjEx8,RIN music club,"Szewska 14, Kraków",50.062559,19.9345122,1,stop_191_7719,,Teatr Bagatela,50.0631,19.932648,146,,
ChIJfSPfhg5bFkcR6Odo6nyjEx8,RIN music club,"Szewska 14, Kraków",50.062559,19.9345122,2,stop_191_7729,,Teatr Bagatela,50.063806,19.933366,161,,
ChIJfSPfhg5bFkcR6Odo6nyjEx8,RIN music club,"Szewska 14, Kraków",50.062559,19.9345122,3,stop_191_7739,,Teatr Bagatela,50.063755,19.932586,191,,
ChIJfSPfhg5bFkcR6Odo6nyjEx8,RIN music club,"Szewska 14, Kraków",50.062559,19.9345122,4,stop_219_32239,822-03,Filharmonia,50.05917,19.9331,390,,
ChIJfSPfhg5bFkcR6Odo6nyjEx8,RIN music club,"Szewska 14, Kraków",50.062559,19.9345122,5,stop_219_32219,822-01,Filharmonia,50.05903,19.93387,395,,
ChIJq-LA3QZbFkcRkCHvmcut2gA,RUMOUR Cocktail Bar,"Pijarska 9, Kraków",50.0651536,19.9390299,1,stop_568_303229,833-02,Stary Kleparz,50.066234,19.938562,125,,
ChIJq-LA3QZbFkcRkCHvmcut2gA,RUMOUR Cocktail Bar,"Pijarska 9, Kraków",50.0651536,19.9390299,2,stop_568_303219,833-01,Stary Kleparz,50.066314,19.939721,138,,
ChIJq-LA3QZbFkcRkCHvmcut2gA,RUMOUR Cocktail Bar,"Pijarska 9, Kraków",50.0651536,19.9390299,3,stop_568_303239,833-03,Stary Kleparz,50.06666,19.93895,168,,
ChIJq-LA3QZbFkcRkCHvmcut2gA,RUMOUR Cocktail Bar,"Pijarska 9, Kraków",50.0651536,19.9390299,4,stop_852_324229,801-02,Teatr Słowackiego,50.064792,19.944409,386,,
ChIJq-LA3QZbFkcRkCHvmcut2gA,RUMOUR Cocktail Bar,"Pijarska 9, Kraków",50.0651536,19.9390299,5,stop_191_7729,,Teatr Bagatela,50.063806,19.933366,431,,
ChIJpXNtPg1bFkcR770s5OVqBuY,"Radisson Blu Hotel, Krakow","Floriana Straszewskiego 17, Kraków",50.0582994,19.9331447,1,stop_219_32229,822-02,Filharmonia,50.058666,19.933001,42,,
ChIJpXNtPg1bFkcR770s5OVqBuY,"Radisson Blu Hotel, Krakow","Floriana Straszewskiego 17, Kraków",50.0582994,19.9331447,2,stop_219_32219,822-01,Filharmonia,50.05903,19.93387,96,,
ChIJpXNtPg1bFkcR770s5OVqBuY,"Radisson Blu Hotel, Krakow","Floriana Straszewskiego 17, Kraków",50.0582994,19.9331447,3,stop_219_32239,822-03,Filharmonia,50.05917,19.9331,97,,
ChIJpXNtPg1bFkcR770s5OVqBuY,"Radisson Blu Hotel, Krakow","Floriana Straszewskiego 17, Kraków",50.0582994,19.9331447,4,stop_325_136029,821-02,Plac Wszystkich Świętych,50.059113,19.937497,324,,
ChIJpXNtPg1bFkcR770s5OVqBuY,"Radisson Blu Hotel, Krakow","Floriana Straszewskiego 17, Kraków",50.0582994,19.9331447,5,stop_325_136019,821-01,Plac Wszystkich Świętych,50.05912,19.93824,375,,
ChIJ49hPUhNbFkcRENP3hKJAVk0,Radocha,"Świętego Sebastiana 6, Kraków",50.05584189999999,19.9411435,1,stop_221_32519,818-01,Wawel,50.05449,19.93963,185,,
ChIJ49hPUhNbFkcRENP3hKJAVk0,Radocha,"Świętego Sebastiana 6, Kraków",50.05584189999999,19.9411435,2,stop_221_32529,818-02,Wawel,50.054344,19.939404,208,,
ChIJ49hPUhNbFkcRENP3hKJAVk0,Radocha,"Świętego Sebastiana 6, Kraków",50.05584189999999,19.9411435,3,stop_223_35819,807-01,Starowiślna,50.05731,19.94455,293,,
ChIJ49hPUhNbFkcRENP3hKJAVk0,Radocha,"Świętego Sebastiana 6, Kraków",50.05584189999999,19.9411435,4,stop_1102_347029,817-02,św. Gertrudy,50.058486,19.940838,295,,
ChIJ49hPUhNbFkcRENP3hKJAVk0,Radocha,"Świętego Sebastiana 6, Kraków",50.05584189999999,19.9411435,5,stop_223_35829,807-02,Starowiślna,50.05689,19.945029,301,,
ChIJmSo57R1bFkcRe1WmwCrCJkM,Restauracja A'Bracciate Pasta & Wine,"Mieszczańska 10, Władysława Mitkowskiego 6, Kraków",50.0463746,19.9269482,1,stop_282_57529,522-02,Szwedzka,50.046744,19.925484,112,,
ChIJmSo57R1bFkcRe1WmwCrCJkM,Restauracja A'Bracciate Pasta & Wine,"Mieszczańska 10, Władysława Mitkowskiego 6, Kraków",50.0463746,19.9269482,2,stop_282_57519,522-01,Szwedzka,50.046721,19.925299,124,,
ChIJmSo57R1bFkcRe1WmwCrCJkM,Restauracja A'Bracciate Pasta & Wine,"Mieszczańska 10, Władysława Mitkowskiego 6, Kraków",50.0463746,19.9269482,3,stop_957_333819,501-01,Rondo Grunwaldzkie,50.048567,19.930917,374,,
ChIJmSo57R1bFkcRe1WmwCrCJkM,Restauracja A'Bracciate Pasta & Wine,"Mieszczańska 10, Władysława Mitkowskiego 6, Kraków",50.0463746,19.9269482,4,stop_283_57629,523-02,Kapelanka,50.045048,19.922048,380,,
ChIJmSo57R1bFkcRe1WmwCrCJkM,Restauracja A'Bracciate Pasta & Wine,"Mieszczańska 10, Władysława Mitkowskiego 6, Kraków",50.0463746,19.9269482,5,stop_283_57619,523-01,Kapelanka,50.044913,19.922059,385,,
ChIJNynYVC9bFkcRZfajAT1lz-A,Restauracja Abu Dhabi Oriental,"Starowiślna 78, Kraków",50.0516757,19.9507565,1,stop_1103_347129,816-02,św. Wawrzyńca,50.051415,19.950829,29,,
ChIJNynYVC9bFkcRZfajAT1lz-A,Restauracja Abu Dhabi Oriental,"Starowiślna 78, Kraków",50.0516757,19.9507565,2,stop_1103_347119,816-01,św. Wawrzyńca,50.051131,19.951064,64,,
ChIJNynYVC9bFkcRZfajAT1lz-A,Restauracja Abu Dhabi Oriental,"Starowiślna 78, Kraków",50.0516757,19.9507565,3,stop_227_36229,815-02,Miodowa,50.05321,19.9489,216,,
ChIJNynYVC9bFkcRZfajAT1lz-A,Restauracja Abu Dhabi Oriental,"Starowiślna 78, Kraków",50.0516757,19.9507565,4,stop_227_36219,815-01,Miodowa,50.053886,19.948108,310,,
ChIJNynYVC9bFkcRZfajAT1lz-A,Restauracja Abu Dhabi Oriental,"Starowiślna 78, Kraków",50.0516757,19.9507565,5,stop_224_35949,819-04,Stradom,50.050842,19.942415,603,,
ChIJz6KRkUZFFkcROeXNyoB_LDM,Restauracja Grenier,"Seweryna Goszczyńskiego 3, Kraków",50.03957459999999,19.985115,1,stop_276_56119,674-01,Lipska,50.040641,19.98442,129,,
ChIJz6KRkUZFFkcROeXNyoB_LDM,Restauracja Grenier,"Seweryna Goszczyńskiego 3, Kraków",50.03957459999999,19.985115,2,stop_276_56139,674-03,Lipska,50.039687,19.982994,152,,
ChIJz6KRkUZFFkcROeXNyoB_LDM,Restauracja Grenier,"Seweryna Goszczyńskiego 3, Kraków",50.03957459999999,19.985115,3,stop_276_56129,674-02,Lipska,50.040688,19.981676,275,,
ChIJz6KRkUZFFkcROeXNyoB_LDM,Restauracja Grenier,"Seweryna Goszczyńskiego 3, Kraków",50.03957459999999,19.985115,4,stop_323_126229,678-02,Rzebika,50.040546,19.990871,425,,
ChIJz6KRkUZFFkcROeXNyoB_LDM,Restauracja Grenier,"Seweryna Goszczyńskiego 3, Kraków",50.03957459999999,19.985115,5,stop_275_56019,671-01,Gromadzka,50.040604,19.978133,512,,
ChIJn1gLlAdbFkcRgZHD3kc1qO4,Restauracja Po Krakosku,"plac Wolnica 12, Kraków",50.0484066,19.9446114,1,stop_225_36029,820-02,Plac Wolnica,50.048114,19.943448,89,,
ChIJn1gLlAdbFkcRgZHD3kc1qO4,Restauracja Po Krakosku,"plac Wolnica 12, Kraków",50.0484066,19.9446114,2,stop_225_36019,820-01,Plac Wolnica,50.048028,19.943426,95,,
ChIJn1gLlAdbFkcRgZHD3kc1qO4,Restauracja Po Krakosku,"plac Wolnica 12, Kraków",50.0484066,19.9446114,3,stop_224_35949,819-04,Stradom,50.050842,19.942415,313,,
ChIJn1gLlAdbFkcRgZHD3kc1qO4,Restauracja Po Krakosku,"plac Wolnica 12, Kraków",50.0484066,19.9446114,4,stop_224_35919,819-01,Stradom,50.05148,19.941337,414,,
ChIJn1gLlAdbFkcRgZHD3kc1qO4,Restauracja Po Krakosku,"plac Wolnica 12, Kraków",50.0484066,19.9446114,5,stop_224_35939,819-03,Stradom,50.052258,19.942061,465,,
ChIJrxSK-hJbFkcRIW_uLPqmx6M,Restauracja Taco Mexicano,"Poselska 20, Kraków",50.0582432,19.9389058,1,stop_325_136019,821-01,Plac Wszystkich Świętych,50.05912,19.93824,108,,
ChIJrxSK-hJbFkcRIW_uLPqmx6M,Restauracja Taco Mexicano,"Poselska 20, Kraków",50.0582432,19.9389058,2,stop_325_136029,821-02,Plac Wszystkich Świętych,50.059113,19.937497,140,,
ChIJrxSK-hJbFkcRIW_uLPqmx6M,Restauracja Taco Mexicano,"Poselska 20, Kraków",50.0582432,19.9389058,3,stop_1102_347029,817-02,św. Gertrudy,50.058486,19.940838,141,,
ChIJrxSK-hJbFkcRIW_uLPqmx6M,Restauracja Taco Mexicano,"Poselska 20, Kraków",50.0582432,19.9389058,4,stop_1102_347019,817-01,św. Gertrudy,50.058627,19.940988,155,,
ChIJrxSK-hJbFkcRIW_uLPqmx6M,Restauracja Taco Mexicano,"Poselska 20, Kraków",50.0582432,19.9389058,5,stop_222_35739,806-03,Poczta Główna,50.059339,19.941821,241,,
ChIJx00fSUpbFkcRTuPX1_OB3UE,Restauracja Tawerna Miejska,"Stradomska 13, Kraków",50.0529384,19.9397468,1,stop_224_35929,819-02,Stradom,50.052086,19.941166,139,,
ChIJx00fSUpbFkcRTuPX1_OB3UE,Restauracja Tawerna Miejska,"Stradomska 13, Kraków",50.0529384,19.9397468,2,stop_221_32529,818-02,Wawel,50.054344,19.939404,158,,
ChIJx00fSUpbFkcRTuPX1_OB3UE,Restauracja Tawerna Miejska,"Stradomska 13, Kraków",50.0529384,19.9397468,3,stop_221_32519,818-01,Wawel,50.05449,19.93963,173,,
ChIJx00fSUpbFkcRTuPX1_OB3UE,Restauracja Tawerna Miejska,"Stradomska 13, Kraków",50.0529384,19.9397468,4,stop_224_35939,819-03,Stradom,50.052258,19.942061,182,,
ChIJx00fSUpbFkcRTuPX1_OB3UE,Restauracja Tawerna Miejska,"Stradomska 13, Kraków",50.0529384,19.9397468,5,stop_224_35919,819-01,Stradom,50.05148,19.941337,198,,
ChIJOxGz4xFbFkcRwtQZ8qprdmg,Restauracja The Piano Rouge,"Rynek Główny 46, Kraków",50.062256,19.9388943,1,stop_325_136019,821-01,Plac Wszystkich Świętych,50.05912,19.93824,352,,
ChIJOxGz4xFbFkcRwtQZ8qprdmg,Restauracja The Piano Rouge,"Rynek Główny 46, Kraków",50.062256,19.9388943,2,stop_325_136029,821-02,Plac Wszystkich Świętych,50.059113,19.937497,363,,
ChIJOxGz4xFbFkcRwtQZ8qprdmg,Restauracja The Piano Rouge,"Rynek Główny 46, Kraków",50.062256,19.9388943,3,stop_222_35719,806-01,Poczta Główna,50.059797,19.942404,371,,
ChIJOxGz4xFbFkcRwtQZ8qprdmg,Restauracja The Piano Rouge,"Rynek Główny 46, Kraków",50.062256,19.9388943,4,stop_222_35739,806-03,Poczta Główna,50.059339,19.941821,386,,
ChIJOxGz4xFbFkcRwtQZ8qprdmg,Restauracja The Piano Rouge,"Rynek Główny 46, Kraków",50.062256,19.9388943,5,stop_222_35729,806-02,Poczta Główna,50.059205,19.942571,429,,
ChIJCx51JRBbFkcRadeKBmPVXUk,Restauracja Vesuvio Restauracja Kuchnia Włoska Pizza,"Floriańska 38, Kraków",50.06446529999999,19.9409554,1,stop_568_303219,833-01,Stary Kleparz,50.066314,19.939721,224,,
ChIJCx51JRBbFkcRadeKBmPVXUk,Restauracja Vesuvio Restauracja Kuchnia Włoska Pizza,"Floriańska 38, Kraków",50.06446529999999,19.9409554,2,stop_852_324229,801-02,Teatr Słowackiego,50.064792,19.944409,249,,
ChIJCx51JRBbFkcRadeKBmPVXUk,Restauracja Vesuvio Restauracja Kuchnia Włoska Pizza,"Floriańska 38, Kraków",50.06446529999999,19.9409554,3,stop_568_303229,833-02,Stary Kleparz,50.066234,19.938562,261,,
ChIJCx51JRBbFkcRadeKBmPVXUk,Restauracja Vesuvio Restauracja Kuchnia Włoska Pizza,"Floriańska 38, Kraków",50.06446529999999,19.9409554,4,stop_568_303239,833-03,Stary Kleparz,50.06666,19.93895,283,,
ChIJCx51JRBbFkcRadeKBmPVXUk,Restauracja Vesuvio Restauracja Kuchnia Włoska Pizza,"Floriańska 38, Kraków",50.06446529999999,19.9409554,5,stop_852_324239,801-03,Teatr Słowackiego,50.064192,19.94499,290,,
ChIJA9TTChJbFkcRZ7ral2_OHuE,Restauracja Wierzynek,"Rynek Główny 16, Kraków",50.0604074,19.9372328,1,stop_325_136029,821-02,Plac Wszystkich Świętych,50.059113,19.937497,145,,
ChIJA9TTChJbFkcRZ7ral2_OHuE,Restauracja Wierzynek,"Rynek Główny 16, Kraków",50.0604074,19.9372328,2,stop_325_136019,821-01,Plac Wszystkich Świętych,50.05912,19.93824,160,,
ChIJA9TTChJbFkcRZ7ral2_OHuE,Restauracja Wierzynek,"Rynek Główny 16, Kraków",50.0604074,19.9372328,3,stop_219_32219,822-01,Filharmonia,50.05903,19.93387,285,,
ChIJA9TTChJbFkcRZ7ral2_OHuE,Restauracja Wierzynek,"Rynek Główny 16, Kraków",50.0604074,19.9372328,4,stop_219_32239,822-03,Filharmonia,50.05917,19.9331,326,,
ChIJA9TTChJbFkcRZ7ral2_OHuE,Restauracja Wierzynek,"Rynek Główny 16, Kraków",50.0604074,19.9372328,5,stop_1102_347019,817-01,św. Gertrudy,50.058627,19.940988,333,,
ChIJDXVa30FbFkcR01G4eVubqS8,Restauracja Wręga,"Józefa 17, Kraków",50.0509928,19.9464525,1,stop_224_35949,819-04,Stradom,50.050842,19.942415,289,,
ChIJDXVa30FbFkcR01G4eVubqS8,Restauracja Wręga,"Józefa 17, Kraków",50.0509928,19.9464525,2,stop_227_36229,815-02,Miodowa,50.05321,19.9489,302,,
ChIJDXVa30FbFkcR01G4eVubqS8,Restauracja Wręga,"Józefa 17, Kraków",50.0509928,19.9464525,3,stop_1103_347129,816-02,św. Wawrzyńca,50.051415,19.950829,316,,
ChIJDXVa30FbFkcR01G4eVubqS8,Restauracja Wręga,"Józefa 17, Kraków",50.0509928,19.9464525,4,stop_1103_347119,816-01,św. Wawrzyńca,50.051131,19.951064,330,,
ChIJDXVa30FbFkcR01G4eVubqS8,Restauracja Wręga,"Józefa 17, Kraków",50.0509928,19.9464525,5,stop_227_36219,815-01,Miodowa,50.053886,19.948108,343,,
ChIJO0XPfABbFkcRSktfIdsasB8,Resto Bar u Iryny,"Bociana 8D, Kraków",50.0958,19.9570851,1,stop_1493_373019,421-02,Bociana,50.09505,19.95446,205,,
ChIJO0XPfABbFkcRSktfIdsasB8,Resto Bar u Iryny,"Bociana 8D, Kraków",50.0958,19.9570851,2,stop_1492_372629,448-01,Kuźnicy Kołłątajowskiej,50.09766,19.95603,220,,
ChIJO0XPfABbFkcRSktfIdsasB8,Resto Bar u Iryny,"Bociana 8D, Kraków",50.0958,19.9570851,3,stop_1493_373029,421-01,Bociana,50.09514,19.95394,236,,
ChIJO0XPfABbFkcRSktfIdsasB8,Resto Bar u Iryny,"Bociana 8D, Kraków",50.0958,19.9570851,4,stop_1492_372619,448-02,Kuźnicy Kołłątajowskiej,50.09801,19.9561,256,,
ChIJO0XPfABbFkcRSktfIdsasB8,Resto Bar u Iryny,"Bociana 8D, Kraków",50.0958,19.9570851,5,stop_1488_3319,424-01,Siewna Wiadukt,50.09583,19.94816,637,,
ChIJ2WupAMlbFkcR1DxISln808c,Ribs House / Dom Żeber,"Karmelicka 9, Kraków",50.0640979,19.9325478,1,stop_191_7739,,Teatr Bagatela,50.063755,19.932586,38,,
ChIJ2WupAMlbFkcR1DxISln808c,Ribs House / Dom Żeber,"Karmelicka 9, Kraków",50.0640979,19.9325478,2,stop_191_7729,,Teatr Bagatela,50.063806,19.933366,67,,
ChIJ2WupAMlbFkcR1DxISln808c,Ribs House / Dom Żeber,"Karmelicka 9, Kraków",50.0640979,19.9325478,3,stop_191_7719,,Teatr Bagatela,50.0631,19.932648,111,,
ChIJ2WupAMlbFkcR1DxISln808c,Ribs House / Dom Żeber,"Karmelicka 9, Kraków",50.0640979,19.9325478,4,stop_4_8,,Stefana Batorego,50.066586,19.929432,355,,
ChIJ2WupAMlbFkcR1DxISln808c,Ribs House / Dom Żeber,"Karmelicka 9, Kraków",50.0640979,19.9325478,5,stop_4_9,,Stefana Batorego,50.067023,19.928837,419,,
ChIJ_STCf-5bFkcRXJ3463P-IP4,Runa Game Cafe & Pub,"Brzozowa 4, Kraków",50.0540773,19.9444163,1,stop_224_35939,819-03,Stradom,50.052258,19.942061,263,,
ChIJ_STCf-5bFkcRXJ3463P-IP4,Runa Game Cafe & Pub,"Brzozowa 4, Kraków",50.0540773,19.9444163,2,stop_227_36219,815-01,Miodowa,50.053886,19.948108,264,,
ChIJ_STCf-5bFkcRXJ3463P-IP4,Runa Game Cafe & Pub,"Brzozowa 4, Kraków",50.0540773,19.9444163,3,stop_223_35829,807-02,Starowiślna,50.05689,19.945029,316,,
ChIJ_STCf-5bFkcRXJ3463P-IP4,Runa Game Cafe & Pub,"Brzozowa 4, Kraków",50.0540773,19.9444163,4,stop_224_35929,819-02,Stradom,50.052086,19.941166,321,,
ChIJ_STCf-5bFkcRXJ3463P-IP4,Runa Game Cafe & Pub,"Brzozowa 4, Kraków",50.0540773,19.9444163,5,stop_227_36229,815-02,Miodowa,50.05321,19.9489,334,,
ChIJ2czkXRJbFkcRwXh6KZoFqMA,Rzeźnia - Ribs on fire - Stare Miasto,"plac Dominikański 2, Kraków",50.0593249,19.93831269999999,1,stop_325_136019,821-01,Plac Wszystkich Świętych,50.05912,19.93824,23,,
ChIJ2czkXRJbFkcRwXh6KZoFqMA,Rzeźnia - Ribs on fire - Stare Miasto,"plac Dominikański 2, Kraków",50.0593249,19.93831269999999,2,stop_325_136029,821-02,Plac Wszystkich Świętych,50.059113,19.937497,63,,
ChIJ2czkXRJbFkcRwXh6KZoFqMA,Rzeźnia - Ribs on fire - Stare Miasto,"plac Dominikański 2, Kraków",50.0593249,19.93831269999999,3,stop_1102_347029,817-02,św. Gertrudy,50.058486,19.940838,203,,
ChIJ2czkXRJbFkcRwXh6KZoFqMA,Rzeźnia - Ribs on fire - Stare Miasto,"plac Dominikański 2, Kraków",50.0593249,19.93831269999999,4,stop_1102_347019,817-01,św. Gertrudy,50.058627,19.940988,206,,
ChIJ2czkXRJbFkcRwXh6KZoFqMA,Rzeźnia - Ribs on fire - Stare Miasto,"plac Dominikański 2, Kraków",50.0593249,19.93831269999999,5,stop_222_35739,806-03,Poczta Główna,50.059339,19.941821,250,,
ChIJhSeJSGpbFkcRyE5vnSyZ81c,Rzeźnia – Ribs on Fire,"Bożego Ciała 14, Kraków",50.0514821,19.9436888,1,stop_224_35949,819-04,Stradom,50.050842,19.942415,115,,
ChIJhSeJSGpbFkcRyE5vnSyZ81c,Rzeźnia – Ribs on Fire,"Bożego Ciała 14, Kraków",50.0514821,19.9436888,2,stop_224_35939,819-03,Stradom,50.052258,19.942061,145,,
ChIJhSeJSGpbFkcRyE5vnSyZ81c,Rzeźnia – Ribs on Fire,"Bożego Ciała 14, Kraków",50.0514821,19.9436888,3,stop_224_35919,819-01,Stradom,50.05148,19.941337,168,,
ChIJhSeJSGpbFkcRyE5vnSyZ81c,Rzeźnia – Ribs on Fire,"Bożego Ciała 14, Kraków",50.0514821,19.9436888,4,stop_224_35929,819-02,Stradom,50.052086,19.941166,192,,
ChIJhSeJSGpbFkcRyE5vnSyZ81c,Rzeźnia – Ribs on Fire,"Bożego Ciała 14, Kraków",50.0514821,19.9436888,5,stop_226_36119,872-01,Orzeszkowej,50.050631,19.938671,371,,
ChIJC_Sq7UhFFkcRVnQ599nJlX4,SIGMA Pizza & Resto,"Generała Witolda Urbanowicza 23A, Kraków",50.08785839999999,20.0198233,1,stop_329_253919,162-01,Rondo Hipokratesa,50.090025,20.021395,266,,
ChIJC_Sq7UhFFkcRVnQ599nJlX4,SIGMA Pizza & Resto,"Generała Witolda Urbanowicza 23A, Kraków",50.08785839999999,20.0198233,2,stop_329_253929,162-02,Rondo Hipokratesa,50.090094,20.021355,272,,
ChIJC_Sq7UhFFkcRVnQ599nJlX4,SIGMA Pizza & Resto,"Generała Witolda Urbanowicza 23A, Kraków",50.08785839999999,20.0198233,3,stop_243_39219,135-01,DH Wanda,50.084477,20.020671,381,,
ChIJC_Sq7UhFFkcRVnQ599nJlX4,SIGMA Pizza & Resto,"Generała Witolda Urbanowicza 23A, Kraków",50.08785839999999,20.0198233,4,stop_243_39229,135-02,DH Wanda,50.084432,20.020689,386,,
ChIJC_Sq7UhFFkcRVnQ599nJlX4,SIGMA Pizza & Resto,"Generała Witolda Urbanowicza 23A, Kraków",50.08785839999999,20.0198233,5,stop_242_38819,161-01,Dunikowskiego,50.092201,20.016038,553,,
ChIJM7UugrJbFkcRSFbWL_XyBS0,SIPS & BITES - Bar & Restaurant,"Wygoda 8, Kraków",50.0573662,19.9272516,1,stop_216_31919,823-01,Jubilat,50.055498,19.928109,217,,
ChIJM7UugrJbFkcRSFbWL_XyBS0,SIPS & BITES - Bar & Restaurant,"Wygoda 8, Kraków",50.0573662,19.9272516,2,stop_216_31929,823-02,Jubilat,50.054999,19.927052,264,,
ChIJM7UugrJbFkcRSFbWL_XyBS0,SIPS & BITES - Bar & Restaurant,"Wygoda 8, Kraków",50.0573662,19.9272516,3,stop_219_32229,822-02,Filharmonia,50.058666,19.933001,435,,
ChIJM7UugrJbFkcRSFbWL_XyBS0,SIPS & BITES - Bar & Restaurant,"Wygoda 8, Kraków",50.0573662,19.9272516,4,stop_219_32239,822-03,Filharmonia,50.05917,19.9331,463,,
ChIJM7UugrJbFkcRSFbWL_XyBS0,SIPS & BITES - Bar & Restaurant,"Wygoda 8, Kraków",50.0573662,19.9272516,5,stop_219_32219,822-01,Filharmonia,50.05903,19.93387,507,,
ChIJa8HLhRdbFkcR_OZtqMX_8mg,SLAY SPACE LGBTQIA+ RESTAURANT AND CLUB,"Bulwar Kurlandzki vis-a-vis, Różowa barka, Podgórska 16, Kraków",50.0470956,19.9477065,1,stop_225_36019,820-01,Plac Wolnica,50.048028,19.943426,323,,
ChIJa8HLhRdbFkcR_OZtqMX_8mg,SLAY SPACE LGBTQIA+ RESTAURANT AND CLUB,"Bulwar Kurlandzki vis-a-vis, Różowa barka, Podgórska 16, Kraków",50.0470956,19.9477065,2,stop_225_36029,820-02,Plac Wolnica,50.048114,19.943448,324,,
ChIJa8HLhRdbFkcR_OZtqMX_8mg,SLAY SPACE LGBTQIA+ RESTAURANT AND CLUB,"Bulwar Kurlandzki vis-a-vis, Różowa barka, Podgórska 16, Kraków",50.0470956,19.9477065,3,stop_279_57129,556-02,Korona,50.044052,19.947497,339,,
ChIJa8HLhRdbFkcR_OZtqMX_8mg,SLAY SPACE LGBTQIA+ RESTAURANT AND CLUB,"Bulwar Kurlandzki vis-a-vis, Różowa barka, Podgórska 16, Kraków",50.0470956,19.9477065,4,stop_279_57139,556-03,Korona,50.044032,19.94678,347,,
ChIJa8HLhRdbFkcR_OZtqMX_8mg,SLAY SPACE LGBTQIA+ RESTAURANT AND CLUB,"Bulwar Kurlandzki vis-a-vis, Różowa barka, Podgórska 16, Kraków",50.0470956,19.9477065,5,stop_279_57119,556-01,Korona,50.043604,19.946683,395,,
ChIJi-HBItVbFkcR2cJIMj1caSA,SMASH TIME Burger,"Ciemna 4, Kraków",50.05161209999999,19.94725979999999,1,stop_227_36229,815-02,Miodowa,50.05321,19.9489,213,,
ChIJi-HBItVbFkcR2cJIMj1caSA,SMASH TIME Burger,"Ciemna 4, Kraków",50.05161209999999,19.94725979999999,2,stop_1103_347129,816-02,św. Wawrzyńca,50.051415,19.950829,256,,
ChIJi-HBItVbFkcR2cJIMj1caSA,SMASH TIME Burger,"Ciemna 4, Kraków",50.05161209999999,19.94725979999999,3,stop_227_36219,815-01,Miodowa,50.053886,19.948108,260,,
ChIJi-HBItVbFkcR2cJIMj1caSA,SMASH TIME Burger,"Ciemna 4, Kraków",50.05161209999999,19.94725979999999,4,stop_1103_347119,816-01,św. Wawrzyńca,50.051131,19.951064,277,,
ChIJi-HBItVbFkcR2cJIMj1caSA,SMASH TIME Burger,"Ciemna 4, Kraków",50.05161209999999,19.94725979999999,5,stop_224_35949,819-04,Stradom,50.050842,19.942415,356,,
ChIJqVgOWeFbFkcR3ijsYcpjAaE,SPODEK Coffee & Wine,"Karola Szymanowskiego 15, Kraków",50.06661049999999,19.9224577,1,stop_193_7919,,Plac Inwalidów,50.068728,19.926981,400,,
ChIJqVgOWeFbFkcR3ijsYcpjAaE,SPODEK Coffee & Wine,"Karola Szymanowskiego 15, Kraków",50.06661049999999,19.9224577,2,stop_193_7929,,Plac Inwalidów,50.069585,19.925897,412,,
ChIJqVgOWeFbFkcR3ijsYcpjAaE,SPODEK Coffee & Wine,"Karola Szymanowskiego 15, Kraków",50.06661049999999,19.9224577,3,stop_4_9,,Stefana Batorego,50.067023,19.928837,458,,
ChIJqVgOWeFbFkcR3ijsYcpjAaE,SPODEK Coffee & Wine,"Karola Szymanowskiego 15, Kraków",50.06661049999999,19.9224577,4,stop_4_8,,Stefana Batorego,50.066586,19.929432,498,,
ChIJqVgOWeFbFkcR3ijsYcpjAaE,SPODEK Coffee & Wine,"Karola Szymanowskiego 15, Kraków",50.06661049999999,19.9224577,5,stop_194_8319,,Urzędnicza,50.071879,19.919754,617,,
ChIJ2fuPZDJbFkcR_Va7TpVKoDo,SUPER BOWL-miski w Krakowie,"Św. Wawrzyńca 16, Kraków",50.0503255,19.9479444,1,stop_1103_347129,816-02,św. Wawrzyńca,50.051415,19.950829,239,,
ChIJ2fuPZDJbFkcR_Va7TpVKoDo,SUPER BOWL-miski w Krakowie,"Św. Wawrzyńca 16, Kraków",50.0503255,19.9479444,2,stop_1103_347119,816-01,św. Wawrzyńca,50.051131,19.951064,240,,
ChIJ2fuPZDJbFkcR_Va7TpVKoDo,SUPER BOWL-miski w Krakowie,"Św. Wawrzyńca 16, Kraków",50.0503255,19.9479444,3,stop_227_36229,815-02,Miodowa,50.05321,19.9489,328,,
ChIJ2fuPZDJbFkcR_Va7TpVKoDo,SUPER BOWL-miski w Krakowie,"Św. Wawrzyńca 16, Kraków",50.0503255,19.9479444,4,stop_227_36219,815-01,Miodowa,50.053886,19.948108,396,,
ChIJ2fuPZDJbFkcR_Va7TpVKoDo,SUPER BOWL-miski w Krakowie,"Św. Wawrzyńca 16, Kraków",50.0503255,19.9479444,5,stop_224_35949,819-04,Stradom,50.050842,19.942415,399,,
ChIJR2N-uvtbFkcRJtmUfu_mkR0,SZUM wine bar cafe,"Aleja Marszałka Ferdynanda Focha 1, Kraków",50.0584692,19.9231271,1,stop_216_31929,823-02,Jubilat,50.054999,19.927052,477,,
ChIJR2N-uvtbFkcRJtmUfu_mkR0,SZUM wine bar cafe,"Aleja Marszałka Ferdynanda Focha 1, Kraków",50.0584692,19.9231271,2,stop_216_31919,823-01,Jubilat,50.055498,19.928109,485,,
ChIJR2N-uvtbFkcRJtmUfu_mkR0,SZUM wine bar cafe,"Aleja Marszałka Ferdynanda Focha 1, Kraków",50.0584692,19.9231271,3,stop_214_31319,300-01,Komorowskiego,50.053451,19.921873,565,,
ChIJR2N-uvtbFkcRJtmUfu_mkR0,SZUM wine bar cafe,"Aleja Marszałka Ferdynanda Focha 1, Kraków",50.0584692,19.9231271,4,stop_214_31329,300-02,Komorowskiego,50.053384,19.921893,572,,
ChIJR2N-uvtbFkcRJtmUfu_mkR0,SZUM wine bar cafe,"Aleja Marszałka Ferdynanda Focha 1, Kraków",50.0584692,19.9231271,5,stop_219_32229,822-02,Filharmonia,50.058666,19.933001,705,,
ChIJ80X4oWpbFkcRjV_BERtSuMk,Sababa cocktail bar,"Szeroka 2, Kraków",50.05326700000001,19.9475945,1,stop_227_36219,815-01,Miodowa,50.053886,19.948108,78,,
ChIJ80X4oWpbFkcRjV_BERtSuMk,Sababa cocktail bar,"Szeroka 2, Kraków",50.05326700000001,19.9475945,2,stop_227_36229,815-02,Miodowa,50.05321,19.9489,93,,
ChIJ80X4oWpbFkcRjV_BERtSuMk,Sababa cocktail bar,"Szeroka 2, Kraków",50.05326700000001,19.9475945,3,stop_1103_347129,816-02,św. Wawrzyńca,50.051415,19.950829,309,,
ChIJ80X4oWpbFkcRjV_BERtSuMk,Sababa cocktail bar,"Szeroka 2, Kraków",50.05326700000001,19.9475945,4,stop_1103_347119,816-01,św. Wawrzyńca,50.051131,19.951064,343,,
ChIJ80X4oWpbFkcRjV_BERtSuMk,Sababa cocktail bar,"Szeroka 2, Kraków",50.05326700000001,19.9475945,5,stop_224_35939,819-03,Stradom,50.052258,19.942061,411,,
ChIJc6W4kIBbFkcRQv1f-89b2x0,Salt & Co.,"Floriana Straszewskiego 17, Kraków",50.058517,19.9331139,1,stop_219_32229,822-02,Filharmonia,50.058666,19.933001,18,,
ChIJc6W4kIBbFkcRQv1f-89b2x0,Salt & Co.,"Floriana Straszewskiego 17, Kraków",50.058517,19.9331139,2,stop_219_32239,822-03,Filharmonia,50.05917,19.9331,73,,
ChIJc6W4kIBbFkcRQv1f-89b2x0,Salt & Co.,"Floriana Straszewskiego 17, Kraków",50.058517,19.9331139,3,stop_219_32219,822-01,Filharmonia,50.05903,19.93387,79,,
ChIJc6W4kIBbFkcRQv1f-89b2x0,Salt & Co.,"Floriana Straszewskiego 17, Kraków",50.058517,19.9331139,4,stop_325_136029,821-02,Plac Wszystkich Świętych,50.059113,19.937497,320,,
ChIJc6W4kIBbFkcRQv1f-89b2x0,Salt & Co.,"Floriana Straszewskiego 17, Kraków",50.058517,19.9331139,5,stop_325_136019,821-01,Plac Wszystkich Świętych,50.05912,19.93824,372,,
ChIJ6zEDq4hbFkcRKr9qHr7IRZM,Salute! Bar Zabłocie,"Tadeusza Romanowicza 4, Kraków",50.0480128,19.9641548,1,stop_321_115419,619-01,Zabłocie,50.0497,19.965148,201,,
ChIJ6zEDq4hbFkcRKr9qHr7IRZM,Salute! Bar Zabłocie,"Tadeusza Romanowicza 4, Kraków",50.0480128,19.9641548,2,stop_321_115429,619-02,Zabłocie,50.049951,19.964216,216,,
ChIJ6zEDq4hbFkcRKr9qHr7IRZM,Salute! Bar Zabłocie,"Tadeusza Romanowicza 4, Kraków",50.0480128,19.9641548,3,stop_316_94619,294-01,Klimeckiego,50.048976,19.967573,267,,
ChIJ6zEDq4hbFkcRKr9qHr7IRZM,Salute! Bar Zabłocie,"Tadeusza Romanowicza 4, Kraków",50.0480128,19.9641548,4,stop_316_94629,294-02,Klimeckiego,50.049016,19.967621,271,,
ChIJ6zEDq4hbFkcRKr9qHr7IRZM,Salute! Bar Zabłocie,"Tadeusza Romanowicza 4, Kraków",50.0480128,19.9641548,5,stop_278_57029,640-02,Plac Bohaterów Getta,50.046716,19.9551,662,,
ChIJyz1UIgBbFkcRwSWss7OZqbI,Samochód,"Szczepańska 3A, Kraków",50.063588,19.93442,1,stop_191_7729,,Teatr Bagatela,50.063806,19.933366,79,,
ChIJyz1UIgBbFkcRwSWss7OZqbI,Samochód,"Szczepańska 3A, Kraków",50.063588,19.93442,2,stop_191_7739,,Teatr Bagatela,50.063755,19.932586,132,,
ChIJyz1UIgBbFkcRwSWss7OZqbI,Samochód,"Szczepańska 3A, Kraków",50.063588,19.93442,3,stop_191_7719,,Teatr Bagatela,50.0631,19.932648,138,,
ChIJyz1UIgBbFkcRwSWss7OZqbI,Samochód,"Szczepańska 3A, Kraków",50.063588,19.93442,4,stop_568_303229,833-02,Stary Kleparz,50.066234,19.938562,417,,
ChIJyz1UIgBbFkcRwSWss7OZqbI,Samochód,"Szczepańska 3A, Kraków",50.063588,19.93442,5,stop_568_303239,833-03,Stary Kleparz,50.06666,19.93895,470,,
ChIJa0L6N4JbFkcRUOqyaFdhOFw,Sangam India,"Sangam India, Karmelicka 7, Kraków",50.0641359,19.932999,1,stop_191_7729,,Teatr Bagatela,50.063806,19.933366,45,,
ChIJa0L6N4JbFkcRUOqyaFdhOFw,Sangam India,"Sangam India, Karmelicka 7, Kraków",50.0641359,19.932999,2,stop_191_7739,,Teatr Bagatela,50.063755,19.932586,52,,
ChIJa0L6N4JbFkcRUOqyaFdhOFw,Sangam India,"Sangam India, Karmelicka 7, Kraków",50.0641359,19.932999,3,stop_191_7719,,Teatr Bagatela,50.0631,19.932648,118,,
ChIJa0L6N4JbFkcRUOqyaFdhOFw,Sangam India,"Sangam India, Karmelicka 7, Kraków",50.0641359,19.932999,4,stop_4_8,,Stefana Batorego,50.066586,19.929432,373,,
ChIJa0L6N4JbFkcRUOqyaFdhOFw,Sangam India,"Sangam India, Karmelicka 7, Kraków",50.0641359,19.932999,5,stop_4_9,,Stefana Batorego,50.067023,19.928837,437,,
ChIJdZ3Y9A5bFkcRZFZeW3Uape4,"Scandale Royal Restaurant, Wine & Bar","plac Szczepański 2, Kraków",50.06339890000001,19.9352656,1,stop_191_7729,,Teatr Bagatela,50.063806,19.933366,143,,
ChIJdZ3Y9A5bFkcRZFZeW3Uape4,"Scandale Royal Restaurant, Wine & Bar","plac Szczepański 2, Kraków",50.06339890000001,19.9352656,2,stop_191_7719,,Teatr Bagatela,50.0631,19.932648,190,,
ChIJdZ3Y9A5bFkcRZFZeW3Uape4,"Scandale Royal Restaurant, Wine & Bar","plac Szczepański 2, Kraków",50.06339890000001,19.9352656,3,stop_191_7739,,Teatr Bagatela,50.063755,19.932586,195,,
ChIJdZ3Y9A5bFkcRZFZeW3Uape4,"Scandale Royal Restaurant, Wine & Bar","plac Szczepański 2, Kraków",50.06339890000001,19.9352656,4,stop_568_303229,833-02,Stary Kleparz,50.066234,19.938562,393,,
ChIJdZ3Y9A5bFkcRZFZeW3Uape4,"Scandale Royal Restaurant, Wine & Bar","plac Szczepański 2, Kraków",50.06339890000001,19.9352656,5,stop_568_303239,833-03,Stary Kleparz,50.06666,19.93895,448,,
ChIJR6n7hClbFkcR0ldy5BDJvhM,Scarlet Coffee & Drink Bar,"Miodowa 28, Kraków",50.05320030000001,19.9460448,1,stop_227_36219,815-01,Miodowa,50.053886,19.948108,166,,
ChIJR6n7hClbFkcR0ldy5BDJvhM,Scarlet Coffee & Drink Bar,"Miodowa 28, Kraków",50.05320030000001,19.9460448,2,stop_227_36229,815-02,Miodowa,50.05321,19.9489,204,,
ChIJR6n7hClbFkcR0ldy5BDJvhM,Scarlet Coffee & Drink Bar,"Miodowa 28, Kraków",50.05320030000001,19.9460448,3,stop_224_35939,819-03,Stradom,50.052258,19.942061,303,,
ChIJR6n7hClbFkcR0ldy5BDJvhM,Scarlet Coffee & Drink Bar,"Miodowa 28, Kraków",50.05320030000001,19.9460448,4,stop_224_35949,819-04,Stradom,50.050842,19.942415,369,,
ChIJR6n7hClbFkcR0ldy5BDJvhM,Scarlet Coffee & Drink Bar,"Miodowa 28, Kraków",50.05320030000001,19.9460448,5,stop_224_35929,819-02,Stradom,50.052086,19.941166,370,,
ChIJO6CNDWtbFkcRC5rEWwVvD6I,Schizofrenia Café,"Topolowa 42, Kraków",50.0665717,19.955696,1,stop_203_12559,802-05,Rondo Mogilskie,50.066002,19.958722,225,,
ChIJO6CNDWtbFkcRC5rEWwVvD6I,Schizofrenia Café,"Topolowa 42, Kraków",50.0665717,19.955696,2,stop_205_12719,852-01,Uniwersytet Ekonomiczny,50.067608,19.952235,273,,
ChIJO6CNDWtbFkcRC5rEWwVvD6I,Schizofrenia Café,"Topolowa 42, Kraków",50.0665717,19.955696,3,stop_205_12729,852-02,Uniwersytet Ekonomiczny,50.068328,19.952638,293,,
ChIJO6CNDWtbFkcRC5rEWwVvD6I,Schizofrenia Café,"Topolowa 42, Kraków",50.0665717,19.955696,4,stop_203_12519,802-01,Rondo Mogilskie,50.065782,19.959639,295,,
ChIJO6CNDWtbFkcRC5rEWwVvD6I,Schizofrenia Café,"Topolowa 42, Kraków",50.0665717,19.955696,5,stop_204_12619,851-01,Lubicz,50.065186,19.952104,299,,
ChIJyfMHGPNaFkcRAbPE8p4p9ao,Sekret Smaku,"Bociana 8, Kraków",50.09422689999999,19.9574332,1,stop_1493_373019,421-02,Bociana,50.09505,19.95446,231,,
ChIJyfMHGPNaFkcRAbPE8p4p9ao,Sekret Smaku,"Bociana 8, Kraków",50.09422689999999,19.9574332,2,stop_1493_373029,421-01,Bociana,50.09514,19.95394,269,,
ChIJyfMHGPNaFkcRAbPE8p4p9ao,Sekret Smaku,"Bociana 8, Kraków",50.09422689999999,19.9574332,3,stop_1492_372629,448-01,Kuźnicy Kołłątajowskiej,50.09766,19.95603,395,,
ChIJyfMHGPNaFkcRAbPE8p4p9ao,Sekret Smaku,"Bociana 8, Kraków",50.09422689999999,19.9574332,4,stop_1492_372619,448-02,Kuźnicy Kołłątajowskiej,50.09801,19.9561,431,,
ChIJyfMHGPNaFkcRAbPE8p4p9ao,Sekret Smaku,"Bociana 8, Kraków",50.09422689999999,19.9574332,5,stop_1488_3319,424-01,Siewna Wiadukt,50.09583,19.94816,685,,
ChIJZ7rVnpdbFkcRZ9rBtZaB-IA,Shadow Resto & Bar | Kazimierz |,"Starowiślna 41, Kraków",50.0551055,19.946549,1,stop_227_36219,815-01,Miodowa,50.053886,19.948108,175,,
ChIJZ7rVnpdbFkcRZ9rBtZaB-IA,Shadow Resto & Bar | Kazimierz |,"Starowiślna 41, Kraków",50.0551055,19.946549,2,stop_223_35829,807-02,Starowiślna,50.05689,19.945029,226,,
ChIJZ7rVnpdbFkcRZ9rBtZaB-IA,Shadow Resto & Bar | Kazimierz |,"Starowiślna 41, Kraków",50.0551055,19.946549,3,stop_223_35839,807-03,Starowiślna,50.057227,19.946086,238,,
ChIJZ7rVnpdbFkcRZ9rBtZaB-IA,Shadow Resto & Bar | Kazimierz |,"Starowiślna 41, Kraków",50.0551055,19.946549,4,stop_223_35849,807-04,Starowiślna,50.057262,19.946032,243,,
ChIJZ7rVnpdbFkcRZ9rBtZaB-IA,Shadow Resto & Bar | Kazimierz |,"Starowiślna 41, Kraków",50.0551055,19.946549,5,stop_227_36229,815-02,Miodowa,50.05321,19.9489,269,,
ChIJQ-oWeg5bFkcRotk5od_KJkU,Shakers club,"Sławkowska 6A, Kraków",50.0633501,19.9370957,1,stop_191_7729,,Teatr Bagatela,50.063806,19.933366,271,,
ChIJQ-oWeg5bFkcRotk5od_KJkU,Shakers club,"Sławkowska 6A, Kraków",50.0633501,19.9370957,2,stop_191_7719,,Teatr Bagatela,50.0631,19.932648,319,,
ChIJQ-oWeg5bFkcRotk5od_KJkU,Shakers club,"Sławkowska 6A, Kraków",50.0633501,19.9370957,3,stop_191_7739,,Teatr Bagatela,50.063755,19.932586,325,,
ChIJQ-oWeg5bFkcRotk5od_KJkU,Shakers club,"Sławkowska 6A, Kraków",50.0633501,19.9370957,4,stop_568_303229,833-02,Stary Kleparz,50.066234,19.938562,337,,
ChIJQ-oWeg5bFkcRotk5od_KJkU,Shakers club,"Sławkowska 6A, Kraków",50.0633501,19.9370957,5,stop_568_303219,833-01,Stary Kleparz,50.066314,19.939721,379,,
ChIJ6_e-iBRbFkcRiIxzqdSrl94,Shine Club Kraków,"Starowiślna 16, Kraków",50.0576373,19.9443784,1,stop_223_35819,807-01,Starowiślna,50.05731,19.94455,38,,
ChIJ6_e-iBRbFkcRiIxzqdSrl94,Shine Club Kraków,"Starowiślna 16, Kraków",50.0576373,19.9443784,2,stop_223_35829,807-02,Starowiślna,50.05689,19.945029,95,,
ChIJ6_e-iBRbFkcRiIxzqdSrl94,Shine Club Kraków,"Starowiślna 16, Kraków",50.0576373,19.9443784,3,stop_223_35849,807-04,Starowiślna,50.057262,19.946032,125,,
ChIJ6_e-iBRbFkcRiIxzqdSrl94,Shine Club Kraków,"Starowiślna 16, Kraków",50.0576373,19.9443784,4,stop_223_35839,807-03,Starowiślna,50.057227,19.946086,130,,
ChIJ6_e-iBRbFkcRiIxzqdSrl94,Shine Club Kraków,"Starowiślna 16, Kraków",50.0576373,19.9443784,5,stop_222_35729,806-02,Poczta Główna,50.059205,19.942571,217,,
ChIJDT__6N5bFkcRREqhqi30nxM,Shot Bar BANG BANG,"Miodowa 31, Kraków",50.0529966,19.9461687,1,stop_227_36219,815-01,Miodowa,50.053886,19.948108,170,,
ChIJDT__6N5bFkcRREqhqi30nxM,Shot Bar BANG BANG,"Miodowa 31, Kraków",50.0529966,19.9461687,2,stop_227_36229,815-02,Miodowa,50.05321,19.9489,196,,
ChIJDT__6N5bFkcRREqhqi30nxM,Shot Bar BANG BANG,"Miodowa 31, Kraków",50.0529966,19.9461687,3,stop_224_35939,819-03,Stradom,50.052258,19.942061,305,,
ChIJDT__6N5bFkcRREqhqi30nxM,Shot Bar BANG BANG,"Miodowa 31, Kraków",50.0529966,19.9461687,4,stop_224_35949,819-04,Stradom,50.050842,19.942415,359,,
ChIJDT__6N5bFkcRREqhqi30nxM,Shot Bar BANG BANG,"Miodowa 31, Kraków",50.0529966,19.9461687,5,stop_224_35929,819-02,Stradom,50.052086,19.941166,371,,
ChIJZVs7EQBbFkcRPXUVxkB9hLc,ShotBar Kajtek,"Szewska 26, Kraków-Śródmieście",50.0630518,19.9333916,1,stop_191_7719,,Teatr Bagatela,50.0631,19.932648,53,,
ChIJZVs7EQBbFkcRPXUVxkB9hLc,ShotBar Kajtek,"Szewska 26, Kraków-Śródmieście",50.0630518,19.9333916,2,stop_191_7729,,Teatr Bagatela,50.063806,19.933366,84,,
ChIJZVs7EQBbFkcRPXUVxkB9hLc,ShotBar Kajtek,"Szewska 26, Kraków-Śródmieście",50.0630518,19.9333916,3,stop_191_7739,,Teatr Bagatela,50.063755,19.932586,97,,
ChIJZVs7EQBbFkcRPXUVxkB9hLc,ShotBar Kajtek,"Szewska 26, Kraków-Śródmieście",50.0630518,19.9333916,4,stop_219_32239,822-03,Filharmonia,50.05917,19.9331,432,,
ChIJZVs7EQBbFkcRPXUVxkB9hLc,ShotBar Kajtek,"Szewska 26, Kraków-Śródmieście",50.0630518,19.9333916,5,stop_219_32219,822-01,Filharmonia,50.05903,19.93387,449,,
ChIJC2ZtS8ZbFkcRauowIeaUynk,"Siedem miliardów uśmiechów, a Twój jest moim ulubionym.","Krakowska 20, Kraków",50.0503751,19.9428727,1,stop_224_35949,819-04,Stradom,50.050842,19.942415,61,,
ChIJC2ZtS8ZbFkcRauowIeaUynk,"Siedem miliardów uśmiechów, a Twój jest moim ulubionym.","Krakowska 20, Kraków",50.0503751,19.9428727,2,stop_224_35919,819-01,Stradom,50.05148,19.941337,165,,
ChIJC2ZtS8ZbFkcRauowIeaUynk,"Siedem miliardów uśmiechów, a Twój jest moim ulubionym.","Krakowska 20, Kraków",50.0503751,19.9428727,3,stop_224_35939,819-03,Stradom,50.052258,19.942061,217,,
ChIJC2ZtS8ZbFkcRauowIeaUynk,"Siedem miliardów uśmiechów, a Twój jest moim ulubionym.","Krakowska 20, Kraków",50.0503751,19.9428727,4,stop_224_35929,819-02,Stradom,50.052086,19.941166,226,,
ChIJC2ZtS8ZbFkcRauowIeaUynk,"Siedem miliardów uśmiechów, a Twój jest moim ulubionym.","Krakowska 20, Kraków",50.0503751,19.9428727,5,stop_225_36029,820-02,Plac Wolnica,50.048114,19.943448,255,,
ChIJG-ZWdKVbFkcRc7lsrgOvvY8,Sinatras Bar - Live Music & Cocktail Bar,"Szewska 22, Kraków",50.06281250000001,19.9339109,1,stop_191_7719,,Teatr Bagatela,50.0631,19.932648,96,,
ChIJG-ZWdKVbFkcRc7lsrgOvvY8,Sinatras Bar - Live Music & Cocktail Bar,"Szewska 22, Kraków",50.06281250000001,19.9339109,2,stop_191_7729,,Teatr Bagatela,50.063806,19.933366,117,,
ChIJG-ZWdKVbFkcRc7lsrgOvvY8,Sinatras Bar - Live Music & Cocktail Bar,"Szewska 22, Kraków",50.06281250000001,19.9339109,3,stop_191_7739,,Teatr Bagatela,50.063755,19.932586,141,,
ChIJG-ZWdKVbFkcRc7lsrgOvvY8,Sinatras Bar - Live Music & Cocktail Bar,"Szewska 22, Kraków",50.06281250000001,19.9339109,4,stop_219_32239,822-03,Filharmonia,50.05917,19.9331,409,,
ChIJG-ZWdKVbFkcRc7lsrgOvvY8,Sinatras Bar - Live Music & Cocktail Bar,"Szewska 22, Kraków",50.06281250000001,19.9339109,5,stop_219_32219,822-01,Filharmonia,50.05903,19.93387,421,,
ChIJg4OYcWpbFkcRyrXiGPsIFrM,Singer,"Estery 20, Kraków",50.051255,19.94575,1,stop_224_35949,819-04,Stradom,50.050842,19.942415,243,,
ChIJg4OYcWpbFkcRyrXiGPsIFrM,Singer,"Estery 20, Kraków",50.051255,19.94575,2,stop_224_35939,819-03,Stradom,50.052258,19.942061,286,,
ChIJg4OYcWpbFkcRyrXiGPsIFrM,Singer,"Estery 20, Kraków",50.051255,19.94575,3,stop_227_36229,815-02,Miodowa,50.05321,19.9489,313,,
ChIJg4OYcWpbFkcRyrXiGPsIFrM,Singer,"Estery 20, Kraków",50.051255,19.94575,4,stop_224_35919,819-01,Stradom,50.05148,19.941337,316,,
ChIJg4OYcWpbFkcRyrXiGPsIFrM,Singer,"Estery 20, Kraków",50.051255,19.94575,5,stop_227_36219,815-01,Miodowa,50.053886,19.948108,338,,
ChIJEyDzkaFbFkcRxkTRjmmcskw,Single Scena Music Bar,"Świętego Marka 21, Kraków",50.06354289999999,19.94051959999999,1,stop_852_324229,801-02,Teatr Słowackiego,50.064792,19.944409,310,,
ChIJEyDzkaFbFkcRxkTRjmmcskw,Single Scena Music Bar,"Świętego Marka 21, Kraków",50.06354289999999,19.94051959999999,2,stop_568_303219,833-01,Stary Kleparz,50.066314,19.939721,313,,
ChIJEyDzkaFbFkcRxkTRjmmcskw,Single Scena Music Bar,"Świętego Marka 21, Kraków",50.06354289999999,19.94051959999999,3,stop_852_324239,801-03,Teatr Słowackiego,50.064192,19.94499,327,,
ChIJEyDzkaFbFkcRxkTRjmmcskw,Single Scena Music Bar,"Świętego Marka 21, Kraków",50.06354289999999,19.94051959999999,4,stop_568_303229,833-02,Stary Kleparz,50.066234,19.938562,330,,
ChIJEyDzkaFbFkcRxkTRjmmcskw,Single Scena Music Bar,"Świętego Marka 21, Kraków",50.06354289999999,19.94051959999999,5,stop_568_303239,833-03,Stary Kleparz,50.06666,19.93895,364,,
ChIJRbBkozxbFkcRXKqFjJMTxnI,Sjesta. Lunch bar,"aleja Powstania Warszawskiego 12, Kraków",50.06300419999999,19.961028,1,stop_203_12539,802-03,Rondo Mogilskie,50.064865,19.959303,241,,
ChIJRbBkozxbFkcRXKqFjJMTxnI,Sjesta. Lunch bar,"aleja Powstania Warszawskiego 12, Kraków",50.06300419999999,19.961028,2,stop_203_12549,802-04,Rondo Mogilskie,50.064973,19.959357,249,,
ChIJRbBkozxbFkcRXKqFjJMTxnI,Sjesta. Lunch bar,"aleja Powstania Warszawskiego 12, Kraków",50.06300419999999,19.961028,3,stop_203_12529,802-02,Rondo Mogilskie,50.065759,19.959864,317,,
ChIJRbBkozxbFkcRXKqFjJMTxnI,Sjesta. Lunch bar,"aleja Powstania Warszawskiego 12, Kraków",50.06300419999999,19.961028,4,stop_203_12519,802-01,Rondo Mogilskie,50.065782,19.959639,324,,
ChIJRbBkozxbFkcRXKqFjJMTxnI,Sjesta. Lunch bar,"aleja Powstania Warszawskiego 12, Kraków",50.06300419999999,19.961028,5,stop_203_12559,802-05,Rondo Mogilskie,50.066002,19.958722,372,,
ChIJHaD7DblaFkcR01DUCrrGCTY,"Sklep & Bar ""Przysmak""","Osiedle Oświecenia 46A, Kraków",50.093931,19.9893427,1,stop_10_3,139-04,Mistrzejowice,50.09486,19.995525,453,,
ChIJHaD7DblaFkcR01DUCrrGCTY,"Sklep & Bar ""Przysmak""","Osiedle Oświecenia 46A, Kraków",50.093931,19.9893427,2,stop_328_253819,140-01,Miśnieńska,50.094489,19.999999,763,,
ChIJHaD7DblaFkcR01DUCrrGCTY,"Sklep & Bar ""Przysmak""","Osiedle Oświecenia 46A, Kraków",50.093931,19.9893427,3,stop_328_253829,140-02,Miśnieńska,50.094406,20.000154,773,,
ChIJHaD7DblaFkcR01DUCrrGCTY,"Sklep & Bar ""Przysmak""","Osiedle Oświecenia 46A, Kraków",50.093931,19.9893427,4,stop_237_37719,141-01,Os. Złotego Wieku,50.093749,20.004333,1070,,
ChIJHaD7DblaFkcR01DUCrrGCTY,"Sklep & Bar ""Przysmak""","Osiedle Oświecenia 46A, Kraków",50.093931,19.9893427,5,stop_237_37729,141-02,Os. Złotego Wieku,50.093667,20.004478,1080,,
ChIJdzuJZ7JbFkcRC2avTirAvK4,Skwer Bar,"Estery 1, Kraków",50.0525186,19.944706,1,stop_224_35939,819-03,Stradom,50.052258,19.942061,191,,
ChIJdzuJZ7JbFkcRC2avTirAvK4,Skwer Bar,"Estery 1, Kraków",50.0525186,19.944706,2,stop_224_35949,819-04,Stradom,50.050842,19.942415,248,,
ChIJdzuJZ7JbFkcRC2avTirAvK4,Skwer Bar,"Estery 1, Kraków",50.0525186,19.944706,3,stop_224_35929,819-02,Stradom,50.052086,19.941166,257,,
ChIJdzuJZ7JbFkcRC2avTirAvK4,Skwer Bar,"Estery 1, Kraków",50.0525186,19.944706,4,stop_224_35919,819-01,Stradom,50.05148,19.941337,267,,
ChIJdzuJZ7JbFkcRC2avTirAvK4,Skwer Bar,"Estery 1, Kraków",50.0525186,19.944706,5,stop_227_36219,815-01,Miodowa,50.053886,19.948108,287,,
ChIJqYvfcRBbFkcRWs--kvqwoI4,Sky Bar 5.floor,"Szeroka 12, Kraków",50.05266940000001,19.9484582,1,stop_227_36229,815-02,Miodowa,50.05321,19.9489,68,,
ChIJqYvfcRBbFkcRWs--kvqwoI4,Sky Bar 5.floor,"Szeroka 12, Kraków",50.05266940000001,19.9484582,2,stop_227_36219,815-01,Miodowa,50.053886,19.948108,138,,
ChIJqYvfcRBbFkcRWs--kvqwoI4,Sky Bar 5.floor,"Szeroka 12, Kraków",50.05266940000001,19.9484582,3,stop_1103_347129,816-02,św. Wawrzyńca,50.051415,19.950829,219,,
ChIJqYvfcRBbFkcRWs--kvqwoI4,Sky Bar 5.floor,"Szeroka 12, Kraków",50.05266940000001,19.9484582,4,stop_1103_347119,816-01,św. Wawrzyńca,50.051131,19.951064,253,,
ChIJqYvfcRBbFkcRWs--kvqwoI4,Sky Bar 5.floor,"Szeroka 12, Kraków",50.05266940000001,19.9484582,5,stop_224_35939,819-03,Stradom,50.052258,19.942061,459,,
ChIJpZxB7HNbFkcRiI_NeAhjEb4,Smil'y Tavern,"Tadeusza Kościuszki 14, Kraków",50.054145,19.9260003,1,stop_216_31929,823-02,Jubilat,50.054999,19.927052,121,,
ChIJpZxB7HNbFkcRiI_NeAhjEb4,Smil'y Tavern,"Tadeusza Kościuszki 14, Kraków",50.054145,19.9260003,2,stop_216_31919,823-01,Jubilat,50.055498,19.928109,213,,
ChIJpZxB7HNbFkcRiI_NeAhjEb4,Smil'y Tavern,"Tadeusza Kościuszki 14, Kraków",50.054145,19.9260003,3,stop_214_31319,300-01,Komorowskiego,50.053451,19.921873,305,,
ChIJpZxB7HNbFkcRiI_NeAhjEb4,Smil'y Tavern,"Tadeusza Kościuszki 14, Kraków",50.054145,19.9260003,4,stop_214_31329,300-02,Komorowskiego,50.053384,19.921893,305,,
ChIJpZxB7HNbFkcRiI_NeAhjEb4,Smil'y Tavern,"Tadeusza Kościuszki 14, Kraków",50.054145,19.9260003,5,stop_213_31139,301-03,Salwator,50.05263,19.917407,636,,
ChIJ_QJAwxBbFkcR6oRRVA2FRfI,Smok w Dymie,"Ludwika Zamenhofa 6/1a, Kraków",50.06363529999999,19.9460268,1,stop_852_324239,801-03,Teatr Słowackiego,50.064192,19.94499,96,,
ChIJ_QJAwxBbFkcR6oRRVA2FRfI,Smok w Dymie,"Ludwika Zamenhofa 6/1a, Kraków",50.06363529999999,19.9460268,2,stop_852_324219,801-01,Teatr Słowackiego,50.064609,19.945628,112,,
ChIJ_QJAwxBbFkcR6oRRVA2FRfI,Smok w Dymie,"Ludwika Zamenhofa 6/1a, Kraków",50.06363529999999,19.9460268,3,stop_852_324249,801-04,Teatr Słowackiego,50.065006,19.94518,164,,
ChIJ_QJAwxBbFkcR6oRRVA2FRfI,Smok w Dymie,"Ludwika Zamenhofa 6/1a, Kraków",50.06363529999999,19.9460268,4,stop_852_324229,801-02,Teatr Słowackiego,50.064792,19.944409,173,,
ChIJ_QJAwxBbFkcR6oRRVA2FRfI,Smok w Dymie,"Ludwika Zamenhofa 6/1a, Kraków",50.06363529999999,19.9460268,5,stop_204_12629,851-02,Lubicz,50.065046,19.951094,394,,
ChIJFaK-PPVcFkcRVXUmHJqHxTI,Sol Snack Bar,"Green Office - budynek B, Czerwone Maki 84/C, Kraków",50.0201505,19.894375,1,stop_11_22,292-01,Kampus UP JP II,50.020377,19.897505,225,,
ChIJFaK-PPVcFkcRVXUmHJqHxTI,Sol Snack Bar,"Green Office - budynek B, Czerwone Maki 84/C, Kraków",50.0201505,19.894375,2,stop_11_23,292-02,Kampus UP JP II,50.020825,19.898122,278,,
ChIJFaK-PPVcFkcRVXUmHJqHxTI,Sol Snack Bar,"Green Office - budynek B, Czerwone Maki 84/C, Kraków",50.0201505,19.894375,3,stop_572_303819,293-01,Czerwone Maki P+R,50.017986,19.889106,447,,
ChIJFaK-PPVcFkcRVXUmHJqHxTI,Sol Snack Bar,"Green Office - budynek B, Czerwone Maki 84/C, Kraków",50.0201505,19.894375,4,stop_346_269019,291-01,Kampus UJ,50.024044,19.901485,667,,
ChIJFaK-PPVcFkcRVXUmHJqHxTI,Sol Snack Bar,"Green Office - budynek B, Czerwone Maki 84/C, Kraków",50.0201505,19.894375,5,stop_346_269029,291-02,Kampus UJ,50.024685,19.901995,742,,
ChIJoUI27HJbFkcR4xCPtEXiQJk,SomePlace Else Sports Bar,"Powiśle 7, Kraków",50.0556146,19.931324,1,stop_216_31919,823-01,Jubilat,50.055498,19.928109,230,,
ChIJoUI27HJbFkcR4xCPtEXiQJk,SomePlace Else Sports Bar,"Powiśle 7, Kraków",50.0556146,19.931324,2,stop_216_31929,823-02,Jubilat,50.054999,19.927052,313,,
ChIJoUI27HJbFkcR4xCPtEXiQJk,SomePlace Else Sports Bar,"Powiśle 7, Kraków",50.0556146,19.931324,3,stop_219_32229,822-02,Filharmonia,50.058666,19.933001,360,,
ChIJoUI27HJbFkcR4xCPtEXiQJk,SomePlace Else Sports Bar,"Powiśle 7, Kraków",50.0556146,19.931324,4,stop_219_32239,822-03,Filharmonia,50.05917,19.9331,415,,
ChIJoUI27HJbFkcR4xCPtEXiQJk,SomePlace Else Sports Bar,"Powiśle 7, Kraków",50.0556146,19.931324,5,stop_219_32219,822-01,Filharmonia,50.05903,19.93387,421,,
ChIJtVRuDwBbFkcRgn43c2nHdwI,Souvenir liquor store,"Bracka 9, Kraków",50.06012169999999,19.9360864,1,stop_325_136029,821-02,Plac Wszystkich Świętych,50.059113,19.937497,151,,
ChIJtVRuDwBbFkcRgn43c2nHdwI,Souvenir liquor store,"Bracka 9, Kraków",50.06012169999999,19.9360864,2,stop_325_136019,821-01,Plac Wszystkich Świętych,50.05912,19.93824,190,,
ChIJtVRuDwBbFkcRgn43c2nHdwI,Souvenir liquor store,"Bracka 9, Kraków",50.06012169999999,19.9360864,3,stop_219_32219,822-01,Filharmonia,50.05903,19.93387,199,,
ChIJtVRuDwBbFkcRgn43c2nHdwI,Souvenir liquor store,"Bracka 9, Kraków",50.06012169999999,19.9360864,4,stop_219_32239,822-03,Filharmonia,50.05917,19.9331,238,,
ChIJtVRuDwBbFkcRgn43c2nHdwI,Souvenir liquor store,"Bracka 9, Kraków",50.06012169999999,19.9360864,5,stop_219_32229,822-02,Filharmonia,50.058666,19.933001,273,,
ChIJV237I0BbFkcRDCRZ-3AmCjE,Spa sp.j. Pub Lounge Club Fshut,"Szeroka 10, Kraków",50.0532072,19.9473565,1,stop_227_36219,815-01,Miodowa,50.053886,19.948108,93,,
ChIJV237I0BbFkcRDCRZ-3AmCjE,Spa sp.j. Pub Lounge Club Fshut,"Szeroka 10, Kraków",50.0532072,19.9473565,2,stop_227_36229,815-02,Miodowa,50.05321,19.9489,110,,
ChIJV237I0BbFkcRDCRZ-3AmCjE,Spa sp.j. Pub Lounge Club Fshut,"Szeroka 10, Kraków",50.0532072,19.9473565,3,stop_1103_347129,816-02,św. Wawrzyńca,50.051415,19.950829,318,,
ChIJV237I0BbFkcRDCRZ-3AmCjE,Spa sp.j. Pub Lounge Club Fshut,"Szeroka 10, Kraków",50.0532072,19.9473565,4,stop_1103_347119,816-01,św. Wawrzyńca,50.051131,19.951064,351,,
ChIJV237I0BbFkcRDCRZ-3AmCjE,Spa sp.j. Pub Lounge Club Fshut,"Szeroka 10, Kraków",50.0532072,19.9473565,5,stop_224_35939,819-03,Stradom,50.052258,19.942061,393,,
ChIJk8ej3N1bFkcRX6j_RLufl70,Spaghetteria Prądnicka,"Prądnicka 20A, Kraków",50.07734759999999,19.9362234,1,stop_186_7019,381-01,Dworzec Towarowy,50.075988,19.940292,327,,
ChIJk8ej3N1bFkcRX6j_RLufl70,Spaghetteria Prądnicka,"Prądnicka 20A, Kraków",50.07734759999999,19.9362234,2,stop_186_7029,381-02,Dworzec Towarowy,50.07592,19.94038,336,,
ChIJk8ej3N1bFkcRX6j_RLufl70,Spaghetteria Prądnicka,"Prądnicka 20A, Kraków",50.07734759999999,19.9362234,3,stop_186_7039,381-03,Dworzec Towarowy,50.074994,19.93968,360,,
ChIJk8ej3N1bFkcRX6j_RLufl70,Spaghetteria Prądnicka,"Prądnicka 20A, Kraków",50.07734759999999,19.9362234,4,stop_570_303629,382-02,Szpital Narutowicza,50.080625,19.937974,385,,
ChIJk8ej3N1bFkcRX6j_RLufl70,Spaghetteria Prądnicka,"Prądnicka 20A, Kraków",50.07734759999999,19.9362234,5,stop_570_303619,382-01,Szpital Narutowicza,50.080794,19.93763,396,,
ChIJ6Wknww1bFkcRDdCWbQlmF6g,Sphinx restauracja Rynek Główny,"Rynek Główny 25, Kraków",50.0611629,19.9358101,1,stop_325_136029,821-02,Plac Wszystkich Świętych,50.059113,19.937497,258,,
ChIJ6Wknww1bFkcRDdCWbQlmF6g,Sphinx restauracja Rynek Główny,"Rynek Główny 25, Kraków",50.0611629,19.9358101,2,stop_219_32219,822-01,Filharmonia,50.05903,19.93387,275,,
ChIJ6Wknww1bFkcRDdCWbQlmF6g,Sphinx restauracja Rynek Główny,"Rynek Główny 25, Kraków",50.0611629,19.9358101,3,stop_325_136019,821-01,Plac Wszystkich Świętych,50.05912,19.93824,286,,
ChIJ6Wknww1bFkcRDdCWbQlmF6g,Sphinx restauracja Rynek Główny,"Rynek Główny 25, Kraków",50.0611629,19.9358101,4,stop_219_32239,822-03,Filharmonia,50.05917,19.9331,294,,
ChIJ6Wknww1bFkcRDdCWbQlmF6g,Sphinx restauracja Rynek Główny,"Rynek Główny 25, Kraków",50.0611629,19.9358101,5,stop_191_7719,,Teatr Bagatela,50.0631,19.932648,312,,
ChIJAQDwBZlcFkcRCMeygjyApoQ,Sprawdzeni Barmani,"Wacława Lipińskiego 3/1, Kraków",50.0293734,19.9256024,1,stop_343_268629,528-02,Lipińskiego,50.030738,19.924874,160,,
ChIJAQDwBZlcFkcRCMeygjyApoQ,Sprawdzeni Barmani,"Wacława Lipińskiego 3/1, Kraków",50.0293734,19.9256024,2,stop_343_268619,528-01,Lipińskiego,50.030792,19.924804,168,,
ChIJAQDwBZlcFkcRCMeygjyApoQ,Sprawdzeni Barmani,"Wacława Lipińskiego 3/1, Kraków",50.0293734,19.9256024,3,stop_292_61219,551-01,Borsucza,50.030504,19.928538,244,,
ChIJAQDwBZlcFkcRCMeygjyApoQ,Sprawdzeni Barmani,"Wacława Lipińskiego 3/1, Kraków",50.0293734,19.9256024,4,stop_292_61229,551-02,Borsucza,50.03055,19.929101,282,,
ChIJAQDwBZlcFkcRCMeygjyApoQ,Sprawdzeni Barmani,"Wacława Lipińskiego 3/1, Kraków",50.0293734,19.9256024,5,stop_344_268729,526-02,Grota-Roweckiego,50.031593,19.921162,402,,
ChIJ05r4LalbFkcRtu30UCpJTVg,Stara Piwnica cocktail&music bar,"Mostowa 2, Kraków",50.04835560000001,19.9453768,1,stop_225_36029,820-02,Plac Wolnica,50.048114,19.943448,140,,
ChIJ05r4LalbFkcRtu30UCpJTVg,Stara Piwnica cocktail&music bar,"Mostowa 2, Kraków",50.04835560000001,19.9453768,2,stop_225_36019,820-01,Plac Wolnica,50.048028,19.943426,144,,
ChIJ05r4LalbFkcRtu30UCpJTVg,Stara Piwnica cocktail&music bar,"Mostowa 2, Kraków",50.04835560000001,19.9453768,3,stop_224_35949,819-04,Stradom,50.050842,19.942415,348,,
ChIJ05r4LalbFkcRtu30UCpJTVg,Stara Piwnica cocktail&music bar,"Mostowa 2, Kraków",50.04835560000001,19.9453768,4,stop_224_35919,819-01,Stradom,50.05148,19.941337,452,,
ChIJ05r4LalbFkcRtu30UCpJTVg,Stara Piwnica cocktail&music bar,"Mostowa 2, Kraków",50.04835560000001,19.9453768,5,stop_279_57139,556-03,Korona,50.044032,19.94678,491,,
ChIJ6TAc70FbFkcRJT7xBU4VhZo,Stara Zajezdnia Kraków by DeSilva,"Św. Wawrzyńca 12, Kraków",50.0501198,19.9471163,1,stop_1103_347129,816-02,św. Wawrzyńca,50.051415,19.950829,302,,
ChIJ6TAc70FbFkcRJT7xBU4VhZo,Stara Zajezdnia Kraków by DeSilva,"Św. Wawrzyńca 12, Kraków",50.0501198,19.9471163,2,stop_1103_347119,816-01,św. Wawrzyńca,50.051131,19.951064,303,,
ChIJ6TAc70FbFkcRJT7xBU4VhZo,Stara Zajezdnia Kraków by DeSilva,"Św. Wawrzyńca 12, Kraków",50.0501198,19.9471163,3,stop_225_36029,820-02,Plac Wolnica,50.048114,19.943448,344,,
ChIJ6TAc70FbFkcRJT7xBU4VhZo,Stara Zajezdnia Kraków by DeSilva,"Św. Wawrzyńca 12, Kraków",50.0501198,19.9471163,4,stop_224_35949,819-04,Stradom,50.050842,19.942415,345,,
ChIJ6TAc70FbFkcRJT7xBU4VhZo,Stara Zajezdnia Kraków by DeSilva,"Św. Wawrzyńca 12, Kraków",50.0501198,19.9471163,5,stop_225_36019,820-01,Plac Wolnica,50.048028,19.943426,351,,
ChIJ72qMLhBbFkcRqkjUYJ_1j0M,Staropolskie Trunki,"Floriańska 20, Kraków",50.06336289999999,19.9398344,1,stop_568_303219,833-01,Stary Kleparz,50.066314,19.939721,328,,
ChIJ72qMLhBbFkcRqkjUYJ_1j0M,Staropolskie Trunki,"Floriańska 20, Kraków",50.06336289999999,19.9398344,2,stop_568_303229,833-02,Stary Kleparz,50.066234,19.938562,332,,
ChIJ72qMLhBbFkcRqkjUYJ_1j0M,Staropolskie Trunki,"Floriańska 20, Kraków",50.06336289999999,19.9398344,3,stop_852_324229,801-02,Teatr Słowackiego,50.064792,19.944409,363,,
ChIJ72qMLhBbFkcRqkjUYJ_1j0M,Staropolskie Trunki,"Floriańska 20, Kraków",50.06336289999999,19.9398344,4,stop_568_303239,833-03,Stary Kleparz,50.06666,19.93895,372,,
ChIJ72qMLhBbFkcRqkjUYJ_1j0M,Staropolskie Trunki,"Floriańska 20, Kraków",50.06336289999999,19.9398344,5,stop_852_324239,801-03,Teatr Słowackiego,50.064192,19.94499,379,,
ChIJw1ZHFQxbFkcR5cYS3ZCGDJE,Stary Port Bar,"Straszewskiego 27, Wejście od Jabłonowskich, Kraków",50.0612305,19.931776,1,stop_191_7719,,Teatr Bagatela,50.0631,19.932648,217,,
ChIJw1ZHFQxbFkcR5cYS3ZCGDJE,Stary Port Bar,"Straszewskiego 27, Wejście od Jabłonowskich, Kraków",50.0612305,19.931776,2,stop_219_32239,822-03,Filharmonia,50.05917,19.9331,248,,
ChIJw1ZHFQxbFkcR5cYS3ZCGDJE,Stary Port Bar,"Straszewskiego 27, Wejście od Jabłonowskich, Kraków",50.0612305,19.931776,3,stop_191_7739,,Teatr Bagatela,50.063755,19.932586,287,,
ChIJw1ZHFQxbFkcR5cYS3ZCGDJE,Stary Port Bar,"Straszewskiego 27, Wejście od Jabłonowskich, Kraków",50.0612305,19.931776,4,stop_219_32219,822-01,Filharmonia,50.05903,19.93387,287,,
ChIJw1ZHFQxbFkcR5cYS3ZCGDJE,Stary Port Bar,"Straszewskiego 27, Wejście od Jabłonowskich, Kraków",50.0612305,19.931776,5,stop_219_32229,822-02,Filharmonia,50.058666,19.933001,298,,
ChIJS3G_ReZbFkcRCTJ4rEkVDYI,Station Bistro,"Hampton by Hilton Kraków, Dąbska 5, Kraków",50.06459939999999,19.98210259999999,1,stop_208_13019,804-01,Białucha,50.067841,19.977991,465,,
ChIJS3G_ReZbFkcRCTJ4rEkVDYI,Station Bistro,"Hampton by Hilton Kraków, Dąbska 5, Kraków",50.06459939999999,19.98210259999999,2,stop_234_37019,814-01,Dąbie,50.060724,19.979185,479,,
ChIJS3G_ReZbFkcRCTJ4rEkVDYI,Station Bistro,"Hampton by Hilton Kraków, Dąbska 5, Kraków",50.06459939999999,19.98210259999999,3,stop_208_13029,804-02,Białucha,50.067597,19.977192,484,,
ChIJS3G_ReZbFkcRCTJ4rEkVDYI,Station Bistro,"Hampton by Hilton Kraków, Dąbska 5, Kraków",50.06459939999999,19.98210259999999,4,stop_234_37029,814-02,Dąbie,50.060709,19.979012,486,,
ChIJS3G_ReZbFkcRCTJ4rEkVDYI,Station Bistro,"Hampton by Hilton Kraków, Dąbska 5, Kraków",50.06459939999999,19.98210259999999,5,stop_1105_347319,112-01,TAURON Arena Kraków al. Pokoju,50.064188,19.988978,493,,
ChIJV_XzvQ1bFkcRzZFFbqQInD8,Still bar,"Gołębia 8, Kraków",50.060353,19.9352033,1,stop_219_32219,822-01,Filharmonia,50.05903,19.93387,175,,
ChIJV_XzvQ1bFkcRzZFFbqQInD8,Still bar,"Gołębia 8, Kraków",50.060353,19.9352033,2,stop_219_32239,822-03,Filharmonia,50.05917,19.9331,200,,
ChIJV_XzvQ1bFkcRzZFFbqQInD8,Still bar,"Gołębia 8, Kraków",50.060353,19.9352033,3,stop_325_136029,821-02,Plac Wszystkich Świętych,50.059113,19.937497,214,,
ChIJV_XzvQ1bFkcRzZFFbqQInD8,Still bar,"Gołębia 8, Kraków",50.060353,19.9352033,4,stop_219_32229,822-02,Filharmonia,50.058666,19.933001,245,,
ChIJV_XzvQ1bFkcRzZFFbqQInD8,Still bar,"Gołębia 8, Kraków",50.060353,19.9352033,5,stop_325_136019,821-01,Plac Wszystkich Świętych,50.05912,19.93824,256,,
ChIJyyQzLhBbFkcRPKHUoN5cUww,Stodoła,"Floriańska 47, Kraków",50.06407919999999,19.9413146,1,stop_852_324229,801-02,Teatr Słowackiego,50.064792,19.944409,235,,
ChIJyyQzLhBbFkcRPKHUoN5cUww,Stodoła,"Floriańska 47, Kraków",50.06407919999999,19.9413146,2,stop_852_324239,801-03,Teatr Słowackiego,50.064192,19.94499,263,,
ChIJyyQzLhBbFkcRPKHUoN5cUww,Stodoła,"Floriańska 47, Kraków",50.06407919999999,19.9413146,3,stop_568_303219,833-01,Stary Kleparz,50.066314,19.939721,273,,
ChIJyyQzLhBbFkcRPKHUoN5cUww,Stodoła,"Floriańska 47, Kraków",50.06407919999999,19.9413146,4,stop_852_324249,801-04,Teatr Słowackiego,50.065006,19.94518,295,,
ChIJyyQzLhBbFkcRPKHUoN5cUww,Stodoła,"Floriańska 47, Kraków",50.06407919999999,19.9413146,5,stop_568_303229,833-02,Stary Kleparz,50.066234,19.938562,310,,
ChIJvw-4TQRFFkcRyfhp9xZ7osU,Stołówka przy SP 89,"34a, Kraków",50.09999130000001,20.0186538,1,stop_239_37929,147-02,Piasta Kołodzieja,50.098526,20.013051,432,,
ChIJvw-4TQRFFkcRyfhp9xZ7osU,Stołówka przy SP 89,"34a, Kraków",50.09999130000001,20.0186538,2,stop_239_37919,147-01,Piasta Kołodzieja,50.097862,20.013018,467,,
ChIJvw-4TQRFFkcRyfhp9xZ7osU,Stołówka przy SP 89,"34a, Kraków",50.09999130000001,20.0186538,3,stop_238_37819,148-01,Os. Piastów,50.101977,20.012058,520,,
ChIJvw-4TQRFFkcRyfhp9xZ7osU,Stołówka przy SP 89,"34a, Kraków",50.09999130000001,20.0186538,4,stop_240_38219,144-01,Kleeberga,50.095792,20.012713,631,,
ChIJvw-4TQRFFkcRyfhp9xZ7osU,Stołówka przy SP 89,"34a, Kraków",50.09999130000001,20.0186538,5,stop_240_38229,144-02,Kleeberga,50.095759,20.012638,637,,
ChIJ-QyMJGpbFkcR7gINGKIU_bs,Strefa Piwa,"Józefa 6, Kraków",50.0505556,19.9433333,1,stop_224_35949,819-04,Stradom,50.050842,19.942415,73,,
ChIJ-QyMJGpbFkcR7gINGKIU_bs,Strefa Piwa,"Józefa 6, Kraków",50.0505556,19.9433333,2,stop_224_35919,819-01,Stradom,50.05148,19.941337,176,,
ChIJ-QyMJGpbFkcR7gINGKIU_bs,Strefa Piwa,"Józefa 6, Kraków",50.0505556,19.9433333,3,stop_224_35939,819-03,Stradom,50.052258,19.942061,210,,
ChIJ-QyMJGpbFkcR7gINGKIU_bs,Strefa Piwa,"Józefa 6, Kraków",50.0505556,19.9433333,4,stop_224_35929,819-02,Stradom,50.052086,19.941166,230,,
ChIJ-QyMJGpbFkcR7gINGKIU_bs,Strefa Piwa,"Józefa 6, Kraków",50.0505556,19.9433333,5,stop_225_36029,820-02,Plac Wolnica,50.048114,19.943448,272,,
ChIJ09SGuR9bFkcRD7kdh9tZfJs,Strefa Piwa Sklep,"Aleja Pułkownika Władysława Beliny-Prażmowskiego 49A, Kraków",50.0720737,19.959284,1,stop_202_12429,854-02,Cmentarz Rakowicki,50.072948,19.956041,251,,
ChIJ09SGuR9bFkcRD7kdh9tZfJs,Strefa Piwa Sklep,"Aleja Pułkownika Władysława Beliny-Prażmowskiego 49A, Kraków",50.0720737,19.959284,2,stop_202_12419,854-01,Cmentarz Rakowicki,50.074262,19.957387,278,,
ChIJ09SGuR9bFkcRD7kdh9tZfJs,Strefa Piwa Sklep,"Aleja Pułkownika Władysława Beliny-Prażmowskiego 49A, Kraków",50.0720737,19.959284,3,stop_1234_362129,853-02,Muzeum Fotografii,50.070982,19.954592,356,,
ChIJ09SGuR9bFkcRD7kdh9tZfJs,Strefa Piwa Sklep,"Aleja Pułkownika Władysława Beliny-Prażmowskiego 49A, Kraków",50.0720737,19.959284,4,stop_1234_362119,853-01,Muzeum Fotografii,50.070486,19.954281,398,,
ChIJ09SGuR9bFkcRD7kdh9tZfJs,Strefa Piwa Sklep,"Aleja Pułkownika Władysława Beliny-Prażmowskiego 49A, Kraków",50.0720737,19.959284,5,stop_205_12729,852-02,Uniwersytet Ekonomiczny,50.068328,19.952638,631,,
ChIJ60FTVolbFkcRoK27geb_p8g,Studio 35mm/ml,"Krakowska 30, Kraków",50.04947539999999,19.9431455,1,stop_225_36029,820-02,Plac Wolnica,50.048114,19.943448,153,,
ChIJ60FTVolbFkcRoK27geb_p8g,Studio 35mm/ml,"Krakowska 30, Kraków",50.04947539999999,19.9431455,2,stop_224_35949,819-04,Stradom,50.050842,19.942415,161,,
ChIJ60FTVolbFkcRoK27geb_p8g,Studio 35mm/ml,"Krakowska 30, Kraków",50.04947539999999,19.9431455,3,stop_225_36019,820-01,Plac Wolnica,50.048028,19.943426,162,,
ChIJ60FTVolbFkcRoK27geb_p8g,Studio 35mm/ml,"Krakowska 30, Kraków",50.04947539999999,19.9431455,4,stop_224_35919,819-01,Stradom,50.05148,19.941337,258,,
ChIJ60FTVolbFkcRoK27geb_p8g,Studio 35mm/ml,"Krakowska 30, Kraków",50.04947539999999,19.9431455,5,stop_224_35939,819-03,Stradom,50.052258,19.942061,319,,
ChIJLTYM9Q1bFkcRDDFRQy8Fsgw,Szara Gęś w Kuchni Restaurant,"Rynek Główny 17, Kraków",50.060491,19.937158,1,stop_325_136029,821-02,Plac Wszystkich Świętych,50.059113,19.937497,155,,
ChIJLTYM9Q1bFkcRDDFRQy8Fsgw,Szara Gęś w Kuchni Restaurant,"Rynek Główny 17, Kraków",50.060491,19.937158,2,stop_325_136019,821-01,Plac Wszystkich Świętych,50.05912,19.93824,171,,
ChIJLTYM9Q1bFkcRDDFRQy8Fsgw,Szara Gęś w Kuchni Restaurant,"Rynek Główny 17, Kraków",50.060491,19.937158,3,stop_219_32219,822-01,Filharmonia,50.05903,19.93387,285,,
ChIJLTYM9Q1bFkcRDDFRQy8Fsgw,Szara Gęś w Kuchni Restaurant,"Rynek Główny 17, Kraków",50.060491,19.937158,4,stop_219_32239,822-03,Filharmonia,50.05917,19.9331,325,,
ChIJLTYM9Q1bFkcRDDFRQy8Fsgw,Szara Gęś w Kuchni Restaurant,"Rynek Główny 17, Kraków",50.060491,19.937158,5,stop_1102_347019,817-01,św. Gertrudy,50.058627,19.940988,343,,
ChIJaRxZ8mxbFkcRRBGXljy8sUs,Szklanki,"Jakuba 19, Kraków",50.0518806,19.9465487,1,stop_227_36229,815-02,Miodowa,50.05321,19.9489,224,,
ChIJaRxZ8mxbFkcRRBGXljy8sUs,Szklanki,"Jakuba 19, Kraków",50.0518806,19.9465487,2,stop_227_36219,815-01,Miodowa,50.053886,19.948108,249,,
ChIJaRxZ8mxbFkcRRBGXljy8sUs,Szklanki,"Jakuba 19, Kraków",50.0518806,19.9465487,3,stop_1103_347129,816-02,św. Wawrzyńca,50.051415,19.950829,310,,
ChIJaRxZ8mxbFkcRRBGXljy8sUs,Szklanki,"Jakuba 19, Kraków",50.0518806,19.9465487,4,stop_224_35949,819-04,Stradom,50.050842,19.942415,317,,
ChIJaRxZ8mxbFkcRRBGXljy8sUs,Szklanki,"Jakuba 19, Kraków",50.0518806,19.9465487,5,stop_224_35939,819-03,Stradom,50.052258,19.942061,323,,
ChIJL9W6FhJbFkcRprm2YjaT_js,Szoto,"Bracka 3/5, Kraków",50.060601,19.9359357,1,stop_325_136029,821-02,Plac Wszystkich Świętych,50.059113,19.937497,199,,
ChIJL9W6FhJbFkcRprm2YjaT_js,Szoto,"Bracka 3/5, Kraków",50.060601,19.9359357,2,stop_219_32219,822-01,Filharmonia,50.05903,19.93387,229,,
ChIJL9W6FhJbFkcRprm2YjaT_js,Szoto,"Bracka 3/5, Kraków",50.060601,19.9359357,3,stop_325_136019,821-01,Plac Wszystkich Świętych,50.05912,19.93824,233,,
ChIJL9W6FhJbFkcRprm2YjaT_js,Szoto,"Bracka 3/5, Kraków",50.060601,19.9359357,4,stop_219_32239,822-03,Filharmonia,50.05917,19.9331,257,,
ChIJL9W6FhJbFkcRprm2YjaT_js,Szoto,"Bracka 3/5, Kraków",50.060601,19.9359357,5,stop_219_32229,822-02,Filharmonia,50.058666,19.933001,300,,
ChIJkcCIy21DFkcReql1sKIBb8k,Szybka Buła,"Wielicka, Kraków",50.0143483,19.9947516,1,stop_304_68219,649-01,Prokocim Szpital,50.014443,19.998952,300,,
ChIJkcCIy21DFkcReql1sKIBb8k,Szybka Buła,"Wielicka, Kraków",50.0143483,19.9947516,2,stop_304_68229,649-02,Prokocim Szpital,50.014585,20.000171,388,,
ChIJkcCIy21DFkcReql1sKIBb8k,Szybka Buła,"Wielicka, Kraków",50.0143483,19.9947516,3,stop_301_63719,648-01,Prokocim,50.017526,19.991105,439,,
ChIJkcCIy21DFkcReql1sKIBb8k,Szybka Buła,"Wielicka, Kraków",50.0143483,19.9947516,4,stop_301_63729,648-02,Prokocim,50.017646,19.990988,455,,
ChIJkcCIy21DFkcReql1sKIBb8k,Szybka Buła,"Wielicka, Kraków",50.0143483,19.9947516,5,stop_300_63419,647-01,Wlotowa,50.019364,19.988113,732,,
ChIJKaZe3UdbFkcRmz_RZLQ3uTg,Słodko i czule,"Juliusza Lea 5A, Kraków",50.06955589999999,19.9235858,1,stop_193_7929,,Plac Inwalidów,50.069585,19.925897,165,,
ChIJKaZe3UdbFkcRmz_RZLQ3uTg,Słodko i czule,"Juliusza Lea 5A, Kraków",50.06955589999999,19.9235858,2,stop_193_7919,,Plac Inwalidów,50.068728,19.926981,259,,
ChIJKaZe3UdbFkcRmz_RZLQ3uTg,Słodko i czule,"Juliusza Lea 5A, Kraków",50.06955589999999,19.9235858,3,stop_194_8319,,Urzędnicza,50.071879,19.919754,376,,
ChIJKaZe3UdbFkcRmz_RZLQ3uTg,Słodko i czule,"Juliusza Lea 5A, Kraków",50.06955589999999,19.9235858,4,stop_194_8329,,Urzędnicza,50.071957,19.91925,409,,
ChIJKaZe3UdbFkcRmz_RZLQ3uTg,Słodko i czule,"Juliusza Lea 5A, Kraków",50.06955589999999,19.9235858,5,stop_4_9,,Stefana Batorego,50.067023,19.928837,469,,
ChIJQ6OruW5bFkcRrFkgEW_19pg,T.E.A. TIME Brewpub,"Józefa Dietla 1, Kraków",50.0500996,19.9364737,1,stop_226_36129,872-02,Orzeszkowej,50.050546,19.938251,136,,
ChIJQ6OruW5bFkcRrFkgEW_19pg,T.E.A. TIME Brewpub,"Józefa Dietla 1, Kraków",50.0500996,19.9364737,2,stop_226_36119,872-01,Orzeszkowej,50.050631,19.938671,168,,
ChIJQ6OruW5bFkcRrFkgEW_19pg,T.E.A. TIME Brewpub,"Józefa Dietla 1, Kraków",50.0500996,19.9364737,3,stop_224_35919,819-01,Stradom,50.05148,19.941337,380,,
ChIJQ6OruW5bFkcRrFkgEW_19pg,T.E.A. TIME Brewpub,"Józefa Dietla 1, Kraków",50.0500996,19.9364737,4,stop_224_35929,819-02,Stradom,50.052086,19.941166,401,,
ChIJQ6OruW5bFkcRrFkgEW_19pg,T.E.A. TIME Brewpub,"Józefa Dietla 1, Kraków",50.0500996,19.9364737,5,stop_957_333829,501-02,Rondo Grunwaldzkie,50.048605,19.931155,415,,
ChIJB2KIfjNbFkcRQfbUOteOVQc,TAG | cocktail bar,"Podwale 7, Kraków",50.06323869999999,19.9325449,1,stop_191_7719,,Teatr Bagatela,50.0631,19.932648,17,,
ChIJB2KIfjNbFkcRQfbUOteOVQc,TAG | cocktail bar,"Podwale 7, Kraków",50.06323869999999,19.9325449,2,stop_191_7739,,Teatr Bagatela,50.063755,19.932586,57,,
ChIJB2KIfjNbFkcRQfbUOteOVQc,TAG | cocktail bar,"Podwale 7, Kraków",50.06323869999999,19.9325449,3,stop_191_7729,,Teatr Bagatela,50.063806,19.933366,86,,
ChIJB2KIfjNbFkcRQfbUOteOVQc,TAG | cocktail bar,"Podwale 7, Kraków",50.06323869999999,19.9325449,4,stop_4_8,,Stefana Batorego,50.066586,19.929432,433,,
ChIJB2KIfjNbFkcRQfbUOteOVQc,TAG | cocktail bar,"Podwale 7, Kraków",50.06323869999999,19.9325449,5,stop_219_32239,822-03,Filharmonia,50.05917,19.9331,454,,
ChIJ84QJh2pbFkcRlED0TiJ6ZFM,THE DOG Food Truck Izaaka,"Ciemna, Izaaka 4, Kraków",50.05161539999999,19.9472461,1,stop_227_36229,815-02,Miodowa,50.05321,19.9489,213,,
ChIJ84QJh2pbFkcRlED0TiJ6ZFM,THE DOG Food Truck Izaaka,"Ciemna, Izaaka 4, Kraków",50.05161539999999,19.9472461,2,stop_1103_347129,816-02,św. Wawrzyńca,50.051415,19.950829,257,,
ChIJ84QJh2pbFkcRlED0TiJ6ZFM,THE DOG Food Truck Izaaka,"Ciemna, Izaaka 4, Kraków",50.05161539999999,19.9472461,3,stop_227_36219,815-01,Miodowa,50.053886,19.948108,260,,
ChIJ84QJh2pbFkcRlED0TiJ6ZFM,THE DOG Food Truck Izaaka,"Ciemna, Izaaka 4, Kraków",50.05161539999999,19.9472461,4,stop_1103_347119,816-01,św. Wawrzyńca,50.051131,19.951064,278,,
ChIJ84QJh2pbFkcRlED0TiJ6ZFM,THE DOG Food Truck Izaaka,"Ciemna, Izaaka 4, Kraków",50.05161539999999,19.9472461,5,stop_224_35949,819-04,Stradom,50.050842,19.942415,355,,
ChIJ925BLJJbFkcR6Bhe3a3S7Qs,TRIBE COCKTAIL BAR,"Stanisława Worcella 8, Kraków",50.0663819,19.9442506,1,stop_852_324249,801-04,Teatr Słowackiego,50.065006,19.94518,167,,
ChIJ925BLJJbFkcR6Bhe3a3S7Qs,TRIBE COCKTAIL BAR,"Stanisława Worcella 8, Kraków",50.0663819,19.9442506,2,stop_852_324229,801-02,Teatr Słowackiego,50.064792,19.944409,177,,
ChIJ925BLJJbFkcR6Bhe3a3S7Qs,TRIBE COCKTAIL BAR,"Stanisława Worcella 8, Kraków",50.0663819,19.9442506,3,stop_335_260819,760-01,Dworzec Główny Zachód,50.06783,19.945354,179,,
ChIJ925BLJJbFkcR6Bhe3a3S7Qs,TRIBE COCKTAIL BAR,"Stanisława Worcella 8, Kraków",50.0663819,19.9442506,4,stop_335_260829,760-02,Dworzec Główny Zachód,50.067827,19.945408,181,,
ChIJ925BLJJbFkcR6Bhe3a3S7Qs,TRIBE COCKTAIL BAR,"Stanisława Worcella 8, Kraków",50.0663819,19.9442506,5,stop_852_324219,801-01,Teatr Słowackiego,50.064609,19.945628,220,,
ChIJHe80CwBbFkcRUkGYQqJkEFg,TRIBE TABLE,"Stanisława Worcella 8, Kraków",50.06638199999999,19.9442169,1,stop_852_324249,801-04,Teatr Słowackiego,50.065006,19.94518,168,,
ChIJHe80CwBbFkcRUkGYQqJkEFg,TRIBE TABLE,"Stanisława Worcella 8, Kraków",50.06638199999999,19.9442169,2,stop_852_324229,801-02,Teatr Słowackiego,50.064792,19.944409,177,,
ChIJHe80CwBbFkcRUkGYQqJkEFg,TRIBE TABLE,"Stanisława Worcella 8, Kraków",50.06638199999999,19.9442169,3,stop_335_260819,760-01,Dworzec Główny Zachód,50.06783,19.945354,180,,
ChIJHe80CwBbFkcRUkGYQqJkEFg,TRIBE TABLE,"Stanisława Worcella 8, Kraków",50.06638199999999,19.9442169,4,stop_335_260829,760-02,Dworzec Główny Zachód,50.067827,19.945408,182,,
ChIJHe80CwBbFkcRUkGYQqJkEFg,TRIBE TABLE,"Stanisława Worcella 8, Kraków",50.06638199999999,19.9442169,5,stop_852_324219,801-01,Teatr Słowackiego,50.064609,19.945628,221,,
ChIJVfeSRkRbFkcRRLfvUgAYKKE,TWORZYWO cafe/bar,"Plac Bohaterów Getta 2, Kraków",50.0464924,19.9539572,1,stop_278_57019,640-01,Plac Bohaterów Getta,50.046605,19.955028,77,,
ChIJVfeSRkRbFkcRRLfvUgAYKKE,TWORZYWO cafe/bar,"Plac Bohaterów Getta 2, Kraków",50.0464924,19.9539572,2,stop_278_57029,640-02,Plac Bohaterów Getta,50.046716,19.9551,85,,
ChIJVfeSRkRbFkcRRLfvUgAYKKE,TWORZYWO cafe/bar,"Plac Bohaterów Getta 2, Kraków",50.0464924,19.9539572,3,stop_338_56919,641-01,Limanowskiego,50.045136,19.954882,165,,
ChIJVfeSRkRbFkcRRLfvUgAYKKE,TWORZYWO cafe/bar,"Plac Bohaterów Getta 2, Kraków",50.0464924,19.9539572,4,stop_338_56929,641-02,Limanowskiego,50.045,19.955911,217,,
ChIJVfeSRkRbFkcRRLfvUgAYKKE,TWORZYWO cafe/bar,"Plac Bohaterów Getta 2, Kraków",50.0464924,19.9539572,5,stop_279_57129,556-02,Korona,50.044052,19.947497,535,,
ChIJFwWIW2pbFkcR3IuB-QZ3Dmo,Tajemniczy Ogród,"plac Nowy 9, Kraków",50.05203119999999,19.9447015,1,stop_224_35939,819-03,Stradom,50.052258,19.942061,190,,
ChIJFwWIW2pbFkcR3IuB-QZ3Dmo,Tajemniczy Ogród,"plac Nowy 9, Kraków",50.05203119999999,19.9447015,2,stop_224_35949,819-04,Stradom,50.050842,19.942415,210,,
ChIJFwWIW2pbFkcR3IuB-QZ3Dmo,Tajemniczy Ogród,"plac Nowy 9, Kraków",50.05203119999999,19.9447015,3,stop_224_35919,819-01,Stradom,50.05148,19.941337,248,,
ChIJFwWIW2pbFkcR3IuB-QZ3Dmo,Tajemniczy Ogród,"plac Nowy 9, Kraków",50.05203119999999,19.9447015,4,stop_224_35929,819-02,Stradom,50.052086,19.941166,252,,
ChIJFwWIW2pbFkcR3IuB-QZ3Dmo,Tajemniczy Ogród,"plac Nowy 9, Kraków",50.05203119999999,19.9447015,5,stop_227_36219,815-01,Miodowa,50.053886,19.948108,319,,
ChIJdyvSjP9bFkcRVNG4xTYS7ck,Targowa2,"Targowa 2, Kraków",50.0458223,19.953629,1,stop_338_56919,641-01,Limanowskiego,50.045136,19.954882,118,,
ChIJdyvSjP9bFkcRVNG4xTYS7ck,Targowa2,"Targowa 2, Kraków",50.0458223,19.953629,2,stop_278_57019,640-01,Plac Bohaterów Getta,50.046605,19.955028,132,,
ChIJdyvSjP9bFkcRVNG4xTYS7ck,Targowa2,"Targowa 2, Kraków",50.0458223,19.953629,3,stop_278_57029,640-02,Plac Bohaterów Getta,50.046716,19.9551,145,,
ChIJdyvSjP9bFkcRVNG4xTYS7ck,Targowa2,"Targowa 2, Kraków",50.0458223,19.953629,4,stop_338_56929,641-02,Limanowskiego,50.045,19.955911,187,,
ChIJdyvSjP9bFkcRVNG4xTYS7ck,Targowa2,"Targowa 2, Kraków",50.0458223,19.953629,5,stop_279_57129,556-02,Korona,50.044052,19.947497,480,,
ChIJR4KVBjtbFkcRVgktaP4sp8s,Tawerna La Capitana,"Topolowa 3, Kraków",50.067133,19.9500491,1,stop_205_12719,852-01,Uniwersytet Ekonomiczny,50.067608,19.952235,165,,
ChIJR4KVBjtbFkcRVgktaP4sp8s,Tawerna La Capitana,"Topolowa 3, Kraków",50.067133,19.9500491,2,stop_322_117319,901-01,Dworzec Główny Tunel,50.068199,19.947649,208,,
ChIJR4KVBjtbFkcRVgktaP4sp8s,Tawerna La Capitana,"Topolowa 3, Kraków",50.067133,19.9500491,3,stop_322_117329,901-02,Dworzec Główny Tunel,50.068258,19.947641,213,,
ChIJR4KVBjtbFkcRVgktaP4sp8s,Tawerna La Capitana,"Topolowa 3, Kraków",50.067133,19.9500491,4,stop_204_12639,851-03,Lubicz,50.065436,19.951621,220,,
ChIJR4KVBjtbFkcRVgktaP4sp8s,Tawerna La Capitana,"Topolowa 3, Kraków",50.067133,19.9500491,5,stop_205_12729,852-02,Uniwersytet Ekonomiczny,50.068328,19.952638,228,,
ChIJx9oWOatbFkcRVkTWilS_mmU,Tawerna Wilczy Dół,"Szpitalna 22, Kraków",50.0629123,19.9412298,1,stop_852_324239,801-03,Teatr Słowackiego,50.064192,19.94499,304,,
ChIJx9oWOatbFkcRVkTWilS_mmU,Tawerna Wilczy Dół,"Szpitalna 22, Kraków",50.0629123,19.9412298,2,stop_852_324229,801-02,Teatr Słowackiego,50.064792,19.944409,309,,
ChIJx9oWOatbFkcRVkTWilS_mmU,Tawerna Wilczy Dół,"Szpitalna 22, Kraków",50.0629123,19.9412298,3,stop_222_35719,806-01,Poczta Główna,50.059797,19.942404,356,,
ChIJx9oWOatbFkcRVkTWilS_mmU,Tawerna Wilczy Dół,"Szpitalna 22, Kraków",50.0629123,19.9412298,4,stop_852_324249,801-04,Teatr Słowackiego,50.065006,19.94518,366,,
ChIJx9oWOatbFkcRVkTWilS_mmU,Tawerna Wilczy Dół,"Szpitalna 22, Kraków",50.0629123,19.9412298,5,stop_852_324219,801-01,Teatr Słowackiego,50.064609,19.945628,366,,
ChIJwXO-2QlbFkcRCmArZiIoxNM,Tawerna Winne Grono,"Czarnowiejska 23, Kraków",50.0658612,19.9254355,1,stop_4_9,,Stefana Batorego,50.067023,19.928837,275,,
ChIJwXO-2QlbFkcRCmArZiIoxNM,Tawerna Winne Grono,"Czarnowiejska 23, Kraków",50.0658612,19.9254355,2,stop_4_8,,Stefana Batorego,50.066586,19.929432,296,,
ChIJwXO-2QlbFkcRCmArZiIoxNM,Tawerna Winne Grono,"Czarnowiejska 23, Kraków",50.0658612,19.9254355,3,stop_193_7919,,Plac Inwalidów,50.068728,19.926981,337,,
ChIJwXO-2QlbFkcRCmArZiIoxNM,Tawerna Winne Grono,"Czarnowiejska 23, Kraków",50.0658612,19.9254355,4,stop_193_7929,,Plac Inwalidów,50.069585,19.925897,415,,
ChIJwXO-2QlbFkcRCmArZiIoxNM,Tawerna Winne Grono,"Czarnowiejska 23, Kraków",50.0658612,19.9254355,5,stop_191_7739,,Teatr Bagatela,50.063755,19.932586,562,,
ChIJgfN8Y2lbFkcR-MgZ1ScRd_g,Teatr Barakah,"Paulińska 28, Kraków",50.05011100000001,19.9403323,1,stop_226_36119,872-01,Orzeszkowej,50.050631,19.938671,132,,
ChIJgfN8Y2lbFkcR-MgZ1ScRd_g,Teatr Barakah,"Paulińska 28, Kraków",50.05011100000001,19.9403323,2,stop_226_36129,872-02,Orzeszkowej,50.050546,19.938251,156,,
ChIJgfN8Y2lbFkcR-MgZ1ScRd_g,Teatr Barakah,"Paulińska 28, Kraków",50.05011100000001,19.9403323,3,stop_224_35919,819-01,Stradom,50.05148,19.941337,168,,
ChIJgfN8Y2lbFkcR-MgZ1ScRd_g,Teatr Barakah,"Paulińska 28, Kraków",50.05011100000001,19.9403323,4,stop_224_35949,819-04,Stradom,50.050842,19.942415,169,,
ChIJgfN8Y2lbFkcR-MgZ1ScRd_g,Teatr Barakah,"Paulińska 28, Kraków",50.05011100000001,19.9403323,5,stop_224_35929,819-02,Stradom,50.052086,19.941166,228,,
ChIJv2EfzGtbFkcRBRGJpsifWfk,Teatr Cabaret,"Krakowska 5, Kraków",50.05103,19.9420916,1,stop_224_35949,819-04,Stradom,50.050842,19.942415,31,,
ChIJv2EfzGtbFkcRBRGJpsifWfk,Teatr Cabaret,"Krakowska 5, Kraków",50.05103,19.9420916,2,stop_224_35919,819-01,Stradom,50.05148,19.941337,74,,
ChIJv2EfzGtbFkcRBRGJpsifWfk,Teatr Cabaret,"Krakowska 5, Kraków",50.05103,19.9420916,3,stop_224_35929,819-02,Stradom,50.052086,19.941166,135,,
ChIJv2EfzGtbFkcRBRGJpsifWfk,Teatr Cabaret,"Krakowska 5, Kraków",50.05103,19.9420916,4,stop_224_35939,819-03,Stradom,50.052258,19.942061,137,,
ChIJv2EfzGtbFkcRBRGJpsifWfk,Teatr Cabaret,"Krakowska 5, Kraków",50.05103,19.9420916,5,stop_226_36119,872-01,Orzeszkowej,50.050631,19.938671,248,,
ChIJeUUM1Q1bFkcRDYfvW2r-0Dc,Teatro Cubano,"Jagiellońska 10, Kraków",50.0620795,19.9346943,1,stop_191_7719,,Teatr Bagatela,50.0631,19.932648,185,,
ChIJeUUM1Q1bFkcRDYfvW2r-0Dc,Teatro Cubano,"Jagiellońska 10, Kraków",50.0620795,19.9346943,2,stop_191_7729,,Teatr Bagatela,50.063806,19.933366,214,,
ChIJeUUM1Q1bFkcRDYfvW2r-0Dc,Teatro Cubano,"Jagiellońska 10, Kraków",50.0620795,19.9346943,3,stop_191_7739,,Teatr Bagatela,50.063755,19.932586,239,,
ChIJeUUM1Q1bFkcRDYfvW2r-0Dc,Teatro Cubano,"Jagiellońska 10, Kraków",50.0620795,19.9346943,4,stop_219_32239,822-03,Filharmonia,50.05917,19.9331,343,,
ChIJeUUM1Q1bFkcRDYfvW2r-0Dc,Teatro Cubano,"Jagiellońska 10, Kraków",50.0620795,19.9346943,5,stop_219_32219,822-01,Filharmonia,50.05903,19.93387,344,,
ChIJw2ObjXpdFkcR8eV6xrOl2XE,Tex Mex Bar,"Kapelanka 43, Kraków",50.03645549999999,19.9248629,1,stop_285_58429,525-02,Kobierzyńska,50.034593,19.925986,222,,
ChIJw2ObjXpdFkcR8eV6xrOl2XE,Tex Mex Bar,"Kapelanka 43, Kraków",50.03645549999999,19.9248629,2,stop_285_58419,525-01,Kobierzyńska,50.03444,19.925931,237,,
ChIJw2ObjXpdFkcR8eV6xrOl2XE,Tex Mex Bar,"Kapelanka 43, Kraków",50.03645549999999,19.9248629,3,stop_284_57729,524-02,Słomiana,50.040825,19.924547,486,,
ChIJw2ObjXpdFkcR8eV6xrOl2XE,Tex Mex Bar,"Kapelanka 43, Kraków",50.03645549999999,19.9248629,4,stop_284_57719,524-01,Słomiana,50.041404,19.9241,553,,
ChIJw2ObjXpdFkcR8eV6xrOl2XE,Tex Mex Bar,"Kapelanka 43, Kraków",50.03645549999999,19.9248629,5,stop_344_268729,526-02,Grota-Roweckiego,50.031593,19.921162,602,,
ChIJh6KksxFbFkcRV8C-XoTPWBU,The Artist Cocktail Bar,"Świętego Marka 11A, Kraków",50.0643489,19.937752,1,stop_568_303229,833-02,Stary Kleparz,50.066234,19.938562,217,,
ChIJh6KksxFbFkcRV8C-XoTPWBU,The Artist Cocktail Bar,"Świętego Marka 11A, Kraków",50.0643489,19.937752,2,stop_568_303219,833-01,Stary Kleparz,50.066314,19.939721,260,,
ChIJh6KksxFbFkcRV8C-XoTPWBU,The Artist Cocktail Bar,"Świętego Marka 11A, Kraków",50.0643489,19.937752,3,stop_568_303239,833-03,Stary Kleparz,50.06666,19.93895,271,,
ChIJh6KksxFbFkcRV8C-XoTPWBU,The Artist Cocktail Bar,"Świętego Marka 11A, Kraków",50.0643489,19.937752,4,stop_191_7729,,Teatr Bagatela,50.063806,19.933366,319,,
ChIJh6KksxFbFkcRV8C-XoTPWBU,The Artist Cocktail Bar,"Świętego Marka 11A, Kraków",50.0643489,19.937752,5,stop_191_7739,,Teatr Bagatela,50.063755,19.932586,375,,
ChIJJUFou_RbFkcRc6qZxI7irSQ,The Dog Food Truck,"Św. Wawrzyńca 16, Kraków",50.0503571,19.9479546,1,stop_1103_347129,816-02,św. Wawrzyńca,50.051415,19.950829,237,,
ChIJJUFou_RbFkcRc6qZxI7irSQ,The Dog Food Truck,"Św. Wawrzyńca 16, Kraków",50.0503571,19.9479546,2,stop_1103_347119,816-01,św. Wawrzyńca,50.051131,19.951064,238,,
ChIJJUFou_RbFkcRc6qZxI7irSQ,The Dog Food Truck,"Św. Wawrzyńca 16, Kraków",50.0503571,19.9479546,3,stop_227_36229,815-02,Miodowa,50.05321,19.9489,324,,
ChIJJUFou_RbFkcRc6qZxI7irSQ,The Dog Food Truck,"Św. Wawrzyńca 16, Kraków",50.0503571,19.9479546,4,stop_227_36219,815-01,Miodowa,50.053886,19.948108,393,,
ChIJJUFou_RbFkcRc6qZxI7irSQ,The Dog Food Truck,"Św. Wawrzyńca 16, Kraków",50.0503571,19.9479546,5,stop_224_35949,819-04,Stradom,50.050842,19.942415,399,,
ChIJGSmC4k5bFkcREPRUK0mL_wU,The Landmark Supper Club,"Brzozowa 18, Kraków",50.05366309999999,19.9461474,1,stop_227_36219,815-01,Miodowa,50.053886,19.948108,142,,
ChIJGSmC4k5bFkcREPRUK0mL_wU,The Landmark Supper Club,"Brzozowa 18, Kraków",50.05366309999999,19.9461474,2,stop_227_36229,815-02,Miodowa,50.05321,19.9489,203,,
ChIJGSmC4k5bFkcREPRUK0mL_wU,The Landmark Supper Club,"Brzozowa 18, Kraków",50.05366309999999,19.9461474,3,stop_224_35939,819-03,Stradom,50.052258,19.942061,331,,
ChIJGSmC4k5bFkcREPRUK0mL_wU,The Landmark Supper Club,"Brzozowa 18, Kraków",50.05366309999999,19.9461474,4,stop_223_35829,807-02,Starowiślna,50.05689,19.945029,368,,
ChIJGSmC4k5bFkcREPRUK0mL_wU,The Landmark Supper Club,"Brzozowa 18, Kraków",50.05366309999999,19.9461474,5,stop_223_35839,807-03,Starowiślna,50.057227,19.946086,396,,
ChIJxziN8g5bFkcRki8S_-gP1S0,The Legends | Music Club,"plac Szczepański 3, Kraków",50.06350209999999,19.9348632,1,stop_191_7729,,Teatr Bagatela,50.063806,19.933366,112,,
ChIJxziN8g5bFkcRki8S_-gP1S0,The Legends | Music Club,"plac Szczepański 3, Kraków",50.06350209999999,19.9348632,2,stop_191_7719,,Teatr Bagatela,50.0631,19.932648,164,,
ChIJxziN8g5bFkcRki8S_-gP1S0,The Legends | Music Club,"plac Szczepański 3, Kraków",50.06350209999999,19.9348632,3,stop_191_7739,,Teatr Bagatela,50.063755,19.932586,165,,
ChIJxziN8g5bFkcRki8S_-gP1S0,The Legends | Music Club,"plac Szczepański 3, Kraków",50.06350209999999,19.9348632,4,stop_568_303229,833-02,Stary Kleparz,50.066234,19.938562,402,,
ChIJxziN8g5bFkcRki8S_-gP1S0,The Legends | Music Club,"plac Szczepański 3, Kraków",50.06350209999999,19.9348632,5,stop_568_303239,833-03,Stary Kleparz,50.06666,19.93895,457,,
ChIJeUUM1Q1bFkcR5vJHazw_jlI,The Little Havana Party Hostel,"Jagiellońska 10, Kraków",50.06201429999999,19.93462,1,stop_191_7719,,Teatr Bagatela,50.0631,19.932648,185,,
ChIJeUUM1Q1bFkcR5vJHazw_jlI,The Little Havana Party Hostel,"Jagiellońska 10, Kraków",50.06201429999999,19.93462,2,stop_191_7729,,Teatr Bagatela,50.063806,19.933366,218,,
ChIJeUUM1Q1bFkcR5vJHazw_jlI,The Little Havana Party Hostel,"Jagiellońska 10, Kraków",50.06201429999999,19.93462,3,stop_191_7739,,Teatr Bagatela,50.063755,19.932586,242,,
ChIJeUUM1Q1bFkcR5vJHazw_jlI,The Little Havana Party Hostel,"Jagiellońska 10, Kraków",50.06201429999999,19.93462,4,stop_219_32239,822-03,Filharmonia,50.05917,19.9331,334,,
ChIJeUUM1Q1bFkcR5vJHazw_jlI,The Little Havana Party Hostel,"Jagiellońska 10, Kraków",50.06201429999999,19.93462,5,stop_219_32219,822-01,Filharmonia,50.05903,19.93387,336,,
ChIJy_Vh_LNbFkcRZc0gqWH4Mus,The Locals Kazimierz,"Św. Wawrzyńca 16, Kraków",50.0503255,19.9479444,1,stop_1103_347129,816-02,św. Wawrzyńca,50.051415,19.950829,239,,
ChIJy_Vh_LNbFkcRZc0gqWH4Mus,The Locals Kazimierz,"Św. Wawrzyńca 16, Kraków",50.0503255,19.9479444,2,stop_1103_347119,816-01,św. Wawrzyńca,50.051131,19.951064,240,,
ChIJy_Vh_LNbFkcRZc0gqWH4Mus,The Locals Kazimierz,"Św. Wawrzyńca 16, Kraków",50.0503255,19.9479444,3,stop_227_36229,815-02,Miodowa,50.05321,19.9489,328,,
ChIJy_Vh_LNbFkcRZc0gqWH4Mus,The Locals Kazimierz,"Św. Wawrzyńca 16, Kraków",50.0503255,19.9479444,4,stop_227_36219,815-01,Miodowa,50.053886,19.948108,396,,
ChIJy_Vh_LNbFkcRZc0gqWH4Mus,The Locals Kazimierz,"Św. Wawrzyńca 16, Kraków",50.0503255,19.9479444,5,stop_224_35949,819-04,Stradom,50.050842,19.942415,399,,
ChIJcxWyqYdbFkcRknd2oavPaAI,The Moon Lounge Bar & Shisha Kraków,"Berka Joselewicza 21B, Kraków",50.054997,19.948214,1,stop_227_36219,815-01,Miodowa,50.053886,19.948108,124,,
ChIJcxWyqYdbFkcRknd2oavPaAI,The Moon Lounge Bar & Shisha Kraków,"Berka Joselewicza 21B, Kraków",50.054997,19.948214,2,stop_227_36229,815-02,Miodowa,50.05321,19.9489,205,,
ChIJcxWyqYdbFkcRknd2oavPaAI,The Moon Lounge Bar & Shisha Kraków,"Berka Joselewicza 21B, Kraków",50.054997,19.948214,3,stop_223_35839,807-03,Starowiślna,50.057227,19.946086,291,,
ChIJcxWyqYdbFkcRknd2oavPaAI,The Moon Lounge Bar & Shisha Kraków,"Berka Joselewicza 21B, Kraków",50.054997,19.948214,4,stop_223_35849,807-04,Starowiślna,50.057262,19.946032,296,,
ChIJcxWyqYdbFkcRknd2oavPaAI,The Moon Lounge Bar & Shisha Kraków,"Berka Joselewicza 21B, Kraków",50.054997,19.948214,5,stop_223_35829,807-02,Starowiślna,50.05689,19.945029,310,,
ChIJzyvgHT5FFkcR0X587v1m9OA,The North Diner,"Osiedle Teatralne 11, Kraków",50.07799439999999,20.030928,1,stop_250_41819,136-01,Os. Zgody,50.076921,20.030839,120,,
ChIJzyvgHT5FFkcR0X587v1m9OA,The North Diner,"Osiedle Teatralne 11, Kraków",50.07799439999999,20.030928,2,stop_250_41829,136-02,Os. Zgody,50.076456,20.031524,176,,
ChIJzyvgHT5FFkcR0X587v1m9OA,The North Diner,"Osiedle Teatralne 11, Kraków",50.07799439999999,20.030928,3,stop_354_274549,118-04,Rondo Kocmyrzowskie im. Ks. Gorzelanego,50.079056,20.02806,236,,
ChIJzyvgHT5FFkcR0X587v1m9OA,The North Diner,"Osiedle Teatralne 11, Kraków",50.07799439999999,20.030928,4,stop_354_274539,118-03,Rondo Kocmyrzowskie im. Ks. Gorzelanego,50.080062,20.028408,292,,
ChIJzyvgHT5FFkcR0X587v1m9OA,The North Diner,"Osiedle Teatralne 11, Kraków",50.07799439999999,20.030928,5,stop_354_274529,118-02,Rondo Kocmyrzowskie im. Ks. Gorzelanego,50.07905,20.026486,338,,
ChIJxctwh89bFkcRFPmDrqKXlvY,The Secret – Bar & Gentlemen's Strip Club in Krakow,"Floriańska 18, Kraków",50.06322900000001,19.9398759,1,stop_568_303219,833-01,Stary Kleparz,50.066314,19.939721,343,,
ChIJxctwh89bFkcRFPmDrqKXlvY,The Secret – Bar & Gentlemen's Strip Club in Krakow,"Floriańska 18, Kraków",50.06322900000001,19.9398759,2,stop_568_303229,833-02,Stary Kleparz,50.066234,19.938562,347,,
ChIJxctwh89bFkcRFPmDrqKXlvY,The Secret – Bar & Gentlemen's Strip Club in Krakow,"Floriańska 18, Kraków",50.06322900000001,19.9398759,3,stop_852_324229,801-02,Teatr Słowackiego,50.064792,19.944409,367,,
ChIJxctwh89bFkcRFPmDrqKXlvY,The Secret – Bar & Gentlemen's Strip Club in Krakow,"Floriańska 18, Kraków",50.06322900000001,19.9398759,4,stop_852_324239,801-03,Teatr Słowackiego,50.064192,19.94499,380,,
ChIJxctwh89bFkcRFPmDrqKXlvY,The Secret – Bar & Gentlemen's Strip Club in Krakow,"Floriańska 18, Kraków",50.06322900000001,19.9398759,5,stop_568_303239,833-03,Stary Kleparz,50.06666,19.93895,387,,
ChIJD1fF9Q1bFkcR4rlCbGHybJY,The Spaghetti,"Rynek Główny 17, Kraków",50.06049499999999,19.93719089999999,1,stop_325_136029,821-02,Plac Wszystkich Świętych,50.059113,19.937497,155,,
ChIJD1fF9Q1bFkcR4rlCbGHybJY,The Spaghetti,"Rynek Główny 17, Kraków",50.06049499999999,19.93719089999999,2,stop_325_136019,821-01,Plac Wszystkich Świętych,50.05912,19.93824,170,,
ChIJD1fF9Q1bFkcR4rlCbGHybJY,The Spaghetti,"Rynek Główny 17, Kraków",50.06049499999999,19.93719089999999,3,stop_219_32219,822-01,Filharmonia,50.05903,19.93387,288,,
ChIJD1fF9Q1bFkcR4rlCbGHybJY,The Spaghetti,"Rynek Główny 17, Kraków",50.06049499999999,19.93719089999999,4,stop_219_32239,822-03,Filharmonia,50.05917,19.9331,327,,
ChIJD1fF9Q1bFkcR4rlCbGHybJY,The Spaghetti,"Rynek Główny 17, Kraków",50.06049499999999,19.93719089999999,5,stop_1102_347019,817-01,św. Gertrudy,50.058627,19.940988,341,,
ChIJhb8zSQ9bFkcRAMXilk-hkz4,The Stage | Music - Billiard - Food,"Łobzowska 3, Kraków",50.0663899,19.9344411,1,stop_568_303229,833-02,Stary Kleparz,50.066234,19.938562,295,,
ChIJhb8zSQ9bFkcRAMXilk-hkz4,The Stage | Music - Billiard - Food,"Łobzowska 3, Kraków",50.0663899,19.9344411,2,stop_191_7729,,Teatr Bagatela,50.063806,19.933366,297,,
ChIJhb8zSQ9bFkcRAMXilk-hkz4,The Stage | Music - Billiard - Food,"Łobzowska 3, Kraków",50.0663899,19.9344411,3,stop_191_7739,,Teatr Bagatela,50.063755,19.932586,322,,
ChIJhb8zSQ9bFkcRAMXilk-hkz4,The Stage | Music - Billiard - Food,"Łobzowska 3, Kraków",50.0663899,19.9344411,4,stop_568_303239,833-03,Stary Kleparz,50.06666,19.93895,323,,
ChIJhb8zSQ9bFkcRAMXilk-hkz4,The Stage | Music - Billiard - Food,"Łobzowska 3, Kraków",50.0663899,19.9344411,5,stop_4_8,,Stefana Batorego,50.066586,19.929432,358,,
ChIJfQo_Lb5bFkcRaQkLeeIqSOM,The Trust,"Węgłowa 3, Kraków",50.0487989,19.9423289,1,stop_225_36029,820-02,Plac Wolnica,50.048114,19.943448,110,,
ChIJfQo_Lb5bFkcRaQkLeeIqSOM,The Trust,"Węgłowa 3, Kraków",50.0487989,19.9423289,2,stop_225_36019,820-01,Plac Wolnica,50.048028,19.943426,116,,
ChIJfQo_Lb5bFkcRaQkLeeIqSOM,The Trust,"Węgłowa 3, Kraków",50.0487989,19.9423289,3,stop_224_35949,819-04,Stradom,50.050842,19.942415,227,,
ChIJfQo_Lb5bFkcRaQkLeeIqSOM,The Trust,"Węgłowa 3, Kraków",50.0487989,19.9423289,4,stop_224_35919,819-01,Stradom,50.05148,19.941337,306,,
ChIJfQo_Lb5bFkcRaQkLeeIqSOM,The Trust,"Węgłowa 3, Kraków",50.0487989,19.9423289,5,stop_226_36119,872-01,Orzeszkowej,50.050631,19.938671,331,,
ChIJ7_9XZsBbFkcR9lddVvrse54,Tociekawa Specialty Coffee,"Długa 37, Kraków",50.0700257,19.9373066,1,stop_188_7219,834-01,Pędzichów,50.069678,19.937536,42,,
ChIJ7_9XZsBbFkcR9lddVvrse54,Tociekawa Specialty Coffee,"Długa 37, Kraków",50.0700257,19.9373066,2,stop_188_7229,834-02,Pędzichów,50.069646,19.937499,44,,
ChIJ7_9XZsBbFkcR9lddVvrse54,Tociekawa Specialty Coffee,"Długa 37, Kraków",50.0700257,19.9373066,3,stop_187_7119,835-01,Nowy Kleparz,50.07349,19.93663,388,,
ChIJ7_9XZsBbFkcR9lddVvrse54,Tociekawa Specialty Coffee,"Długa 37, Kraków",50.0700257,19.9373066,4,stop_187_7129,835-02,Nowy Kleparz,50.073508,19.936452,392,,
ChIJ7_9XZsBbFkcR9lddVvrse54,Tociekawa Specialty Coffee,"Długa 37, Kraków",50.0700257,19.9373066,5,stop_568_303239,833-03,Stary Kleparz,50.06666,19.93895,392,,
ChIJS7RNvRFbFkcR0vZIlckMgfM,Tom Yum,"Józefa Wybickiego 5A, Kraków",50.0836627,19.9274873,1,stop_183_6129,383-02,Bratysławska,50.084645,19.933583,448,,
ChIJS7RNvRFbFkcR0vZIlckMgfM,Tom Yum,"Józefa Wybickiego 5A, Kraków",50.0836627,19.9274873,2,stop_183_6119,383-01,Bratysławska,50.08373,19.93416,476,,
ChIJS7RNvRFbFkcR0vZIlckMgfM,Tom Yum,"Józefa Wybickiego 5A, Kraków",50.0836627,19.9274873,3,stop_1486_372429,410-02,Krowodrza Górka P+R,50.088752,19.93274,679,,
ChIJS7RNvRFbFkcR0vZIlckMgfM,Tom Yum,"Józefa Wybickiego 5A, Kraków",50.0836627,19.9274873,4,stop_1486_372419,410-01,Krowodrza Górka P+R,50.088958,19.932816,701,,
ChIJS7RNvRFbFkcR0vZIlckMgfM,Tom Yum,"Józefa Wybickiego 5A, Kraków",50.0836627,19.9274873,5,stop_1486_372439,410-03,Krowodrza Górka P+R,50.089389,19.93163,702,,
ChIJAZfj7bdbFkcRhlRqMRPXkBI,Tradycyjna Pijalnia Soków,"Młodej Polski 24, Kraków",50.07470960000001,19.9013291,1,stop_198_8919,,Bronowice,50.077246,19.901982,286,,
ChIJAZfj7bdbFkcRhlRqMRPXkBI,Tradycyjna Pijalnia Soków,"Młodej Polski 24, Kraków",50.07470960000001,19.9013291,2,stop_198_8929,,Bronowice,50.077751,19.900684,341,,
ChIJAZfj7bdbFkcRhlRqMRPXkBI,Tradycyjna Pijalnia Soków,"Młodej Polski 24, Kraków",50.07470960000001,19.9013291,3,stop_319_104929,,Głowackiego,50.075882,19.905845,348,,
ChIJAZfj7bdbFkcRhlRqMRPXkBI,Tradycyjna Pijalnia Soków,"Młodej Polski 24, Kraków",50.07470960000001,19.9013291,4,stop_198_8939,,Bronowice,50.077834,19.900593,351,,
ChIJAZfj7bdbFkcRhlRqMRPXkBI,Tradycyjna Pijalnia Soków,"Młodej Polski 24, Kraków",50.07470960000001,19.9013291,5,stop_319_104919,,Głowackiego,50.07536,19.9068,397,,
ChIJcy9SimZbFkcRqtsFaOQuURU,TramBar,"Dajwór 20, Kraków",50.0505653,19.9497436,1,stop_1103_347119,816-01,św. Wawrzyńca,50.051131,19.951064,113,,
ChIJcy9SimZbFkcRqtsFaOQuURU,TramBar,"Dajwór 20, Kraków",50.0505653,19.9497436,2,stop_1103_347129,816-02,św. Wawrzyńca,50.051415,19.950829,122,,
ChIJcy9SimZbFkcRqtsFaOQuURU,TramBar,"Dajwór 20, Kraków",50.0505653,19.9497436,3,stop_227_36229,815-02,Miodowa,50.05321,19.9489,300,,
ChIJcy9SimZbFkcRqtsFaOQuURU,TramBar,"Dajwór 20, Kraków",50.0505653,19.9497436,4,stop_227_36219,815-01,Miodowa,50.053886,19.948108,387,,
ChIJcy9SimZbFkcRqtsFaOQuURU,TramBar,"Dajwór 20, Kraków",50.0505653,19.9497436,5,stop_224_35949,819-04,Stradom,50.050842,19.942415,524,,
ChIJEx2GNAlbFkcRaj01hKr262Q,Trattoria Mamma Mia,"Karmelicka 14, Kraków",50.06426940000001,19.9318306,1,stop_191_7739,,Teatr Bagatela,50.063755,19.932586,79,,
ChIJEx2GNAlbFkcRaj01hKr262Q,Trattoria Mamma Mia,"Karmelicka 14, Kraków",50.06426940000001,19.9318306,2,stop_191_7729,,Teatr Bagatela,50.063806,19.933366,121,,
ChIJEx2GNAlbFkcRaj01hKr262Q,Trattoria Mamma Mia,"Karmelicka 14, Kraków",50.06426940000001,19.9318306,3,stop_191_7719,,Teatr Bagatela,50.0631,19.932648,143,,
ChIJEx2GNAlbFkcRaj01hKr262Q,Trattoria Mamma Mia,"Karmelicka 14, Kraków",50.06426940000001,19.9318306,4,stop_4_8,,Stefana Batorego,50.066586,19.929432,309,,
ChIJEx2GNAlbFkcRaj01hKr262Q,Trattoria Mamma Mia,"Karmelicka 14, Kraków",50.06426940000001,19.9318306,5,stop_4_9,,Stefana Batorego,50.067023,19.928837,373,,
ChIJb6pxEwBbFkcRaG9iia60j_s,Trattoria dal Toscano,"Grodzka 32, Kraków",50.05857069999999,19.9381087,1,stop_325_136019,821-01,Plac Wszystkich Świętych,50.05912,19.93824,62,,
ChIJb6pxEwBbFkcRaG9iia60j_s,Trattoria dal Toscano,"Grodzka 32, Kraków",50.05857069999999,19.9381087,2,stop_325_136029,821-02,Plac Wszystkich Świętych,50.059113,19.937497,74,,
ChIJb6pxEwBbFkcRaG9iia60j_s,Trattoria dal Toscano,"Grodzka 32, Kraków",50.05857069999999,19.9381087,3,stop_1102_347029,817-02,św. Gertrudy,50.058486,19.940838,195,,
ChIJb6pxEwBbFkcRaG9iia60j_s,Trattoria dal Toscano,"Grodzka 32, Kraków",50.05857069999999,19.9381087,4,stop_1102_347019,817-01,św. Gertrudy,50.058627,19.940988,206,,
ChIJb6pxEwBbFkcRaG9iia60j_s,Trattoria dal Toscano,"Grodzka 32, Kraków",50.05857069999999,19.9381087,5,stop_222_35739,806-03,Poczta Główna,50.059339,19.941821,278,,
ChIJLab3iqZbFkcRCqtxJ8whOcs,Trelkovsky Cafe,"Czarnowiejska 55, Kraków",50.0674038,19.9199318,1,stop_193_7929,,Plac Inwalidów,50.069585,19.925897,490,,
ChIJLab3iqZbFkcRCqtxJ8whOcs,Trelkovsky Cafe,"Czarnowiejska 55, Kraków",50.0674038,19.9199318,2,stop_194_8319,,Urzędnicza,50.071879,19.919754,498,,
ChIJLab3iqZbFkcRCqtxJ8whOcs,Trelkovsky Cafe,"Czarnowiejska 55, Kraków",50.0674038,19.9199318,3,stop_194_8329,,Urzędnicza,50.071957,19.91925,509,,
ChIJLab3iqZbFkcRCqtxJ8whOcs,Trelkovsky Cafe,"Czarnowiejska 55, Kraków",50.0674038,19.9199318,4,stop_193_7919,,Plac Inwalidów,50.068728,19.926981,524,,
ChIJLab3iqZbFkcRCqtxJ8whOcs,Trelkovsky Cafe,"Czarnowiejska 55, Kraków",50.0674038,19.9199318,5,stop_4_9,,Stefana Batorego,50.067023,19.928837,637,,
ChIJ4Tm53eRbFkcRzLrkVQbFTWM,Tutti Italian Vibe Restaurant,"Podgórska 34, Kraków",50.0532467,19.9550978,1,stop_1103_347129,816-02,św. Wawrzyńca,50.051415,19.950829,367,,
ChIJ4Tm53eRbFkcRzLrkVQbFTWM,Tutti Italian Vibe Restaurant,"Podgórska 34, Kraków",50.0532467,19.9550978,2,stop_1103_347119,816-01,św. Wawrzyńca,50.051131,19.951064,372,,
ChIJ4Tm53eRbFkcRzLrkVQbFTWM,Tutti Italian Vibe Restaurant,"Podgórska 34, Kraków",50.0532467,19.9550978,3,stop_227_36229,815-02,Miodowa,50.05321,19.9489,443,,
ChIJ4Tm53eRbFkcRzLrkVQbFTWM,Tutti Italian Vibe Restaurant,"Podgórska 34, Kraków",50.0532467,19.9550978,4,stop_230_36549,809-04,Rondo Grzegórzeckie,50.056894,19.958941,490,,
ChIJ4Tm53eRbFkcRzLrkVQbFTWM,Tutti Italian Vibe Restaurant,"Podgórska 34, Kraków",50.0532467,19.9550978,5,stop_227_36219,815-01,Miodowa,50.053886,19.948108,504,,
ChIJgYGoBQhbFkcR69vk-MU5oM0,Tyskie Pub,"Karmelicka 51, Kraków",50.06829159999999,19.9276302,1,stop_193_7919,,Plac Inwalidów,50.068728,19.926981,67,,
ChIJgYGoBQhbFkcR69vk-MU5oM0,Tyskie Pub,"Karmelicka 51, Kraków",50.06829159999999,19.9276302,2,stop_4_9,,Stefana Batorego,50.067023,19.928837,165,,
ChIJgYGoBQhbFkcR69vk-MU5oM0,Tyskie Pub,"Karmelicka 51, Kraków",50.06829159999999,19.9276302,3,stop_193_7929,,Plac Inwalidów,50.069585,19.925897,190,,
ChIJgYGoBQhbFkcR69vk-MU5oM0,Tyskie Pub,"Karmelicka 51, Kraków",50.06829159999999,19.9276302,4,stop_4_8,,Stefana Batorego,50.066586,19.929432,229,,
ChIJgYGoBQhbFkcR69vk-MU5oM0,Tyskie Pub,"Karmelicka 51, Kraków",50.06829159999999,19.9276302,5,stop_191_7739,,Teatr Bagatela,50.063755,19.932586,616,,
ChIJg06CyyJbFkcRiMHuplKJPqo,U Edka - Zapiekanki w stylu PRL,"Mostowa 4, Kraków",50.0481711,19.9457747,1,stop_225_36029,820-02,Plac Wolnica,50.048114,19.943448,166,,
ChIJg06CyyJbFkcRiMHuplKJPqo,U Edka - Zapiekanki w stylu PRL,"Mostowa 4, Kraków",50.0481711,19.9457747,2,stop_225_36019,820-01,Plac Wolnica,50.048028,19.943426,168,,
ChIJg06CyyJbFkcRiMHuplKJPqo,U Edka - Zapiekanki w stylu PRL,"Mostowa 4, Kraków",50.0481711,19.9457747,3,stop_224_35949,819-04,Stradom,50.050842,19.942415,382,,
ChIJg06CyyJbFkcRiMHuplKJPqo,U Edka - Zapiekanki w stylu PRL,"Mostowa 4, Kraków",50.0481711,19.9457747,4,stop_279_57139,556-03,Korona,50.044032,19.94678,466,,
ChIJg06CyyJbFkcRiMHuplKJPqo,U Edka - Zapiekanki w stylu PRL,"Mostowa 4, Kraków",50.0481711,19.9457747,5,stop_279_57129,556-02,Korona,50.044052,19.947497,474,,
ChIJEbQmNe1bFkcR6E0tXz_URX4,ULTRA PPP,"Gromadzka 46/A, Kraków",50.0396543,19.9787164,1,stop_275_56019,671-01,Gromadzka,50.040604,19.978133,114,,
ChIJEbQmNe1bFkcR6E0tXz_URX4,ULTRA PPP,"Gromadzka 46/A, Kraków",50.0396543,19.9787164,2,stop_275_56029,671-02,Gromadzka,50.040668,19.978132,120,,
ChIJEbQmNe1bFkcR6E0tXz_URX4,ULTRA PPP,"Gromadzka 46/A, Kraków",50.0396543,19.9787164,3,stop_276_56129,674-02,Lipska,50.040688,19.981676,241,,
ChIJEbQmNe1bFkcR6E0tXz_URX4,ULTRA PPP,"Gromadzka 46/A, Kraków",50.0396543,19.9787164,4,stop_276_56139,674-03,Lipska,50.039687,19.982994,306,,
ChIJEbQmNe1bFkcR6E0tXz_URX4,ULTRA PPP,"Gromadzka 46/A, Kraków",50.0396543,19.9787164,5,stop_276_56119,674-01,Lipska,50.040641,19.98442,422,,
ChIJHVgxPMFbFkcRUjNKcvXL2Gk,UNIVERSE - Klub Komputerowy - Shisha Bar - Cyber Club,"Karmelicka 47, Kraków",50.06816279999999,19.9279203,1,stop_193_7919,,Plac Inwalidów,50.068728,19.926981,92,,
ChIJHVgxPMFbFkcRUjNKcvXL2Gk,UNIVERSE - Klub Komputerowy - Shisha Bar - Cyber Club,"Karmelicka 47, Kraków",50.06816279999999,19.9279203,2,stop_4_9,,Stefana Batorego,50.067023,19.928837,143,,
ChIJHVgxPMFbFkcRUjNKcvXL2Gk,UNIVERSE - Klub Komputerowy - Shisha Bar - Cyber Club,"Karmelicka 47, Kraków",50.06816279999999,19.9279203,3,stop_4_8,,Stefana Batorego,50.066586,19.929432,206,,
ChIJHVgxPMFbFkcRUjNKcvXL2Gk,UNIVERSE - Klub Komputerowy - Shisha Bar - Cyber Club,"Karmelicka 47, Kraków",50.06816279999999,19.9279203,4,stop_193_7929,,Plac Inwalidów,50.069585,19.925897,214,,
ChIJHVgxPMFbFkcRUjNKcvXL2Gk,UNIVERSE - Klub Komputerowy - Shisha Bar - Cyber Club,"Karmelicka 47, Kraków",50.06816279999999,19.9279203,5,stop_191_7739,,Teatr Bagatela,50.063755,19.932586,593,,
ChIJtx92LUBbFkcRFEfNyoUQUxE,Ulica Krokodyli Pub & Cafe,"Szeroka 30, Kraków",50.051921,19.9480969,1,stop_227_36229,815-02,Miodowa,50.05321,19.9489,154,,
ChIJtx92LUBbFkcRFEfNyoUQUxE,Ulica Krokodyli Pub & Cafe,"Szeroka 30, Kraków",50.051921,19.9480969,2,stop_1103_347129,816-02,św. Wawrzyńca,50.051415,19.950829,203,,
ChIJtx92LUBbFkcRFEfNyoUQUxE,Ulica Krokodyli Pub & Cafe,"Szeroka 30, Kraków",50.051921,19.9480969,3,stop_227_36219,815-01,Miodowa,50.053886,19.948108,218,,
ChIJtx92LUBbFkcRFEfNyoUQUxE,Ulica Krokodyli Pub & Cafe,"Szeroka 30, Kraków",50.051921,19.9480969,4,stop_1103_347119,816-01,św. Wawrzyńca,50.051131,19.951064,229,,
ChIJtx92LUBbFkcRFEfNyoUQUxE,Ulica Krokodyli Pub & Cafe,"Szeroka 30, Kraków",50.051921,19.9480969,5,stop_224_35949,819-04,Stradom,50.050842,19.942415,423,,
ChIJr8TDptBbFkcRfr9LAoJbLdE,Urban Food,"Jana Dekerta 21, Kraków",50.04657379999999,19.9668645,1,stop_316_94619,294-01,Klimeckiego,50.048976,19.967573,272,,
ChIJr8TDptBbFkcRfr9LAoJbLdE,Urban Food,"Jana Dekerta 21, Kraków",50.04657379999999,19.9668645,2,stop_316_94629,294-02,Klimeckiego,50.049016,19.967621,277,,
ChIJr8TDptBbFkcRfr9LAoJbLdE,Urban Food,"Jana Dekerta 21, Kraków",50.04657379999999,19.9668645,3,stop_321_115419,619-01,Zabłocie,50.0497,19.965148,369,,
ChIJr8TDptBbFkcRfr9LAoJbLdE,Urban Food,"Jana Dekerta 21, Kraków",50.04657379999999,19.9668645,4,stop_321_115429,619-02,Zabłocie,50.049951,19.964216,420,,
ChIJr8TDptBbFkcRfr9LAoJbLdE,Urban Food,"Jana Dekerta 21, Kraków",50.04657379999999,19.9668645,5,stop_277_56719,670-01,Kuklińskiego,50.044529,19.973549,529,,
ChIJW_EJ3stbFkcRYFUTiaK7dEA,Utopia Bar,"Fabryczna 13, Kraków",50.0625217,19.9734316,1,stop_232_36829,812-02,Fabryczna,50.060251,19.971272,296,,
ChIJW_EJ3stbFkcRYFUTiaK7dEA,Utopia Bar,"Fabryczna 13, Kraków",50.0625217,19.9734316,2,stop_232_36819,812-01,Fabryczna,50.060437,19.970172,328,,
ChIJW_EJ3stbFkcRYFUTiaK7dEA,Utopia Bar,"Fabryczna 13, Kraków",50.0625217,19.9734316,3,stop_233_36929,813-02,Ofiar Dąbia,50.059629,19.976271,380,,
ChIJW_EJ3stbFkcRYFUTiaK7dEA,Utopia Bar,"Fabryczna 13, Kraków",50.0625217,19.9734316,4,stop_233_36919,813-01,Ofiar Dąbia,50.05959,19.976363,387,,
ChIJW_EJ3stbFkcRYFUTiaK7dEA,Utopia Bar,"Fabryczna 13, Kraków",50.0625217,19.9734316,5,stop_234_37029,814-02,Dąbie,50.060709,19.979012,446,,
ChIJiyeS3KBbFkcRJt-RCi9WdC0,Van Groch vegan bistro,"Kalwaryjska 34/U2, Kraków",50.0425037,19.9432983,1,stop_280_57229,557-02,Smolki,50.041629,19.943262,97,,
ChIJiyeS3KBbFkcRJt-RCi9WdC0,Van Groch vegan bistro,"Kalwaryjska 34/U2, Kraków",50.0425037,19.9432983,2,stop_280_57219,557-01,Smolki,50.041496,19.943119,113,,
ChIJiyeS3KBbFkcRJt-RCi9WdC0,Van Groch vegan bistro,"Kalwaryjska 34/U2, Kraków",50.0425037,19.9432983,3,stop_279_57119,556-01,Korona,50.043604,19.946683,271,,
ChIJiyeS3KBbFkcRJt-RCi9WdC0,Van Groch vegan bistro,"Kalwaryjska 34/U2, Kraków",50.0425037,19.9432983,4,stop_279_57139,556-03,Korona,50.044032,19.94678,301,,
ChIJiyeS3KBbFkcRJt-RCi9WdC0,Van Groch vegan bistro,"Kalwaryjska 34/U2, Kraków",50.0425037,19.9432983,5,stop_279_57129,556-02,Korona,50.044052,19.947497,346,,
ChIJx89lXAhFFkcRiHTjAOSylGU,Viale Verde Ristorante,"Aleja Pokoju 81, Kraków",50.0675007,20.0078503,1,stop_575_304129,115-02,Rondo 308. Dywizjonu,50.067398,20.005374,177,,
ChIJx89lXAhFFkcRiHTjAOSylGU,Viale Verde Ristorante,"Aleja Pokoju 81, Kraków",50.0675007,20.0078503,2,stop_575_304119,115-01,Rondo 308. Dywizjonu,50.067352,20.005379,177,,
ChIJx89lXAhFFkcRiHTjAOSylGU,Viale Verde Ristorante,"Aleja Pokoju 81, Kraków",50.0675007,20.0078503,3,stop_6_12,116-01,Gałczyńskiego,50.0692,20.012191,363,,
ChIJx89lXAhFFkcRiHTjAOSylGU,Viale Verde Ristorante,"Aleja Pokoju 81, Kraków",50.0675007,20.0078503,4,stop_6_13,116-02,Gałczyńskiego,50.069417,20.012742,409,,
ChIJx89lXAhFFkcRiHTjAOSylGU,Viale Verde Ristorante,"Aleja Pokoju 81, Kraków",50.0675007,20.0078503,5,stop_245_40719,102-01,Czyżyny,50.07399,20.011459,766,,
ChIJeQPGiGBbFkcRnPYtfP7dAsE,Vietnam,"Kazimierza Brodzińskiego 2, Kraków",50.0449455,19.9485129,1,stop_279_57129,556-02,Korona,50.044052,19.947497,123,,
ChIJeQPGiGBbFkcRnPYtfP7dAsE,Vietnam,"Kazimierza Brodzińskiego 2, Kraków",50.0449455,19.9485129,2,stop_279_57139,556-03,Korona,50.044032,19.94678,160,,
ChIJeQPGiGBbFkcRnPYtfP7dAsE,Vietnam,"Kazimierza Brodzińskiego 2, Kraków",50.0449455,19.9485129,3,stop_279_57119,556-01,Korona,50.043604,19.946683,198,,
ChIJeQPGiGBbFkcRnPYtfP7dAsE,Vietnam,"Kazimierza Brodzińskiego 2, Kraków",50.0449455,19.9485129,4,stop_338_56919,641-01,Limanowskiego,50.045136,19.954882,455,,
ChIJeQPGiGBbFkcRnPYtfP7dAsE,Vietnam,"Kazimierza Brodzińskiego 2, Kraków",50.0449455,19.9485129,5,stop_225_36019,820-01,Plac Wolnica,50.048028,19.943426,499,,
ChIJXU1-4hFbFkcRcSY_jBMfbg8,Virtuoso,"Rynek Główny 44, Kraków",50.0624018,19.9385228,1,stop_325_136019,821-01,Plac Wszystkich Świętych,50.05912,19.93824,365,,
ChIJXU1-4hFbFkcRcSY_jBMfbg8,Virtuoso,"Rynek Główny 44, Kraków",50.0624018,19.9385228,2,stop_325_136029,821-02,Plac Wszystkich Świętych,50.059113,19.937497,373,,
ChIJXU1-4hFbFkcRcSY_jBMfbg8,Virtuoso,"Rynek Główny 44, Kraków",50.0624018,19.9385228,3,stop_191_7729,,Teatr Bagatela,50.063806,19.933366,400,,
ChIJXU1-4hFbFkcRcSY_jBMfbg8,Virtuoso,"Rynek Główny 44, Kraków",50.0624018,19.9385228,4,stop_222_35719,806-01,Poczta Główna,50.059797,19.942404,401,,
ChIJXU1-4hFbFkcRcSY_jBMfbg8,Virtuoso,"Rynek Główny 44, Kraków",50.0624018,19.9385228,5,stop_222_35739,806-03,Poczta Główna,50.059339,19.941821,414,,
ChIJ8ykV3w1bFkcRcbmigKunZ8k,Vis a Vis. Drink-bar,"Rynek Główny 29, Kraków",50.0618308,19.9358326,1,stop_191_7719,,Teatr Bagatela,50.0631,19.932648,268,,
ChIJ8ykV3w1bFkcRcbmigKunZ8k,Vis a Vis. Drink-bar,"Rynek Główny 29, Kraków",50.0618308,19.9358326,2,stop_191_7729,,Teatr Bagatela,50.063806,19.933366,281,,
ChIJ8ykV3w1bFkcRcbmigKunZ8k,Vis a Vis. Drink-bar,"Rynek Główny 29, Kraków",50.0618308,19.9358326,3,stop_191_7739,,Teatr Bagatela,50.063755,19.932586,315,,
ChIJ8ykV3w1bFkcRcbmigKunZ8k,Vis a Vis. Drink-bar,"Rynek Główny 29, Kraków",50.0618308,19.9358326,4,stop_325_136029,821-02,Plac Wszystkich Świętych,50.059113,19.937497,325,,
ChIJ8ykV3w1bFkcRcbmigKunZ8k,Vis a Vis. Drink-bar,"Rynek Główny 29, Kraków",50.0618308,19.9358326,5,stop_219_32219,822-01,Filharmonia,50.05903,19.93387,341,,
ChIJtdy-hOZbFkcRjUrk9zYJFxE,Vouge Bar,"pasaż Bielaka 31/043, Kraków",50.0604503,19.9390808,1,stop_325_136019,821-01,Plac Wszystkich Świętych,50.05912,19.93824,160,,
ChIJtdy-hOZbFkcRjUrk9zYJFxE,Vouge Bar,"pasaż Bielaka 31/043, Kraków",50.0604503,19.9390808,2,stop_325_136029,821-02,Plac Wszystkich Świętych,50.059113,19.937497,187,,
ChIJtdy-hOZbFkcRjUrk9zYJFxE,Vouge Bar,"pasaż Bielaka 31/043, Kraków",50.0604503,19.9390808,3,stop_222_35739,806-03,Poczta Główna,50.059339,19.941821,231,,
ChIJtdy-hOZbFkcRjUrk9zYJFxE,Vouge Bar,"pasaż Bielaka 31/043, Kraków",50.0604503,19.9390808,4,stop_1102_347019,817-01,św. Gertrudy,50.058627,19.940988,244,,
ChIJtdy-hOZbFkcRjUrk9zYJFxE,Vouge Bar,"pasaż Bielaka 31/043, Kraków",50.0604503,19.9390808,5,stop_222_35719,806-01,Poczta Główna,50.059797,19.942404,248,,
ChIJT5PiuCdbFkcR29E4iTQgQfo,Vpub,"Starowiślna 12, Kraków",50.0579103,19.9440374,1,stop_223_35819,807-01,Starowiślna,50.05731,19.94455,76,,
ChIJT5PiuCdbFkcR29E4iTQgQfo,Vpub,"Starowiślna 12, Kraków",50.0579103,19.9440374,2,stop_223_35829,807-02,Starowiślna,50.05689,19.945029,134,,
ChIJT5PiuCdbFkcR29E4iTQgQfo,Vpub,"Starowiślna 12, Kraków",50.0579103,19.9440374,3,stop_223_35849,807-04,Starowiślna,50.057262,19.946032,160,,
ChIJT5PiuCdbFkcR29E4iTQgQfo,Vpub,"Starowiślna 12, Kraków",50.0579103,19.9440374,4,stop_223_35839,807-03,Starowiślna,50.057227,19.946086,165,,
ChIJT5PiuCdbFkcR29E4iTQgQfo,Vpub,"Starowiślna 12, Kraków",50.0579103,19.9440374,5,stop_222_35729,806-02,Poczta Główna,50.059205,19.942571,178,,
ChIJ-0zQTw5bFkcRj5HIUaamG68,W Starej Kuchni Restaurant,"Świętego Tomasza 8, Kraków",50.0638616,19.9367491,1,stop_191_7729,,Teatr Bagatela,50.063806,19.933366,242,,
ChIJ-0zQTw5bFkcRj5HIUaamG68,W Starej Kuchni Restaurant,"Świętego Tomasza 8, Kraków",50.0638616,19.9367491,2,stop_568_303229,833-02,Stary Kleparz,50.066234,19.938562,294,,
ChIJ-0zQTw5bFkcRj5HIUaamG68,W Starej Kuchni Restaurant,"Świętego Tomasza 8, Kraków",50.0638616,19.9367491,3,stop_191_7739,,Teatr Bagatela,50.063755,19.932586,297,,
ChIJ-0zQTw5bFkcRj5HIUaamG68,W Starej Kuchni Restaurant,"Świętego Tomasza 8, Kraków",50.0638616,19.9367491,4,stop_191_7719,,Teatr Bagatela,50.0631,19.932648,305,,
ChIJ-0zQTw5bFkcRj5HIUaamG68,W Starej Kuchni Restaurant,"Świętego Tomasza 8, Kraków",50.0638616,19.9367491,5,stop_568_303219,833-01,Stary Kleparz,50.066314,19.939721,345,,
ChIJdwdtixpbFkcRF0zInHIm8Z8,WINA.PL & more ... (shop and winebar),"Pawia 5, Kraków",50.0667542,19.9455671,1,stop_335_260829,760-02,Dworzec Główny Zachód,50.067827,19.945408,120,,
ChIJdwdtixpbFkcRF0zInHIm8Z8,WINA.PL & more ... (shop and winebar),"Pawia 5, Kraków",50.0667542,19.9455671,2,stop_335_260819,760-01,Dworzec Główny Zachód,50.06783,19.945354,121,,
ChIJdwdtixpbFkcRF0zInHIm8Z8,WINA.PL & more ... (shop and winebar),"Pawia 5, Kraków",50.0667542,19.9455671,3,stop_852_324249,801-04,Teatr Słowackiego,50.065006,19.94518,196,,
ChIJdwdtixpbFkcRF0zInHIm8Z8,WINA.PL & more ... (shop and winebar),"Pawia 5, Kraków",50.0667542,19.9455671,4,stop_322_117319,901-01,Dworzec Główny Tunel,50.068199,19.947649,219,,
ChIJdwdtixpbFkcRF0zInHIm8Z8,WINA.PL & more ... (shop and winebar),"Pawia 5, Kraków",50.0667542,19.9455671,5,stop_322_117329,901-02,Dworzec Główny Tunel,50.068258,19.947641,223,,
ChIJESn4E6dbFkcRPCnOGi4_T_4,"WINE&more - Sklep z winami, Delikatnie włoskie, Degustacje Wina, Zestawy prezentowe","Samuela Bogumiła Lindego 1f, Kraków",50.0786964,19.8783745,1,stop_212_13519,,Bronowice Małe,50.08179,19.88192,427,,
ChIJESn4E6dbFkcRPCnOGi4_T_4,"WINE&more - Sklep z winami, Delikatnie włoskie, Degustacje Wina, Zestawy prezentowe","Samuela Bogumiła Lindego 1f, Kraków",50.0786964,19.8783745,2,stop_1058_345929,,Bronowice SKA,50.081524,19.888593,794,,
ChIJESn4E6dbFkcRPCnOGi4_T_4,"WINE&more - Sklep z winami, Delikatnie włoskie, Degustacje Wina, Zestawy prezentowe","Samuela Bogumiła Lindego 1f, Kraków",50.0786964,19.8783745,3,stop_1058_345919,,Bronowice SKA,50.081331,19.889698,859,,
ChIJESn4E6dbFkcRPCnOGi4_T_4,"WINE&more - Sklep z winami, Delikatnie włoskie, Degustacje Wina, Zestawy prezentowe","Samuela Bogumiła Lindego 1f, Kraków",50.0786964,19.8783745,4,stop_210_13329,,Wesele,50.079235,19.896704,1309,,
ChIJESn4E6dbFkcRPCnOGi4_T_4,"WINE&more - Sklep z winami, Delikatnie włoskie, Degustacje Wina, Zestawy prezentowe","Samuela Bogumiła Lindego 1f, Kraków",50.0786964,19.8783745,5,stop_210_13319,,Wesele,50.078856,19.897857,1390,,
ChIJS3r8DhJbFkcR0rZFBb0U8ts,Wesele,"Rynek Główny 10, Kraków",50.0605918,19.9380579,1,stop_325_136019,821-01,Plac Wszystkich Świętych,50.05912,19.93824,164,,
ChIJS3r8DhJbFkcR0rZFBb0U8ts,Wesele,"Rynek Główny 10, Kraków",50.0605918,19.9380579,2,stop_325_136029,821-02,Plac Wszystkich Świętych,50.059113,19.937497,169,,
ChIJS3r8DhJbFkcR0rZFBb0U8ts,Wesele,"Rynek Główny 10, Kraków",50.0605918,19.9380579,3,stop_1102_347019,817-01,św. Gertrudy,50.058627,19.940988,302,,
ChIJS3r8DhJbFkcR0rZFBb0U8ts,Wesele,"Rynek Główny 10, Kraków",50.0605918,19.9380579,4,stop_222_35739,806-03,Poczta Główna,50.059339,19.941821,303,,
ChIJS3r8DhJbFkcR0rZFBb0U8ts,Wesele,"Rynek Główny 10, Kraków",50.0605918,19.9380579,5,stop_1102_347029,817-02,św. Gertrudy,50.058486,19.940838,307,,
ChIJG4tNMgBFFkcR4EWC_d40mAY,Weźże Kebsa,"Kocmyrzowska 4, Kraków",50.0802621,20.02960599999999,1,stop_354_274539,118-03,Rondo Kocmyrzowskie im. Ks. Gorzelanego,50.080062,20.028408,88,,
ChIJG4tNMgBFFkcR4EWC_d40mAY,Weźże Kebsa,"Kocmyrzowska 4, Kraków",50.0802621,20.02960599999999,2,stop_354_274549,118-04,Rondo Kocmyrzowskie im. Ks. Gorzelanego,50.079056,20.02806,174,,
ChIJG4tNMgBFFkcR4EWC_d40mAY,Weźże Kebsa,"Kocmyrzowska 4, Kraków",50.0802621,20.02960599999999,3,stop_354_274519,118-01,Rondo Kocmyrzowskie im. Ks. Gorzelanego,50.080257,20.026561,217,,
ChIJG4tNMgBFFkcR4EWC_d40mAY,Weźże Kebsa,"Kocmyrzowska 4, Kraków",50.0802621,20.02960599999999,4,stop_252_42029,119-02,Teatr Ludowy,50.081863,20.032035,248,,
ChIJG4tNMgBFFkcR4EWC_d40mAY,Weźże Kebsa,"Kocmyrzowska 4, Kraków",50.0802621,20.02960599999999,5,stop_354_274529,118-02,Rondo Kocmyrzowskie im. Ks. Gorzelanego,50.07905,20.026486,260,,
ChIJhdZp6wlbFkcRr-oNiUXnUI4,Weźże Krafta,"Dajwór 16, Kraków",50.0510119,19.9498592,1,stop_1103_347129,816-02,św. Wawrzyńca,50.051415,19.950829,82,,
ChIJhdZp6wlbFkcRr-oNiUXnUI4,Weźże Krafta,"Dajwór 16, Kraków",50.0510119,19.9498592,2,stop_1103_347119,816-01,św. Wawrzyńca,50.051131,19.951064,87,,
ChIJhdZp6wlbFkcRr-oNiUXnUI4,Weźże Krafta,"Dajwór 16, Kraków",50.0510119,19.9498592,3,stop_227_36229,815-02,Miodowa,50.05321,19.9489,254,,
ChIJhdZp6wlbFkcRr-oNiUXnUI4,Weźże Krafta,"Dajwór 16, Kraków",50.0510119,19.9498592,4,stop_227_36219,815-01,Miodowa,50.053886,19.948108,343,,
ChIJhdZp6wlbFkcRr-oNiUXnUI4,Weźże Krafta,"Dajwór 16, Kraków",50.0510119,19.9498592,5,stop_224_35949,819-04,Stradom,50.050842,19.942415,532,,
ChIJk_s1cBJbFkcRHMPQ9RTV_5I,Wiejskie Jadło,"Grodzka 9, Kraków",50.05980760000001,19.9376468,1,stop_325_136029,821-02,Plac Wszystkich Świętych,50.059113,19.937497,78,,
ChIJk_s1cBJbFkcRHMPQ9RTV_5I,Wiejskie Jadło,"Grodzka 9, Kraków",50.05980760000001,19.9376468,2,stop_325_136019,821-01,Plac Wszystkich Świętych,50.05912,19.93824,87,,
ChIJk_s1cBJbFkcRHMPQ9RTV_5I,Wiejskie Jadło,"Grodzka 9, Kraków",50.05980760000001,19.9376468,3,stop_1102_347029,817-02,św. Gertrudy,50.058486,19.940838,271,,
ChIJk_s1cBJbFkcRHMPQ9RTV_5I,Wiejskie Jadło,"Grodzka 9, Kraków",50.05980760000001,19.9376468,4,stop_1102_347019,817-01,św. Gertrudy,50.058627,19.940988,272,,
ChIJk_s1cBJbFkcRHMPQ9RTV_5I,Wiejskie Jadło,"Grodzka 9, Kraków",50.05980760000001,19.9376468,5,stop_219_32219,822-01,Filharmonia,50.05903,19.93387,283,,
ChIJLz9MRlJbFkcRaMvKYMQJNCc,William Rabbit & Co - speakeasy bar,"Bożego Ciała 12 ½, Kraków",50.0515686,19.9435806,1,stop_224_35949,819-04,Stradom,50.050842,19.942415,116,,
ChIJLz9MRlJbFkcRaMvKYMQJNCc,William Rabbit & Co - speakeasy bar,"Bożego Ciała 12 ½, Kraków",50.0515686,19.9435806,2,stop_224_35939,819-03,Stradom,50.052258,19.942061,133,,
ChIJLz9MRlJbFkcRaMvKYMQJNCc,William Rabbit & Co - speakeasy bar,"Bożego Ciała 12 ½, Kraków",50.0515686,19.9435806,3,stop_224_35919,819-01,Stradom,50.05148,19.941337,160,,
ChIJLz9MRlJbFkcRaMvKYMQJNCc,William Rabbit & Co - speakeasy bar,"Bożego Ciała 12 ½, Kraków",50.0515686,19.9435806,4,stop_224_35929,819-02,Stradom,50.052086,19.941166,182,,
ChIJLz9MRlJbFkcRaMvKYMQJNCc,William Rabbit & Co - speakeasy bar,"Bożego Ciała 12 ½, Kraków",50.0515686,19.9435806,5,stop_226_36119,872-01,Orzeszkowej,50.050631,19.938671,366,,
ChIJ_2UmTglbFkcRTNBG5-53WrY,Wine Bar and Shop stoccaggio,"Krupnicza 9, Kraków",50.0635986,19.9307384,1,stop_191_7739,,Teatr Bagatela,50.063755,19.932586,133,,
ChIJ_2UmTglbFkcRTNBG5-53WrY,Wine Bar and Shop stoccaggio,"Krupnicza 9, Kraków",50.0635986,19.9307384,2,stop_191_7719,,Teatr Bagatela,50.0631,19.932648,147,,
ChIJ_2UmTglbFkcRTNBG5-53WrY,Wine Bar and Shop stoccaggio,"Krupnicza 9, Kraków",50.0635986,19.9307384,3,stop_191_7729,,Teatr Bagatela,50.063806,19.933366,189,,
ChIJ_2UmTglbFkcRTNBG5-53WrY,Wine Bar and Shop stoccaggio,"Krupnicza 9, Kraków",50.0635986,19.9307384,4,stop_4_8,,Stefana Batorego,50.066586,19.929432,345,,
ChIJ_2UmTglbFkcRTNBG5-53WrY,Wine Bar and Shop stoccaggio,"Krupnicza 9, Kraków",50.0635986,19.9307384,5,stop_4_9,,Stefana Batorego,50.067023,19.928837,404,,
ChIJDUd7nChbFkcRBMeFO0knvG0,Wine Barrel • Galeria Kazimierz,"Podgórska 34, Kraków",50.0547875,19.9551499,1,stop_230_36549,809-04,Rondo Grzegórzeckie,50.056894,19.958941,358,,
ChIJDUd7nChbFkcRBMeFO0knvG0,Wine Barrel • Galeria Kazimierz,"Podgórska 34, Kraków",50.0547875,19.9551499,2,stop_230_36529,809-02,Rondo Grzegórzeckie,50.057558,19.957748,360,,
ChIJDUd7nChbFkcRBMeFO0knvG0,Wine Barrel • Galeria Kazimierz,"Podgórska 34, Kraków",50.0547875,19.9551499,3,stop_227_36229,815-02,Miodowa,50.05321,19.9489,479,,
ChIJDUd7nChbFkcRBMeFO0knvG0,Wine Barrel • Galeria Kazimierz,"Podgórska 34, Kraków",50.0547875,19.9551499,4,stop_1103_347129,816-02,św. Wawrzyńca,50.051415,19.950829,486,,
ChIJDUd7nChbFkcRBMeFO0knvG0,Wine Barrel • Galeria Kazimierz,"Podgórska 34, Kraków",50.0547875,19.9551499,5,stop_230_36539,809-03,Rondo Grzegórzeckie,50.058426,19.959244,499,,
ChIJFclRb6RbFkcREZzANLHNRBM,Wine Garage Józefitów restaurant & wine bar,"Józefitów 8, Kraków",50.0710333,19.9241194,1,stop_193_7929,,Plac Inwalidów,50.069585,19.925897,205,,
ChIJFclRb6RbFkcREZzANLHNRBM,Wine Garage Józefitów restaurant & wine bar,"Józefitów 8, Kraków",50.0710333,19.9241194,2,stop_194_8319,,Urzędnicza,50.071879,19.919754,325,,
ChIJFclRb6RbFkcREZzANLHNRBM,Wine Garage Józefitów restaurant & wine bar,"Józefitów 8, Kraków",50.0710333,19.9241194,3,stop_193_7919,,Plac Inwalidów,50.068728,19.926981,328,,
ChIJFclRb6RbFkcREZzANLHNRBM,Wine Garage Józefitów restaurant & wine bar,"Józefitów 8, Kraków",50.0710333,19.9241194,4,stop_194_8329,,Urzędnicza,50.071957,19.91925,362,,
ChIJFclRb6RbFkcREZzANLHNRBM,Wine Garage Józefitów restaurant & wine bar,"Józefitów 8, Kraków",50.0710333,19.9241194,5,stop_4_9,,Stefana Batorego,50.067023,19.928837,559,,
ChIJN9efIMpbFkcRPgxWRLJ8Kl0,"Wine, Ham&Cheese EXPERIENCE Sklep z winem / Tapas bar","Rynek Kleparski 20/16, Kraków",50.0676768,19.9411021,1,stop_568_303219,833-01,Stary Kleparz,50.066314,19.939721,181,,
ChIJN9efIMpbFkcRPgxWRLJ8Kl0,"Wine, Ham&Cheese EXPERIENCE Sklep z winem / Tapas bar","Rynek Kleparski 20/16, Kraków",50.0676768,19.9411021,2,stop_568_303239,833-03,Stary Kleparz,50.06666,19.93895,191,,
ChIJN9efIMpbFkcRPgxWRLJ8Kl0,"Wine, Ham&Cheese EXPERIENCE Sklep z winem / Tapas bar","Rynek Kleparski 20/16, Kraków",50.0676768,19.9411021,3,stop_568_303229,833-02,Stary Kleparz,50.066234,19.938562,242,,
ChIJN9efIMpbFkcRPgxWRLJ8Kl0,"Wine, Ham&Cheese EXPERIENCE Sklep z winem / Tapas bar","Rynek Kleparski 20/16, Kraków",50.0676768,19.9411021,4,stop_335_260819,760-01,Dworzec Główny Zachód,50.06783,19.945354,304,,
ChIJN9efIMpbFkcRPgxWRLJ8Kl0,"Wine, Ham&Cheese EXPERIENCE Sklep z winem / Tapas bar","Rynek Kleparski 20/16, Kraków",50.0676768,19.9411021,5,stop_335_260829,760-02,Dworzec Główny Zachód,50.067827,19.945408,308,,
ChIJ98W9w4xcFkcRxQoYDqhnHaM,Winiarnia,"Raciborska 17, Kraków",50.0207938,19.9026829,1,stop_11_23,292-02,Kampus UP JP II,50.020825,19.898122,326,,
ChIJ98W9w4xcFkcRxQoYDqhnHaM,Winiarnia,"Raciborska 17, Kraków",50.0207938,19.9026829,2,stop_346_269019,291-01,Kampus UJ,50.024044,19.901485,371,,
ChIJ98W9w4xcFkcRxQoYDqhnHaM,Winiarnia,"Raciborska 17, Kraków",50.0207938,19.9026829,3,stop_11_22,292-01,Kampus UP JP II,50.020377,19.897505,373,,
ChIJ98W9w4xcFkcRxQoYDqhnHaM,Winiarnia,"Raciborska 17, Kraków",50.0207938,19.9026829,4,stop_346_269029,291-02,Kampus UJ,50.024685,19.901995,435,,
ChIJ98W9w4xcFkcRxQoYDqhnHaM,Winiarnia,"Raciborska 17, Kraków",50.0207938,19.9026829,5,stop_289_58919,706-01,Ruczaj,50.026932,19.905181,705,,
ChIJs6G3rIFbFkcRk6QvxD6Pu6A,Wino Metal,"Beera Meiselsa 16, Kraków",50.05113309999999,19.9432927,1,stop_224_35949,819-04,Stradom,50.050842,19.942415,71,,
ChIJs6G3rIFbFkcRk6QvxD6Pu6A,Wino Metal,"Beera Meiselsa 16, Kraków",50.05113309999999,19.9432927,2,stop_224_35919,819-01,Stradom,50.05148,19.941337,145,,
ChIJs6G3rIFbFkcRk6QvxD6Pu6A,Wino Metal,"Beera Meiselsa 16, Kraków",50.05113309999999,19.9432927,3,stop_224_35939,819-03,Stradom,50.052258,19.942061,153,,
ChIJs6G3rIFbFkcRk6QvxD6Pu6A,Wino Metal,"Beera Meiselsa 16, Kraków",50.05113309999999,19.9432927,4,stop_224_35929,819-02,Stradom,50.052086,19.941166,185,,
ChIJs6G3rIFbFkcRk6QvxD6Pu6A,Wino Metal,"Beera Meiselsa 16, Kraków",50.05113309999999,19.9432927,5,stop_226_36119,872-01,Orzeszkowej,50.050631,19.938671,335,,
ChIJHVnCmHFbFkcRbWQWyZpKMKM,Wino i Miód Winiarnia i Sklep,"Rynek Dębnicki 13, Kraków",50.0515931,19.9273516,1,stop_216_31929,823-02,Jubilat,50.054999,19.927052,379,,
ChIJHVnCmHFbFkcRbWQWyZpKMKM,Wino i Miód Winiarnia i Sklep,"Rynek Dębnicki 13, Kraków",50.0515931,19.9273516,2,stop_957_333819,501-01,Rondo Grunwaldzkie,50.048567,19.930917,422,,
ChIJHVnCmHFbFkcRbWQWyZpKMKM,Wino i Miód Winiarnia i Sklep,"Rynek Dębnicki 13, Kraków",50.0515931,19.9273516,3,stop_957_333829,501-02,Rondo Grunwaldzkie,50.048605,19.931155,429,,
ChIJHVnCmHFbFkcRbWQWyZpKMKM,Wino i Miód Winiarnia i Sklep,"Rynek Dębnicki 13, Kraków",50.0515931,19.9273516,4,stop_216_31919,823-01,Jubilat,50.055498,19.928109,438,,
ChIJHVnCmHFbFkcRbWQWyZpKMKM,Wino i Miód Winiarnia i Sklep,"Rynek Dębnicki 13, Kraków",50.0515931,19.9273516,5,stop_214_31329,300-02,Komorowskiego,50.053384,19.921893,438,,
ChIJNUTFWQ5bFkcRJqMf7KrLNgo,Winosfera Plac Szczepański,"plac Szczepański 8, Kraków",50.0638502,19.9362714,1,stop_191_7729,,Teatr Bagatela,50.063806,19.933366,207,,
ChIJNUTFWQ5bFkcRJqMf7KrLNgo,Winosfera Plac Szczepański,"plac Szczepański 8, Kraków",50.0638502,19.9362714,2,stop_191_7739,,Teatr Bagatela,50.063755,19.932586,263,,
ChIJNUTFWQ5bFkcRJqMf7KrLNgo,Winosfera Plac Szczepański,"plac Szczepański 8, Kraków",50.0638502,19.9362714,3,stop_191_7719,,Teatr Bagatela,50.0631,19.932648,272,,
ChIJNUTFWQ5bFkcRJqMf7KrLNgo,Winosfera Plac Szczepański,"plac Szczepański 8, Kraków",50.0638502,19.9362714,4,stop_568_303229,833-02,Stary Kleparz,50.066234,19.938562,311,,
ChIJNUTFWQ5bFkcRJqMf7KrLNgo,Winosfera Plac Szczepański,"plac Szczepański 8, Kraków",50.0638502,19.9362714,5,stop_568_303239,833-03,Stary Kleparz,50.06666,19.93895,366,,
ChIJ6XvwD3dbFkcRF1sIl57YFCg,Woosabi Kraków,"Św. Wawrzyńca 19, Kraków",50.05007469999999,19.9482037,1,stop_1103_347119,816-01,św. Wawrzyńca,50.051131,19.951064,236,,
ChIJ6XvwD3dbFkcRF1sIl57YFCg,Woosabi Kraków,"Św. Wawrzyńca 19, Kraków",50.05007469999999,19.9482037,2,stop_1103_347129,816-02,św. Wawrzyńca,50.051415,19.950829,239,,
ChIJ6XvwD3dbFkcRF1sIl57YFCg,Woosabi Kraków,"Św. Wawrzyńca 19, Kraków",50.05007469999999,19.9482037,3,stop_227_36229,815-02,Miodowa,50.05321,19.9489,352,,
ChIJ6XvwD3dbFkcRF1sIl57YFCg,Woosabi Kraków,"Św. Wawrzyńca 19, Kraków",50.05007469999999,19.9482037,4,stop_225_36029,820-02,Plac Wolnica,50.048114,19.943448,404,,
ChIJ6XvwD3dbFkcRF1sIl57YFCg,Woosabi Kraków,"Św. Wawrzyńca 19, Kraków",50.05007469999999,19.9482037,5,stop_225_36019,820-01,Plac Wolnica,50.048028,19.943426,410,,
ChIJ19fUTrRDFkcR0bU-s1SfFpg,Wypiekane,"Jana Kurczaba 29, Kraków",50.0127867,20.0086895,1,stop_303_68129,655-02,Teligi,50.016511,20.007916,418,,
ChIJ19fUTrRDFkcR0bU-s1SfFpg,Wypiekane,"Jana Kurczaba 29, Kraków",50.0127867,20.0086895,2,stop_303_68119,655-01,Teligi,50.016599,20.007159,438,,
ChIJ19fUTrRDFkcR0bU-s1SfFpg,Wypiekane,"Jana Kurczaba 29, Kraków",50.0127867,20.0086895,3,stop_334_258219,656-01,Nowy Prokocim,50.016128,20.012098,444,,
ChIJ19fUTrRDFkcR0bU-s1SfFpg,Wypiekane,"Jana Kurczaba 29, Kraków",50.0127867,20.0086895,4,stop_334_258229,656-02,Nowy Prokocim,50.016318,20.013226,509,,
ChIJ19fUTrRDFkcR0bU-s1SfFpg,Wypiekane,"Jana Kurczaba 29, Kraków",50.0127867,20.0086895,5,stop_304_68229,649-02,Prokocim Szpital,50.014585,20.000171,641,,
ChIJU1HGgxFbFkcRWFWfVgmxpng,Wódka Café Bar,"Mikołajska 5, Kraków",50.0612691,19.9417058,1,stop_222_35719,806-01,Poczta Główna,50.059797,19.942404,171,,
ChIJU1HGgxFbFkcRWFWfVgmxpng,Wódka Café Bar,"Mikołajska 5, Kraków",50.0612691,19.9417058,2,stop_222_35739,806-03,Poczta Główna,50.059339,19.941821,215,,
ChIJU1HGgxFbFkcRWFWfVgmxpng,Wódka Café Bar,"Mikołajska 5, Kraków",50.0612691,19.9417058,3,stop_222_35729,806-02,Poczta Główna,50.059205,19.942571,238,,
ChIJU1HGgxFbFkcRWFWfVgmxpng,Wódka Café Bar,"Mikołajska 5, Kraków",50.0612691,19.9417058,4,stop_1102_347019,817-01,św. Gertrudy,50.058627,19.940988,298,,
ChIJU1HGgxFbFkcRWFWfVgmxpng,Wódka Café Bar,"Mikołajska 5, Kraków",50.0612691,19.9417058,5,stop_1102_347029,817-02,św. Gertrudy,50.058486,19.940838,316,,
ChIJDXDGhEtbFkcRVCQ0eSppJs0,Wódka Café Bar,"Beera Meiselsa 15, Kraków",50.0512305,19.9438734,1,stop_224_35949,819-04,Stradom,50.050842,19.942415,113,,
ChIJDXDGhEtbFkcRVCQ0eSppJs0,Wódka Café Bar,"Beera Meiselsa 15, Kraków",50.0512305,19.9438734,2,stop_224_35939,819-03,Stradom,50.052258,19.942061,173,,
ChIJDXDGhEtbFkcRVCQ0eSppJs0,Wódka Café Bar,"Beera Meiselsa 15, Kraków",50.0512305,19.9438734,3,stop_224_35919,819-01,Stradom,50.05148,19.941337,183,,
ChIJDXDGhEtbFkcRVCQ0eSppJs0,Wódka Café Bar,"Beera Meiselsa 15, Kraków",50.0512305,19.9438734,4,stop_224_35929,819-02,Stradom,50.052086,19.941166,215,,
ChIJDXDGhEtbFkcRVCQ0eSppJs0,Wódka Café Bar,"Beera Meiselsa 15, Kraków",50.0512305,19.9438734,5,stop_225_36029,820-02,Plac Wolnica,50.048114,19.943448,348,,
ChIJvSyn8klbFkcRfB_DVMna3ao,Yoru | Cocktail Bar,"Miodowa 32/2, Kraków",50.0533551,19.9467518,1,stop_227_36219,815-01,Miodowa,50.053886,19.948108,113,,
ChIJvSyn8klbFkcRfB_DVMna3ao,Yoru | Cocktail Bar,"Miodowa 32/2, Kraków",50.0533551,19.9467518,2,stop_227_36229,815-02,Miodowa,50.05321,19.9489,154,,
ChIJvSyn8klbFkcRfB_DVMna3ao,Yoru | Cocktail Bar,"Miodowa 32/2, Kraków",50.0533551,19.9467518,3,stop_224_35939,819-03,Stradom,50.052258,19.942061,356,,
ChIJvSyn8klbFkcRfB_DVMna3ao,Yoru | Cocktail Bar,"Miodowa 32/2, Kraków",50.0533551,19.9467518,4,stop_1103_347129,816-02,św. Wawrzyńca,50.051415,19.950829,362,,
ChIJvSyn8klbFkcRfB_DVMna3ao,Yoru | Cocktail Bar,"Miodowa 32/2, Kraków",50.0533551,19.9467518,5,stop_1103_347119,816-01,św. Wawrzyńca,50.051131,19.951064,395,,
ChIJEXj7Zw5bFkcRBRuvUCurROM,Youmiko Sushi,"Miodowa 4/pasaż, Kraków",50.0518873,19.9425944,1,stop_224_35939,819-03,Stradom,50.052258,19.942061,56,,
ChIJEXj7Zw5bFkcRBRuvUCurROM,Youmiko Sushi,"Miodowa 4/pasaż, Kraków",50.0518873,19.9425944,2,stop_224_35919,819-01,Stradom,50.05148,19.941337,101,,
ChIJEXj7Zw5bFkcRBRuvUCurROM,Youmiko Sushi,"Miodowa 4/pasaż, Kraków",50.0518873,19.9425944,3,stop_224_35929,819-02,Stradom,50.052086,19.941166,104,,
ChIJEXj7Zw5bFkcRBRuvUCurROM,Youmiko Sushi,"Miodowa 4/pasaż, Kraków",50.0518873,19.9425944,4,stop_224_35949,819-04,Stradom,50.050842,19.942415,117,,
ChIJEXj7Zw5bFkcRBRuvUCurROM,Youmiko Sushi,"Miodowa 4/pasaż, Kraków",50.0518873,19.9425944,5,stop_226_36119,872-01,Orzeszkowej,50.050631,19.938671,313,,
ChIJBX1glNZbFkcRWp9Sf0NBxI0,ZOO Klub,"Józefa 6/1 P, Kraków",50.0505368,19.9433701,1,stop_224_35949,819-04,Stradom,50.050842,19.942415,76,,
ChIJBX1glNZbFkcRWp9Sf0NBxI0,ZOO Klub,"Józefa 6/1 P, Kraków",50.0505368,19.9433701,2,stop_224_35919,819-01,Stradom,50.05148,19.941337,179,,
ChIJBX1glNZbFkcRWp9Sf0NBxI0,ZOO Klub,"Józefa 6/1 P, Kraków",50.0505368,19.9433701,3,stop_224_35939,819-03,Stradom,50.052258,19.942061,213,,
ChIJBX1glNZbFkcRWp9Sf0NBxI0,ZOO Klub,"Józefa 6/1 P, Kraków",50.0505368,19.9433701,4,stop_224_35929,819-02,Stradom,50.052086,19.941166,233,,
ChIJBX1glNZbFkcRWp9Sf0NBxI0,ZOO Klub,"Józefa 6/1 P, Kraków",50.0505368,19.9433701,5,stop_225_36029,820-02,Plac Wolnica,50.048114,19.943448,269,,
ChIJiwCRHQZbFkcRVsQak2vcDog,Zaginiony Świat,"Stefana Batorego 1, Kraków",50.067616,19.933363,1,stop_4_8,,Stefana Batorego,50.066586,19.929432,303,,
ChIJiwCRHQZbFkcRVsQak2vcDog,Zaginiony Świat,"Stefana Batorego 1, Kraków",50.067616,19.933363,2,stop_4_9,,Stefana Batorego,50.067023,19.928837,330,,
ChIJiwCRHQZbFkcRVsQak2vcDog,Zaginiony Świat,"Stefana Batorego 1, Kraków",50.067616,19.933363,3,stop_188_7229,834-02,Pędzichów,50.069646,19.937499,372,,
ChIJiwCRHQZbFkcRVsQak2vcDog,Zaginiony Świat,"Stefana Batorego 1, Kraków",50.067616,19.933363,4,stop_188_7219,834-01,Pędzichów,50.069678,19.937536,376,,
ChIJiwCRHQZbFkcRVsQak2vcDog,Zaginiony Świat,"Stefana Batorego 1, Kraków",50.067616,19.933363,5,stop_568_303229,833-02,Stary Kleparz,50.066234,19.938562,402,,
ChIJOwV_mg5bFkcRXqI8vmefnpc,Zalipianki | Ewa Wachowicz,"Szewska 24, Kraków",50.06295069999999,19.9336676,1,stop_191_7719,,Teatr Bagatela,50.0631,19.932648,75,,
ChIJOwV_mg5bFkcRXqI8vmefnpc,Zalipianki | Ewa Wachowicz,"Szewska 24, Kraków",50.06295069999999,19.9336676,2,stop_191_7729,,Teatr Bagatela,50.063806,19.933366,98,,
ChIJOwV_mg5bFkcRXqI8vmefnpc,Zalipianki | Ewa Wachowicz,"Szewska 24, Kraków",50.06295069999999,19.9336676,3,stop_191_7739,,Teatr Bagatela,50.063755,19.932586,118,,
ChIJOwV_mg5bFkcRXqI8vmefnpc,Zalipianki | Ewa Wachowicz,"Szewska 24, Kraków",50.06295069999999,19.9336676,4,stop_219_32239,822-03,Filharmonia,50.05917,19.9331,422,,
ChIJOwV_mg5bFkcRXqI8vmefnpc,Zalipianki | Ewa Wachowicz,"Szewska 24, Kraków",50.06295069999999,19.9336676,5,stop_219_32219,822-01,Filharmonia,50.05903,19.93387,436,,
ChIJ5aF-XgBbFkcRn_ib2scOzKc,Zapiekanka tradycyjna z pieca,"Bosacka, Kraków",50.0685688,19.949517,1,stop_322_117329,901-02,Dworzec Główny Tunel,50.068258,19.947641,138,,
ChIJ5aF-XgBbFkcRn_ib2scOzKc,Zapiekanka tradycyjna z pieca,"Bosacka, Kraków",50.0685688,19.949517,2,stop_322_117319,901-01,Dworzec Główny Tunel,50.068199,19.947649,140,,
ChIJ5aF-XgBbFkcRn_ib2scOzKc,Zapiekanka tradycyjna z pieca,"Bosacka, Kraków",50.0685688,19.949517,3,stop_205_12719,852-01,Uniwersytet Ekonomiczny,50.067608,19.952235,221,,
ChIJ5aF-XgBbFkcRn_ib2scOzKc,Zapiekanka tradycyjna z pieca,"Bosacka, Kraków",50.0685688,19.949517,4,stop_205_12729,852-02,Uniwersytet Ekonomiczny,50.068328,19.952638,224,,
ChIJ5aF-XgBbFkcRn_ib2scOzKc,Zapiekanka tradycyjna z pieca,"Bosacka, Kraków",50.0685688,19.949517,5,stop_335_260829,760-02,Dworzec Główny Zachód,50.067827,19.945408,305,,
ChIJI3qBRNFbFkcR5F1u7J11y9Q,Zapiekanki Zawstydzają Obwarzanka,"Balicka 18, Kraków",50.0815943,19.8819126,1,stop_212_13519,,Bronowice Małe,50.08179,19.88192,22,,
ChIJI3qBRNFbFkcR5F1u7J11y9Q,Zapiekanki Zawstydzają Obwarzanka,"Balicka 18, Kraków",50.0815943,19.8819126,2,stop_1058_345929,,Bronowice SKA,50.081524,19.888593,477,,
ChIJI3qBRNFbFkcR5F1u7J11y9Q,Zapiekanki Zawstydzają Obwarzanka,"Balicka 18, Kraków",50.0815943,19.8819126,3,stop_1058_345919,,Bronowice SKA,50.081331,19.889698,556,,
ChIJI3qBRNFbFkcR5F1u7J11y9Q,Zapiekanki Zawstydzają Obwarzanka,"Balicka 18, Kraków",50.0815943,19.8819126,4,stop_210_13329,,Wesele,50.079235,19.896704,1088,,
ChIJI3qBRNFbFkcR5F1u7J11y9Q,Zapiekanki Zawstydzają Obwarzanka,"Balicka 18, Kraków",50.0815943,19.8819126,5,stop_210_13319,,Wesele,50.078856,19.897857,1178,,
ChIJJ4ngDkBbFkcRaaC0SXi9O2U,Zaraz Wracam Tu,"Miodowa 51a, Kraków",50.0537571,19.94919849999999,1,stop_227_36229,815-02,Miodowa,50.05321,19.9489,64,,
ChIJJ4ngDkBbFkcRaaC0SXi9O2U,Zaraz Wracam Tu,"Miodowa 51a, Kraków",50.0537571,19.94919849999999,2,stop_227_36219,815-01,Miodowa,50.053886,19.948108,79,,
ChIJJ4ngDkBbFkcRaaC0SXi9O2U,Zaraz Wracam Tu,"Miodowa 51a, Kraków",50.0537571,19.94919849999999,3,stop_1103_347129,816-02,św. Wawrzyńca,50.051415,19.950829,285,,
ChIJJ4ngDkBbFkcRaaC0SXi9O2U,Zaraz Wracam Tu,"Miodowa 51a, Kraków",50.0537571,19.94919849999999,4,stop_1103_347119,816-01,św. Wawrzyńca,50.051131,19.951064,321,,
ChIJJ4ngDkBbFkcRaaC0SXi9O2U,Zaraz Wracam Tu,"Miodowa 51a, Kraków",50.0537571,19.94919849999999,5,stop_223_35839,807-03,Starowiślna,50.057227,19.946086,445,,
ChIJ9RIWoJ1bFkcR-kSvrG1p9H8,Zielono Mi,"Królowej Jadwigi 4, Kraków",50.05266289999999,19.9132979,1,stop_213_31119,301-01,Salwator,50.052708,19.913739,32,,
ChIJ9RIWoJ1bFkcR-kSvrG1p9H8,Zielono Mi,"Królowej Jadwigi 4, Kraków",50.05266289999999,19.9132979,2,stop_213_31129,301-02,Salwator,50.052724,19.915028,124,,
ChIJ9RIWoJ1bFkcR-kSvrG1p9H8,Zielono Mi,"Królowej Jadwigi 4, Kraków",50.05266289999999,19.9132979,3,stop_213_31139,301-03,Salwator,50.05263,19.917407,293,,
ChIJ9RIWoJ1bFkcR-kSvrG1p9H8,Zielono Mi,"Królowej Jadwigi 4, Kraków",50.05266289999999,19.9132979,4,stop_214_31319,300-01,Komorowskiego,50.053451,19.921873,618,,
ChIJ9RIWoJ1bFkcR-kSvrG1p9H8,Zielono Mi,"Królowej Jadwigi 4, Kraków",50.05266289999999,19.9132979,5,stop_214_31329,300-02,Komorowskiego,50.053384,19.921893,619,,
ChIJryovtGtbFkcRLacOT8K7iDQ,Zlew,"Miodowa 3, Kraków",50.0515372,19.9424536,1,stop_224_35949,819-04,Stradom,50.050842,19.942415,77,,
ChIJryovtGtbFkcRLacOT8K7iDQ,Zlew,"Miodowa 3, Kraków",50.0515372,19.9424536,2,stop_224_35919,819-01,Stradom,50.05148,19.941337,80,,
ChIJryovtGtbFkcRLacOT8K7iDQ,Zlew,"Miodowa 3, Kraków",50.0515372,19.9424536,3,stop_224_35939,819-03,Stradom,50.052258,19.942061,85,,
ChIJryovtGtbFkcRLacOT8K7iDQ,Zlew,"Miodowa 3, Kraków",50.0515372,19.9424536,4,stop_224_35929,819-02,Stradom,50.052086,19.941166,110,,
ChIJryovtGtbFkcRLacOT8K7iDQ,Zlew,"Miodowa 3, Kraków",50.0515372,19.9424536,5,stop_226_36119,872-01,Orzeszkowej,50.050631,19.938671,288,,
ChIJT13TE7BbFkcRW-bK9v7Bd_I,Złoty Róg Bar & Kawiarnia Speciality,"Złoty Róg 2, Kraków",50.0813446,19.899281,1,stop_210_13319,,Wesele,50.078856,19.897857,295,,
ChIJT13TE7BbFkcRW-bK9v7Bd_I,Złoty Róg Bar & Kawiarnia Speciality,"Złoty Róg 2, Kraków",50.0813446,19.899281,2,stop_210_13329,,Wesele,50.079235,19.896704,298,,
ChIJT13TE7BbFkcRW-bK9v7Bd_I,Złoty Róg Bar & Kawiarnia Speciality,"Złoty Róg 2, Kraków",50.0813446,19.899281,3,stop_198_8939,,Bronowice,50.077834,19.900593,401,,
ChIJT13TE7BbFkcRW-bK9v7Bd_I,Złoty Róg Bar & Kawiarnia Speciality,"Złoty Róg 2, Kraków",50.0813446,19.899281,4,stop_198_8929,,Bronowice,50.077751,19.900684,412,,
ChIJT13TE7BbFkcRW-bK9v7Bd_I,Złoty Róg Bar & Kawiarnia Speciality,"Złoty Róg 2, Kraków",50.0813446,19.899281,5,stop_198_8919,,Bronowice,50.077246,19.901982,495,,
ChIJyYpFIytbFkcRg-oASo3Cab0,bar .punkt,"Staromostowa 1, Kraków",50.0449963,19.9479862,1,stop_279_57129,556-02,Korona,50.044052,19.947497,111,,
ChIJyYpFIytbFkcRg-oASo3Cab0,bar .punkt,"Staromostowa 1, Kraków",50.0449963,19.9479862,2,stop_279_57139,556-03,Korona,50.044032,19.94678,138,,
ChIJyYpFIytbFkcRg-oASo3Cab0,bar .punkt,"Staromostowa 1, Kraków",50.0449963,19.9479862,3,stop_279_57119,556-01,Korona,50.043604,19.946683,181,,
ChIJyYpFIytbFkcRg-oASo3Cab0,bar .punkt,"Staromostowa 1, Kraków",50.0449963,19.9479862,4,stop_225_36019,820-01,Plac Wolnica,50.048028,19.943426,469,,
ChIJyYpFIytbFkcRg-oASo3Cab0,bar .punkt,"Staromostowa 1, Kraków",50.0449963,19.9479862,5,stop_225_36029,820-02,Plac Wolnica,50.048114,19.943448,475,,
ChIJj_ejLABbFkcRSKNZqGnpihs,barbara la gnucca,Kraków,50.06465009999999,19.9449799,1,stop_852_324249,801-04,Teatr Słowackiego,50.065006,19.94518,42,,
ChIJj_ejLABbFkcRSKNZqGnpihs,barbara la gnucca,Kraków,50.06465009999999,19.9449799,2,stop_852_324229,801-02,Teatr Słowackiego,50.064792,19.944409,44,,
ChIJj_ejLABbFkcRSKNZqGnpihs,barbara la gnucca,Kraków,50.06465009999999,19.9449799,3,stop_852_324219,801-01,Teatr Słowackiego,50.064609,19.945628,46,,
ChIJj_ejLABbFkcRSKNZqGnpihs,barbara la gnucca,Kraków,50.06465009999999,19.9449799,4,stop_852_324239,801-03,Teatr Słowackiego,50.064192,19.94499,51,,
ChIJj_ejLABbFkcRSKNZqGnpihs,barbara la gnucca,Kraków,50.06465009999999,19.9449799,5,stop_335_260829,760-02,Dworzec Główny Zachód,50.067827,19.945408,355,,
ChIJCSuQLStbFkcRe6215OlEZdk,belloVan,"Dąbska 26, Kraków",50.0678228,19.98695679999999,1,stop_1105_347319,112-01,TAURON Arena Kraków al. Pokoju,50.064188,19.988978,429,,
ChIJCSuQLStbFkcRe6215OlEZdk,belloVan,"Dąbska 26, Kraków",50.0678228,19.98695679999999,2,stop_1105_347329,112-02,TAURON Arena Kraków al. Pokoju,50.064416,19.990077,439,,
ChIJCSuQLStbFkcRe6215OlEZdk,belloVan,"Dąbska 26, Kraków",50.0678228,19.98695679999999,3,stop_574_304029,805-02,TAURON Arena Kraków Wieczysta,50.071103,19.982871,467,,
ChIJCSuQLStbFkcRe6215OlEZdk,belloVan,"Dąbska 26, Kraków",50.0678228,19.98695679999999,4,stop_574_304039,805-03,TAURON Arena Kraków Wieczysta,50.072108,19.985169,493,,
ChIJCSuQLStbFkcRe6215OlEZdk,belloVan,"Dąbska 26, Kraków",50.0678228,19.98695679999999,5,stop_574_304019,805-01,TAURON Arena Kraków Wieczysta,50.071785,19.983839,494,,
ChIJjz3ePQBbFkcRF_rgGgnnLmU,iOVE Cocktail I Coffee I Music I Fashion I Breakfast,"Zabłocie 19A/186, Kraków",50.0495125,19.9594337,1,stop_321_115429,619-02,Zabłocie,50.049951,19.964216,345,,
ChIJjz3ePQBbFkcRF_rgGgnnLmU,iOVE Cocktail I Coffee I Music I Fashion I Breakfast,"Zabłocie 19A/186, Kraków",50.0495125,19.9594337,2,stop_321_115419,619-01,Zabłocie,50.0497,19.965148,409,,
ChIJjz3ePQBbFkcRF_rgGgnnLmU,iOVE Cocktail I Coffee I Music I Fashion I Breakfast,"Zabłocie 19A/186, Kraków",50.0495125,19.9594337,3,stop_278_57029,640-02,Plac Bohaterów Getta,50.046716,19.9551,439,,
ChIJjz3ePQBbFkcRF_rgGgnnLmU,iOVE Cocktail I Coffee I Music I Fashion I Breakfast,"Zabłocie 19A/186, Kraków",50.0495125,19.9594337,4,stop_278_57019,640-01,Plac Bohaterów Getta,50.046605,19.955028,451,,
ChIJjz3ePQBbFkcRF_rgGgnnLmU,iOVE Cocktail I Coffee I Music I Fashion I Breakfast,"Zabłocie 19A/186, Kraków",50.0495125,19.9594337,5,stop_338_56929,641-02,Limanowskiego,50.045,19.955911,561,,
ChIJjdm7YElbFkcRbTeJT0nNNXc,"plac jana nowaka-jeziorankiego, krakow","Starowiślna 45, Kraków",50.0549158,19.9467434,1,stop_227_36219,815-01,Miodowa,50.053886,19.948108,150,,
ChIJjdm7YElbFkcRbTeJT0nNNXc,"plac jana nowaka-jeziorankiego, krakow","Starowiślna 45, Kraków",50.0549158,19.9467434,2,stop_227_36229,815-02,Miodowa,50.05321,19.9489,244,,
ChIJjdm7YElbFkcRbTeJT0nNNXc,"plac jana nowaka-jeziorankiego, krakow","Starowiślna 45, Kraków",50.0549158,19.9467434,3,stop_223_35829,807-02,Starowiślna,50.05689,19.945029,251,,
ChIJjdm7YElbFkcRbTeJT0nNNXc,"plac jana nowaka-jeziorankiego, krakow","Starowiślna 45, Kraków",50.0549158,19.9467434,4,stop_223_35839,807-03,Starowiślna,50.057227,19.946086,261,,
ChIJjdm7YElbFkcRbTeJT0nNNXc,"plac jana nowaka-jeziorankiego, krakow","Starowiślna 45, Kraków",50.0549158,19.9467434,5,stop_223_35849,807-04,Starowiślna,50.057262,19.946032,266,,
ChIJiaD7fwBdFkcRS0WOYib7tDw,Łysols,"Franciszka Bujaka 12A, Kraków",50.0095458,19.9476338,1,stop_841_317619,584-01,Kurdwanów P+R,50.01356,19.95042,489,,
ChIJiaD7fwBdFkcRS0WOYib7tDw,Łysols,"Franciszka Bujaka 12A, Kraków",50.0095458,19.9476338,2,stop_841_317650,584-50,Kurdwanów P+R,50.01359,19.95044,492,,
ChIJiaD7fwBdFkcRS0WOYib7tDw,Łysols,"Franciszka Bujaka 12A, Kraków",50.0095458,19.9476338,3,stop_841_317630,584-30,Kurdwanów P+R,50.01407,19.94809,504,,
ChIJiaD7fwBdFkcRS0WOYib7tDw,Łysols,"Franciszka Bujaka 12A, Kraków",50.0095458,19.9476338,4,stop_841_317639,584-03,Kurdwanów P+R,50.01409,19.94783,505,,
ChIJiaD7fwBdFkcRS0WOYib7tDw,Łysols,"Franciszka Bujaka 12A, Kraków",50.0095458,19.9476338,5,stop_1343_364719,496-01,Turowicza,50.01506,19.94439,656,,
ChIJU0AoYyhbFkcRNs08axsXIGo,Świat Kraftu Beer & Burger,"Janusza Meissnera 19, Kraków",50.0733555,19.9809465,1,stop_574_304019,805-01,TAURON Arena Kraków Wieczysta,50.071785,19.983839,270,,
ChIJU0AoYyhbFkcRNs08axsXIGo,Świat Kraftu Beer & Burger,"Janusza Meissnera 19, Kraków",50.0733555,19.9809465,2,stop_574_304029,805-02,TAURON Arena Kraków Wieczysta,50.071103,19.982871,286,,
ChIJU0AoYyhbFkcRNs08axsXIGo,Świat Kraftu Beer & Burger,"Janusza Meissnera 19, Kraków",50.0733555,19.9809465,3,stop_574_304039,805-03,TAURON Arena Kraków Wieczysta,50.072108,19.985169,332,,
ChIJU0AoYyhbFkcRNs08axsXIGo,Świat Kraftu Beer & Burger,"Janusza Meissnera 19, Kraków",50.0733555,19.9809465,4,stop_208_13019,804-01,Białucha,50.067841,19.977991,648,,
ChIJU0AoYyhbFkcRNs08axsXIGo,Świat Kraftu Beer & Burger,"Janusza Meissnera 19, Kraków",50.0733555,19.9809465,5,stop_1495_373529,798-01,Muzeum Lotnictwa Polskiego,50.073539,19.990254,665,,
ChIJAzrlDwhbFkcR623JrI1LQIQ,Świat Piwa,"Rajska 6, Kraków",50.0648487,19.9306882,1,stop_191_7739,,Teatr Bagatela,50.063755,19.932586,182,,
ChIJAzrlDwhbFkcR623JrI1LQIQ,Świat Piwa,"Rajska 6, Kraków",50.0648487,19.9306882,2,stop_4_8,,Stefana Batorego,50.066586,19.929432,213,,
ChIJAzrlDwhbFkcR623JrI1LQIQ,Świat Piwa,"Rajska 6, Kraków",50.0648487,19.9306882,3,stop_191_7729,,Teatr Bagatela,50.063806,19.933366,224,,
ChIJAzrlDwhbFkcR623JrI1LQIQ,Świat Piwa,"Rajska 6, Kraków",50.0648487,19.9306882,4,stop_191_7719,,Teatr Bagatela,50.0631,19.932648,240,,
ChIJAzrlDwhbFkcR623JrI1LQIQ,Świat Piwa,"Rajska 6, Kraków",50.0648487,19.9306882,5,stop_4_9,,Stefana Batorego,50.067023,19.928837,276,,
ChIJGUo_PQBbFkcRorKugRK82Yk,Тут пила пиво,"Świętego Krzyża 4, Kraków",50.06104389999999,19.9412308,1,stop_222_35719,806-01,Poczta Główna,50.059797,19.942404,162,,
ChIJGUo_PQBbFkcRorKugRK82Yk,Тут пила пиво,"Świętego Krzyża 4, Kraków",50.06104389999999,19.9412308,2,stop_222_35739,806-03,Poczta Główna,50.059339,19.941821,194,,
ChIJGUo_PQBbFkcRorKugRK82Yk,Тут пила пиво,"Świętego Krzyża 4, Kraków",50.06104389999999,19.9412308,3,stop_222_35729,806-02,Poczta Główna,50.059205,19.942571,226,,
ChIJGUo_PQBbFkcRorKugRK82Yk,Тут пила пиво,"Świętego Krzyża 4, Kraków",50.06104389999999,19.9412308,4,stop_1102_347019,817-01,św. Gertrudy,50.058627,19.940988,269,,
ChIJGUo_PQBbFkcRorKugRK82Yk,Тут пила пиво,"Świętego Krzyża 4, Kraków",50.06104389999999,19.9412308,5,stop_1102_347029,817-02,św. Gertrudy,50.058486,19.940838,286,,
ChIJ6z6-W_FbFkcROsLog0lcAa4,🍸🎵 Domingo Restauracja & Bar,"plac Dominikański 4, Kraków",50.05904950000001,19.9386829,1,stop_325_136019,821-01,Plac Wszystkich Świętych,50.05912,19.93824,33,,
ChIJ6z6-W_FbFkcROsLog0lcAa4,🍸🎵 Domingo Restauracja & Bar,"plac Dominikański 4, Kraków",50.05904950000001,19.9386829,2,stop_325_136029,821-02,Plac Wszystkich Świętych,50.059113,19.937497,85,,
ChIJ6z6-W_FbFkcROsLog0lcAa4,🍸🎵 Domingo Restauracja & Bar,"plac Dominikański 4, Kraków",50.05904950000001,19.9386829,3,stop_1102_347029,817-02,św. Gertrudy,50.058486,19.940838,166,,
ChIJ6z6-W_FbFkcROsLog0lcAa4,🍸🎵 Domingo Restauracja & Bar,"plac Dominikański 4, Kraków",50.05904950000001,19.9386829,4,stop_1102_347019,817-01,św. Gertrudy,50.058627,19.940988,171,,
ChIJ6z6-W_FbFkcROsLog0lcAa4,🍸🎵 Domingo Restauracja & Bar,"plac Dominikański 4, Kraków",50.05904950000001,19.9386829,5,stop_222_35739,806-03,Poczta Główna,50.059339,19.941821,226,,
