from_stop,to_stop,time_secs
0,0,30
0,1,30
0,129,1639
0,137,437
0,138,284
0,139,756
0,154,1271
0,155,1368
0,156,634
0,157,585
0,158,949
0,159,949
0,160,949
0,245,762
0,246,762
0,257,1189
0,258,1189
0,285,1257
1,0,30
1,1,30
1,129,1639
1,137,437
1,138,284
1,139,756
1,154,1271
1,155,1368
1,156,634
1,157,585
1,158,949
1,159,949
1,160,949
1,245,762
1,246,762
1,257,1189
1,258,1189
1,285,1257
2,2,30
2,3,1117
2,4,515
2,5,515
2,186,1765
2,187,1417
2,188,1753
2,189,1493
2,190,1493
2,191,1334
2,192,1334
2,220,632
2,225,1132
2,226,1208
2,259,1695
2,260,1695
2,264,1666
2,296,1565
2,297,1459
2,298,1459
2,299,1565
2,319,481
2,320,1685
2,322,1685
2,323,728
2,324,728
2,325,1487
2,326,1487
3,2,90
3,3,30
3,4,604
3,5,604
3,187,1507
3,189,1583
3,190,1583
3,191,1424
3,192,1424
3,220,722
3,225,1222
3,226,1298
3,259,1784
3,260,1784
3,264,1756
3,296,1655
3,297,1549
3,298,1549
3,299,1655
3,319,571
3,320,1775
3,322,1775
3,323,818
3,324,818
3,325,1576
3,326,1576
4,2,693
4,3,603
4,4,30
4,5,30
4,220,118
4,319,1173
4,323,1420
4,324,1420
5,2,693
5,3,603
5,4,30
5,5,30
5,220,118
5,319,1173
5,323,1420
5,324,1420
6,6,30
6,7,8
6,21,1375
6,22,1375
6,23,1182
6,24,1075
6,25,1075
6,26,661
6,27,661
6,28,1399
6,29,1628
6,30,1584
6,31,1628
6,32,758
6,33,607
6,34,607
6,35,464
6,36,517
6,37,866
6,38,866
6,39,1091
6,40,1092
6,54,1623
6,55,1646
6,68,1596
6,69,1622
6,70,1278
6,71,1410
6,72,1240
6,73,1089
6,74,1042
6,75,1636
6,76,1636
6,77,1496
6,78,1553
6,79,1496
6,80,1731
6,229,1606
6,230,1631
6,235,1610
6,236,1610
6,239,1257
6,240,1250
6,251,1134
6,252,1134
6,280,1005
6,281,590
6,282,903
6,283,1687
6,284,1635
6,300,1623
6,301,1320
6,302,1299
6,303,1249
6,311,1424
6,312,1424
6,347,1353
6,348,1391
7,6,8
7,7,30
7,21,1367
7,22,1367
7,23,1174
7,24,1067
7,25,1067
7,26,654
7,27,654
7,28,1392
7,29,1620
7,30,1577
7,31,1620
7,32,765
7,33,600
7,34,600
7,35,457
7,36,509
7,37,859
7,38,859
7,39,1083
7,40,1084
7,54,1616
7,55,1639
7,68,1603
7,69,1630
7,70,1285
7,71,1417
7,72,1247
7,73,1096
7,74,1050
7,75,1643
7,76,1643
7,77,1503
7,78,1560
7,79,1503
7,80,1738
7,229,1598
7,230,1624
7,235,1602
7,236,1602
7,239,1264
7,240,1258
7,251,1126
7,252,1126
7,280,997
7,281,582
7,282,895
7,283,1680
7,284,1627
7,300,1615
7,301,1312
7,302,1292
7,303,1242
7,311,1432
7,312,1432
7,347,1345
7,348,1384
8,8,30
8,9,906
8,46,1650
8,47,1603
8,48,824
8,49,824
8,50,757
8,51,757
8,52,1111
8,53,1460
8,54,1642
8,55,1481
8,56,1381
8,57,1381
8,58,1227
8,59,1222
8,75,1743
8,76,1743
8,77,1380
8,78,1437
8,79,1380
8,80,1615
8,81,1269
8,82,1378
8,83,1204
8,84,1720
8,85,1711
8,86,1646
8,92,1559
8,93,1595
8,94,1592
8,95,1548
8,96,652
8,97,516
8,98,445
8,99,577
8,100,704
8,101,793
8,102,1052
8,103,1167
8,104,1246
8,105,1485
8,168,1635
8,169,1635
8,227,1388
8,228,1388
8,233,1265
8,234,1674
8,253,1749
8,254,1770
8,276,283
8,277,262
8,311,1452
8,312,1452
8,313,1369
8,314,1449
8,317,1595
8,318,1595
9,8,28
9,9,30
9,46,1677
9,47,1630
9,48,852
9,49,852
9,50,785
9,51,785
9,52,1138
9,53,1487
9,54,1670
9,55,1508
9,56,1408
9,57,1408
9,58,760
9,59,754
9,60,1729
9,61,1777
9,75,1770
9,76,1770
9,77,1407
9,78,1464
9,79,1407
9,80,1642
9,81,1296
9,82,1405
9,83,1231
9,84,1748
9,85,1738
9,86,1673
9,92,1586
9,93,1622
9,94,1620
9,95,1576
9,96,680
9,97,544
9,98,472
9,99,604
9,100,731
9,101,820
9,102,1079
9,103,1194
9,104,1273
9,105,1512
9,168,1662
9,169,1662
9,227,1415
9,228,1415
9,233,1292
9,234,1701
9,253,1776
9,254,1797
9,276,310
9,277,290
9,288,1608
9,289,1605
9,290,1645
9,311,1479
9,312,1479
9,313,1396
9,314,1477
9,317,1622
9,318,1622
10,10,30
10,11,48
10,12,1573
10,13,1415
10,44,1183
10,45,1183
10,117,1754
10,118,1754
10,119,728
10,120,866
10,121,519
10,122,596
10,123,525
10,124,627
10,125,1050
10,126,984
10,127,1415
10,128,1604
10,130,1502
10,221,749
10,222,749
10,267,1366
10,270,1527
10,271,1320
10,272,1341
10,273,1260
10,274,1419
10,291,526
10,292,526
10,315,1496
10,316,1410
10,344,1795
10,349,1793
10,350,1776
11,10,208
11,11,30
11,12,1525
11,13,1367
11,44,1135
11,45,1135
11,117,1706
11,118,1706
11,119,680
11,120,819
11,121,471
11,122,548
11,123,477
11,124,580
11,125,1003
11,126,937
11,127,1368
11,128,1556
11,130,1455
11,221,702
11,222,702
11,267,1319
11,268,1763
11,270,1480
11,271,1272
11,272,1294
11,273,1213
11,274,1371
11,291,478
11,292,478
11,315,1448
11,316,1363
11,344,1747
11,349,1745
11,350,1728
12,10,1223
12,11,1270
12,12,30
12,13,578
12,44,1523
12,45,1523
12,119,663
12,120,1206
12,121,1056
12,122,1127
12,123,1056
12,124,956
12,125,1588
12,126,1521
12,221,1280
12,222,1280
12,273,1791
12,288,1503
12,289,1443
12,290,1540
12,291,1493
12,292,1493
12,315,1685
12,316,1599
12,344,958
12,345,1018
13,10,1590
13,11,1637
13,12,367
13,13,30
13,59,1721
13,60,1251
13,61,1298
13,119,1030
13,120,1573
13,121,1423
13,122,1494
13,123,1423
13,124,1323
13,221,1647
13,222,1647
13,288,925
13,289,865
13,290,962
13,315,1656
13,316,1570
13,344,381
13,345,440
14,14,30
14,15,82
14,125,1429
14,127,1310
14,128,1249
14,129,1522
14,131,401
14,132,368
14,133,868
14,134,904
14,135,645
14,136,629
14,140,1259
14,141,1259
14,153,710
14,154,849
14,155,753
14,156,1566
14,157,1600
14,158,1174
14,159,1174
14,160,1174
14,232,1640
14,245,1642
14,246,1642
14,247,1041
14,248,1041
14,267,1745
14,268,1316
14,269,826
14,270,1139
14,271,1700
14,272,1722
14,273,1641
14,274,1542
14,285,1501
14,286,1771
15,14,79
15,15,30
15,125,1347
15,127,1228
15,128,1168
15,129,1441
15,131,319
15,132,287
15,133,947
15,134,982
15,135,723
15,136,707
15,140,1337
15,141,1337
15,153,788
15,154,928
15,155,831
15,156,1644
15,157,1679
15,158,1252
15,159,1252
15,160,1252
15,232,1719
15,245,1560
15,246,1560
15,247,1120
15,248,1120
15,267,1663
15,268,1235
15,269,745
15,270,1058
15,271,1619
15,272,1640
15,273,1560
15,274,1460
15,285,1419
15,286,1689
16,16,30
16,106,492
16,107,492
16,108,1602
16,109,1236
16,110,1282
16,111,1096
16,112,1096
16,113,1136
16,114,853
16,115,1150
16,116,1150
16,241,276
16,242,276
16,244,1515
17,17,30
17,18,30
17,183,791
17,184,688
17,261,1557
17,263,1256
17,264,1114
17,265,395
17,266,389
17,287,560
18,17,30
18,18,30
18,183,791
18,184,688
18,261,1557
18,263,1256
18,264,1114
18,265,395
18,266,389
18,287,560
19,19,30
19,20,265
19,21,1370
19,22,1370
19,23,1177
19,24,1070
19,25,1070
19,26,1369
19,27,1369
19,28,1746
19,29,1623
19,30,1580
19,31,1623
19,36,1680
19,280,1730
19,281,1666
19,282,1628
19,283,388
19,284,404
19,327,624
19,328,578
19,329,1050
19,330,1572
19,331,1515
19,332,1355
19,333,1355
19,334,1440
19,335,1440
19,336,1055
19,337,1206
20,19,436
20,20,30
20,21,1376
20,22,1376
20,23,1183
20,24,1076
20,25,1076
20,26,1375
20,27,1375
20,28,1752
20,29,1629
20,30,1585
20,31,1629
20,36,1685
20,280,1736
20,281,1672
20,282,1634
20,283,394
20,284,410
20,327,630
20,328,584
20,329,1056
20,330,1611
20,331,1554
20,332,1394
20,333,1394
20,334,1479
20,335,1479
20,336,1061
20,337,1212
21,6,1424
21,7,1416
21,19,1270
21,20,1534
21,21,30
21,22,30
21,23,194
21,24,324
21,25,324
21,26,724
21,27,724
21,28,863
21,29,735
21,30,691
21,31,735
21,33,1344
21,34,1344
21,35,1293
21,36,1034
21,37,1319
21,38,1319
21,39,1543
21,40,1544
21,46,1698
21,47,1716
21,48,1753
21,49,1753
21,52,1645
21,53,1682
21,54,1652
21,55,1490
21,56,1276
21,57,1291
21,235,1073
21,236,1073
21,251,1196
21,252,1196
21,280,1085
21,281,1020
21,282,983
21,283,966
21,284,913
21,300,1685
21,301,1382
21,302,1362
21,303,1312
21,317,1505
21,318,1505
22,6,1424
22,7,1416
22,19,1270
22,20,1534
22,21,30
22,22,30
22,23,194
22,24,324
22,25,324
22,26,724
22,27,724
22,28,863
22,29,735
22,30,691
22,31,735
22,33,1344
22,34,1344
22,35,1293
22,36,1034
22,37,1319
22,38,1319
22,39,1543
22,40,1544
22,46,1698
22,47,1716
22,48,1753
22,49,1753
22,52,1645
22,53,1682
22,54,1652
22,55,1490
22,56,1276
22,57,1291
22,235,1073
22,236,1073
22,251,1196
22,252,1196
22,280,1085
22,281,1020
22,282,983
22,283,966
22,284,913
22,300,1685
22,301,1382
22,302,1362
22,303,1312
22,317,1505
22,318,1505
23,6,1231
23,7,1223
23,19,1076
23,20,1341
23,21,194
23,22,194
23,23,30
23,24,131
23,25,131
23,26,530
23,27,530
23,28,670
23,29,542
23,30,498
23,31,542
23,32,1680
23,33,1151
23,34,1151
23,35,1100
23,36,841
23,37,1125
23,38,1125
23,39,1350
23,40,1351
23,46,1505
23,47,1523
23,48,1560
23,49,1560
23,52,1452
23,53,1489
23,54,1459
23,55,1297
23,56,1083
23,57,1098
23,77,1613
23,78,1669
23,79,1613
23,235,880
23,236,880
23,251,1003
23,252,1003
23,280,892
23,281,827
23,282,790
23,283,773
23,284,720
23,300,1492
23,301,1189
23,302,1169
23,303,1119
23,311,1684
23,312,1684
23,317,1312
23,318,1312
23,327,1700
23,328,1654
23,347,1611
23,348,1640
24,6,1284
24,7,1276
24,19,1130
24,20,1395
24,21,301
24,22,301
24,23,108
24,24,30
24,25,30
24,26,584
24,27,584
24,28,682
24,29,554
24,30,510
24,31,554
24,32,1733
24,33,1204
24,34,1204
24,35,1154
24,36,894
24,37,1179
24,38,1179
24,39,1403
24,40,1404
24,46,1517
24,47,1535
24,48,1572
24,49,1572
24,52,1464
24,53,1501
24,54,1471
24,55,1309
24,56,1095
24,57,1110
24,77,1625
24,78,1681
24,79,1625
24,235,892
24,236,892
24,251,1015
24,252,1015
24,280,945
24,281,880
24,282,843
24,283,826
24,284,774
24,300,1504
24,301,1201
24,302,1180
24,303,1130
24,311,1696
24,312,1696
24,317,1323
24,318,1323
24,327,1753
24,328,1707
24,347,1665
24,348,1693
25,6,1284
25,7,1276
25,19,1130
25,20,1395
25,21,301
25,22,301
25,23,108
25,24,30
25,25,30
25,26,584
25,27,584
25,28,682
25,29,554
25,30,510
25,31,554
25,32,1733
25,33,1204
25,34,1204
25,35,1154
25,36,894
25,37,1179
25,38,1179
25,39,1403
25,40,1404
25,46,1517
25,47,1535
25,48,1572
25,49,1572
25,52,1464
25,53,1501
25,54,1471
25,55,1309
25,56,1095
25,57,1110
25,77,1625
25,78,1681
25,79,1625
25,235,892
25,236,892
25,251,1015
25,252,1015
25,280,945
25,281,880
25,282,843
25,283,826
25,284,774
25,300,1504
25,301,1201
25,302,1180
25,303,1130
25,311,1696
25,312,1696
25,317,1323
25,318,1323
25,327,1753
25,328,1707
25,347,1665
25,348,1693
26,6,1020
26,7,1013
26,19,1330
26,20,1595
26,21,714
26,22,714
26,23,521
26,24,414
26,25,414
26,26,30
26,27,30
26,28,738
26,29,967
26,30,923
26,31,967
26,32,1672
26,33,621
26,34,621
26,35,1125
26,36,866
26,37,1150
26,38,1150
26,39,1374
26,40,1376
26,46,1716
26,47,1591
26,48,1436
26,49,1436
26,52,1521
26,53,1299
26,54,980
26,55,1003
26,56,1152
26,57,1166
26,75,1578
26,76,1578
26,77,1100
26,78,1157
26,79,1100
26,80,1335
26,81,1388
26,82,1494
26,83,1367
26,85,1777
26,86,1761
26,92,1675
26,93,1711
26,94,1708
26,95,1664
26,235,949
26,236,949
26,251,491
26,252,491
26,280,362
26,281,297
26,282,260
26,283,1026
26,284,974
26,300,980
26,301,677
26,302,656
26,303,606
26,311,1172
26,312,1172
26,317,1380
26,318,1380
26,347,1636
26,348,1665
27,6,1020
27,7,1013
27,19,1330
27,20,1595
27,21,714
27,22,714
27,23,521
27,24,414
27,25,414
27,26,30
27,27,30
27,28,738
27,29,967
27,30,923
27,31,967
27,32,1672
27,33,621
27,34,621
27,35,1125
27,36,866
27,37,1150
27,38,1150
27,39,1374
27,40,1376
27,46,1716
27,47,1591
27,48,1436
27,49,1436
27,52,1521
27,53,1299
27,54,980
27,55,1003
27,56,1152
27,57,1166
27,75,1578
27,76,1578
27,77,1100
27,78,1157
27,79,1100
27,80,1335
27,81,1388
27,82,1494
27,83,1367
27,85,1777
27,86,1761
27,92,1675
27,93,1711
27,94,1708
27,95,1664
27,235,949
27,236,949
27,251,491
27,252,491
27,280,362
27,281,297
27,282,260
27,283,1026
27,284,974
27,300,980
27,301,677
27,302,656
27,303,606
27,311,1172
27,312,1172
27,317,1380
27,318,1380
27,347,1636
27,348,1665
28,6,1730
28,7,1723
28,19,1576
28,21,731
28,22,731
28,23,538
28,24,631
28,25,631
28,26,1030
28,27,1030
28,28,30
28,29,1010
28,30,967
28,31,1010
28,33,1651
28,34,1651
28,35,1600
28,36,1341
28,37,1625
28,38,1625
28,46,1250
28,47,1375
28,48,1760
28,49,1760
28,52,1652
28,53,1689
28,54,1659
28,55,1497
28,56,1283
28,57,1298
28,235,1348
28,236,1348
28,251,1471
28,252,1471
28,280,1391
28,281,1327
28,282,1290
28,283,1272
28,284,1220
28,301,1657
28,302,1637
28,303,1587
28,317,1470
28,318,1470
29,6,1536
29,7,1529
29,19,1641
29,21,859
29,22,859
29,23,666
29,24,724
29,25,724
29,26,517
29,27,517
29,28,129
29,29,30
29,30,1095
29,31,30
29,33,972
29,34,972
29,35,1640
29,36,1381
29,37,1665
29,38,1665
29,46,1106
29,47,982
29,48,1019
29,49,1019
29,50,1638
29,51,1638
29,52,911
29,53,948
29,54,918
29,55,756
29,56,542
29,57,557
29,58,1593
29,59,1587
29,75,1592
29,76,1592
29,77,1115
29,78,1171
29,79,1115
29,80,1350
29,81,1402
29,82,1508
29,83,1381
29,85,1791
29,86,1776
29,92,1689
29,93,1725
29,94,1722
29,95,1678
29,96,1747
29,97,1611
29,98,1755
29,99,1671
29,235,339
29,236,339
29,251,505
29,252,505
29,276,1729
29,277,1709
29,280,550
29,281,648
29,282,611
29,283,1337
29,284,1285
29,300,994
29,301,691
29,302,671
29,303,621
29,311,1186
29,312,1186
29,317,770
29,318,770
30,6,1579
30,7,1572
30,19,1684
30,21,903
30,22,903
30,23,710
30,24,767
30,25,767
30,26,560
30,27,560
30,28,172
30,29,44
30,30,30
30,31,44
30,33,1015
30,34,1015
30,35,1684
30,36,1424
30,37,1709
30,38,1709
30,46,1150
30,47,1025
30,48,1062
30,49,1062
30,50,1681
30,51,1681
30,52,954
30,53,991
30,54,961
30,55,799
30,56,585
30,57,600
30,58,1636
30,59,1631
30,75,1635
30,76,1635
30,77,1158
30,78,1215
30,79,1158
30,80,1393
30,81,1445
30,82,1551
30,83,1425
30,92,1732
30,93,1768
30,94,1766
30,95,1722
30,96,1790
30,97,1654
30,98,1798
30,99,1714
30,235,382
30,236,382
30,251,548
30,252,548
30,276,1773
30,277,1752
30,280,593
30,281,691
30,282,654
30,283,1380
30,284,1328
30,300,1037
30,301,734
30,302,714
30,303,664
30,311,1230
30,312,1230
30,317,814
30,318,814
31,6,1536
31,7,1529
31,19,1641
31,21,859
31,22,859
31,23,666
31,24,724
31,25,724
31,26,517
31,27,517
31,28,129
31,29,30
31,30,1095
31,31,30
31,33,972
31,34,972
31,35,1640
31,36,1381
31,37,1665
31,38,1665
31,46,1106
31,47,982
31,48,1019
31,49,1019
31,50,1638
31,51,1638
31,52,911
31,53,948
31,54,918
31,55,756
31,56,542
31,57,557
31,58,1593
31,59,1587
31,75,1592
31,76,1592
31,77,1115
31,78,1171
31,79,1115
31,80,1350
31,81,1402
31,82,1508
31,83,1381
31,85,1791
31,86,1776
31,92,1689
31,93,1725
31,94,1722
31,95,1678
31,96,1747
31,97,1611
31,98,1755
31,99,1671
31,235,339
31,236,339
31,251,505
31,252,505
31,276,1729
31,277,1709
31,280,550
31,281,648
31,282,611
31,283,1337
31,284,1285
31,300,994
31,301,691
31,302,671
31,303,621
31,311,1186
31,312,1186
31,317,770
31,318,770
32,21,1684
32,22,1684
32,23,1491
32,24,1384
32,25,1384
32,26,971
32,27,971
32,28,1661
32,32,30
32,33,491
32,34,491
32,36,1794
32,53,1793
32,54,1516
32,55,1539
32,56,1752
32,57,1792
32,66,1667
32,67,1566
32,68,1297
32,69,1323
32,70,979
32,71,1110
32,72,535
32,73,591
32,74,1163
32,75,1073
32,76,1073
32,77,739
32,78,795
32,79,739
32,80,974
32,81,1274
32,82,1132
32,83,1254
32,84,1310
32,85,1272
32,86,1397
32,87,1392
32,88,1634
32,89,1592
32,90,1473
32,91,1502
32,92,1313
32,93,1349
32,94,1347
32,95,1303
32,239,500
32,240,493
32,251,1364
32,252,1364
32,280,1236
32,281,748
32,282,711
32,300,1316
32,301,1212
32,302,1183
32,303,1233
32,305,1600
32,306,1553
32,311,667
32,312,667
32,313,1587
32,314,1506
33,6,1787
33,7,1780
33,21,1523
33,22,1523
33,23,1330
33,24,1223
33,25,1223
33,26,810
33,27,810
33,28,1500
33,29,1776
33,30,1732
33,31,1776
33,33,30
33,34,30
33,36,1633
33,54,1548
33,55,1571
33,56,1785
33,75,1575
33,76,1575
33,77,1098
33,78,1155
33,79,1098
33,80,1333
33,81,1385
33,82,1491
33,83,1365
33,85,1774
33,86,1759
33,92,1672
33,93,1708
33,94,1706
33,95,1662
33,235,1710
33,236,1710
33,251,1203
33,252,1203
33,280,1075
33,281,587
33,282,550
33,284,1783
33,300,1349
33,301,1245
33,302,1216
33,303,1266
33,311,1170
33,312,1170
34,6,1787
34,7,1780
34,21,1523
34,22,1523
34,23,1330
34,24,1223
34,25,1223
34,26,810
34,27,810
34,28,1500
34,29,1776
34,30,1732
34,31,1776
34,33,30
34,34,30
34,36,1633
34,54,1548
34,55,1571
34,56,1785
34,75,1575
34,76,1575
34,77,1098
34,78,1155
34,79,1098
34,80,1333
34,81,1385
34,82,1491
34,83,1365
34,85,1774
34,86,1759
34,92,1672
34,93,1708
34,94,1706
34,95,1662
34,235,1710
34,236,1710
34,251,1203
34,252,1203
34,280,1075
34,281,587
34,282,550
34,284,1783
34,300,1349
34,301,1245
34,302,1216
34,303,1266
34,311,1170
34,312,1170
35,6,183
35,7,175
35,21,1467
35,22,1467
35,23,1274
35,24,1167
35,25,1167
35,26,829
35,27,829
35,28,1567
35,29,1720
35,30,1676
35,31,1720
35,32,835
35,33,775
35,34,775
35,35,30
35,36,577
35,37,927
35,38,927
35,39,1151
35,40,1152
35,54,1791
35,68,1673
35,69,1699
35,70,1355
35,71,1487
35,72,1317
35,73,1166
35,74,1120
35,75,1713
35,76,1713
35,77,1573
35,78,1630
35,79,1573
35,229,1666
35,230,1692
35,235,1777
35,236,1777
35,239,1334
35,240,1328
35,251,1301
35,252,1301
35,280,1172
35,281,757
35,282,1070
35,283,1779
35,284,1727
35,300,1790
35,301,1487
35,302,1467
35,303,1417
35,311,1502
35,312,1502
35,347,1413
35,348,1452
36,6,655
36,7,647
36,19,1725
36,21,1109
36,22,1109
36,23,916
36,24,809
36,25,809
36,26,966
36,27,966
36,28,1343
36,29,1362
36,30,1318
36,31,1362
36,32,1052
36,33,1123
36,34,1123
36,35,473
36,36,30
36,37,350
36,38,350
36,39,574
36,40,575
36,41,1338
36,42,1468
36,43,1468
36,56,1756
36,57,1771
36,62,1604
36,63,1685
36,68,1653
36,69,1679
36,70,1367
36,71,1467
36,72,1534
36,73,1383
36,74,1337
36,77,1790
36,79,1790
36,229,1089
36,230,1115
36,235,1553
36,236,1553
36,239,1551
36,240,1545
36,251,1456
36,252,1456
36,280,1327
36,281,1106
36,282,1225
36,283,1421
36,284,1369
36,301,1642
36,302,1622
36,303,1572
36,311,1718
36,312,1718
36,347,836
36,348,875
37,6,908
37,7,901
37,21,1362
37,22,1362
37,23,1169
37,24,1062
37,25,1062
37,26,1219
37,27,1219
37,28,1596
37,29,1615
37,30,1572
37,31,1615
37,32,1305
37,33,1376
37,34,1376
37,35,726
37,36,778
37,37,30
37,38,30
37,39,225
37,40,226
37,41,988
37,42,1118
37,43,1118
37,62,1254
37,63,1335
37,70,1618
37,71,1717
37,72,1787
37,73,1636
37,74,1590
37,229,740
37,230,765
37,240,1798
37,251,1709
37,252,1709
37,280,1580
37,281,1359
37,282,1479
37,283,1675
37,284,1622
37,307,1706
37,308,1769
37,347,487
37,348,525
38,6,908
38,7,901
38,21,1362
38,22,1362
38,23,1169
38,24,1062
38,25,1062
38,26,1219
38,27,1219
38,28,1596
38,29,1615
38,30,1572
38,31,1615
38,32,1305
38,33,1376
38,34,1376
38,35,726
38,36,778
38,37,30
38,38,30
38,39,225
38,40,226
38,41,988
38,42,1118
38,43,1118
38,62,1254
38,63,1335
38,70,1618
38,71,1717
38,72,1787
38,73,1636
38,74,1590
38,229,740
38,230,765
38,240,1798
38,251,1709
38,252,1709
38,280,1580
38,281,1359
38,282,1479
38,283,1675
38,284,1622
38,307,1706
38,308,1769
38,347,487
38,348,525
39,6,1132
39,7,1125
39,21,1570
39,22,1570
39,23,1376
39,24,1269
39,25,1269
39,26,1427
39,27,1427
39,30,1779
39,32,1529
39,33,1584
39,34,1584
39,35,950
39,36,1002
39,37,225
39,38,225
39,39,30
39,40,2
39,41,764
39,42,894
39,43,894
39,62,1030
39,63,1111
39,229,516
39,230,541
39,280,1788
39,281,1566
39,282,1686
39,307,1482
39,308,1545
39,347,262
39,348,301
40,6,1133
40,7,1126
40,21,1571
40,22,1571
40,23,1378
40,24,1270
40,25,1270
40,26,1428
40,27,1428
40,30,1780
40,32,1530
40,33,1585
40,34,1585
40,35,951
40,36,1004
40,37,226
40,38,226
40,39,2
40,40,30
40,41,765
40,42,895
40,43,895
40,62,1031
40,63,1112
40,229,517
40,230,542
40,280,1789
40,281,1567
40,282,1687
40,307,1483
40,308,1546
40,347,264
40,348,302
41,35,1714
41,36,1766
41,37,988
41,38,988
41,39,764
41,40,765
41,41,30
41,42,130
41,43,130
41,62,266
41,63,347
41,64,1158
41,229,249
41,230,224
41,307,718
41,308,781
41,347,502
41,348,463
42,37,1120
42,38,1120
42,39,896
42,40,897
42,41,132
42,42,30
42,43,30
42,62,137
42,63,217
42,64,1028
42,229,381
42,230,355
42,307,588
42,308,651
42,347,634
42,348,595
43,37,1120
43,38,1120
43,39,896
43,40,897
43,41,132
43,42,30
43,43,30
43,62,137
43,63,217
43,64,1028
43,229,381
43,230,355
43,307,588
43,308,651
43,347,634
43,348,595
44,10,1125
44,11,1173
44,12,494
44,13,336
44,44,30
44,45,30
44,60,1586
44,61,1633
44,119,566
44,120,956
44,121,958
44,122,1029
44,123,958
44,124,859
44,125,1490
44,126,1424
44,221,1182
44,222,1182
44,271,1753
44,272,1774
44,273,1694
44,288,1260
44,289,1201
44,290,1297
44,291,1395
44,292,1395
44,315,1596
44,316,1510
44,344,716
44,345,775
45,10,1125
45,11,1173
45,12,494
45,13,336
45,44,30
45,45,30
45,60,1586
45,61,1633
45,119,566
45,120,956
45,121,958
45,122,1029
45,123,958
45,124,859
45,125,1490
45,126,1424
45,221,1182
45,222,1182
45,271,1753
45,272,1774
45,273,1694
45,288,1260
45,289,1201
45,290,1297
45,291,1395
45,292,1395
45,315,1596
45,316,1510
45,344,716
45,345,775
46,8,1724
46,9,1697
46,21,1178
46,22,1178
46,23,1371
46,24,1502
46,25,1502
46,26,1577
46,27,1577
46,28,1157
46,29,1476
46,30,1433
46,31,1476
46,46,30
46,47,125
46,48,897
46,49,897
46,50,1516
46,51,1516
46,52,789
46,53,996
46,54,965
46,55,803
46,56,590
46,57,550
46,58,1471
46,59,1017
46,77,1597
46,78,1654
46,79,1597
46,96,1624
46,97,1488
46,98,1632
46,99,1549
46,235,1400
46,236,1400
46,251,1407
46,252,1407
46,276,1607
46,277,1587
46,280,1611
46,281,1518
46,282,1481
46,300,1477
46,301,1174
46,302,1153
46,303,1195
46,311,1669
46,312,1669
46,317,337
46,318,337
47,8,1669
47,9,1642
47,21,1303
47,22,1303
47,23,1496
47,24,1626
47,25,1626
47,26,1453
47,27,1453
47,28,1032
47,29,1601
47,30,1558
47,31,1601
47,33,1718
47,34,1718
47,46,125
47,47,30
47,48,842
47,49,842
47,50,1461
47,51,1461
47,52,734
47,53,871
47,54,840
47,55,679
47,56,465
47,57,426
47,58,1416
47,59,1122
47,77,1473
47,78,1529
47,79,1473
47,80,1708
47,81,1760
47,83,1739
47,96,1569
47,97,1433
47,98,1577
47,99,1494
47,235,1275
47,236,1275
47,251,1282
47,252,1282
47,276,1552
47,277,1532
47,280,1486
47,281,1394
47,282,1356
47,300,1352
47,301,1049
47,302,1028
47,303,1070
47,311,1544
47,312,1544
47,317,212
47,318,212
48,8,828
48,9,801
48,23,1662
48,24,1753
48,25,1753
48,26,1545
48,27,1545
48,28,1125
48,33,1696
48,34,1696
48,46,826
48,47,779
48,48,30
48,49,30
48,50,619
48,51,619
48,52,287
48,53,636
48,54,819
48,55,657
48,56,557
48,57,557
48,58,574
48,59,569
48,60,1544
48,61,1591
48,77,1451
48,78,1507
48,79,1451
48,80,1686
48,81,1697
48,83,1631
48,96,1080
48,97,944
48,98,873
48,99,1005
48,100,1080
48,101,1169
48,102,1428
48,103,1543
48,104,1623
48,105,1539
48,233,1693
48,235,1367
48,236,1367
48,251,1260
48,252,1260
48,276,711
48,277,690
48,280,1579
48,281,1372
48,282,1334
48,288,1423
48,289,1420
48,290,1460
48,300,1330
48,301,1027
48,302,1007
48,303,1048
48,311,1522
48,312,1522
48,313,1796
48,317,771
48,318,771
48,345,1776
49,8,828
49,9,801
49,23,1662
49,24,1753
49,25,1753
49,26,1545
49,27,1545
49,28,1125
49,33,1696
49,34,1696
49,46,826
49,47,779
49,48,30
49,49,30
49,50,619
49,51,619
49,52,287
49,53,636
49,54,819
49,55,657
49,56,557
49,57,557
49,58,574
49,59,569
49,60,1544
49,61,1591
49,77,1451
49,78,1507
49,79,1451
49,80,1686
49,81,1697
49,83,1631
49,96,1080
49,97,944
49,98,873
49,99,1005
49,100,1080
49,101,1169
49,102,1428
49,103,1543
49,104,1623
49,105,1539
49,233,1693
49,235,1367
49,236,1367
49,251,1260
49,252,1260
49,276,711
49,277,690
49,280,1579
49,281,1372
49,282,1334
49,288,1423
49,289,1420
49,290,1460
49,300,1330
49,301,1027
49,302,1007
49,303,1048
49,311,1522
49,312,1522
49,313,1796
49,317,771
49,318,771
49,345,1776
50,8,895
50,9,868
50,23,1729
50,26,1612
50,27,1612
50,28,1192
50,33,1763
50,34,1763
50,46,893
50,47,846
50,48,68
50,49,68
50,50,30
50,51,30
50,52,354
50,53,703
50,54,886
50,55,724
50,56,624
50,57,624
50,58,641
50,59,636
50,60,1611
50,61,1658
50,77,1518
50,78,1574
50,79,1518
50,80,1753
50,81,1764
50,83,1698
50,96,1147
50,97,1011
50,98,940
50,99,1072
50,100,1147
50,101,1236
50,102,1495
50,103,1610
50,104,1690
50,105,1606
50,233,1760
50,235,1434
50,236,1434
50,251,1327
50,252,1327
50,276,778
50,277,757
50,280,1646
50,281,1439
50,282,1401
50,288,1490
50,289,1487
50,290,1527
50,300,1397
50,301,1094
50,302,1074
50,303,1115
50,311,1589
50,312,1589
50,317,838
50,318,838
51,8,895
51,9,868
51,23,1729
51,26,1612
51,27,1612
51,28,1192
51,33,1763
51,34,1763
51,46,893
51,47,846
51,48,68
51,49,68
51,50,30
51,51,30
51,52,354
51,53,703
51,54,886
51,55,724
51,56,624
51,57,624
51,58,641
51,59,636
51,60,1611
51,61,1658
51,77,1518
51,78,1574
51,79,1518
51,80,1753
51,81,1764
51,83,1698
51,96,1147
51,97,1011
51,98,940
51,99,1072
51,100,1147
51,101,1236
51,102,1495
51,103,1610
51,104,1690
51,105,1606
51,233,1760
51,235,1434
51,236,1434
51,251,1327
51,252,1327
51,276,778
51,277,757
51,280,1646
51,281,1439
51,282,1401
51,288,1490
51,289,1487
51,290,1527
51,300,1397
51,301,1094
51,302,1074
51,303,1115
51,311,1589
51,312,1589
51,317,838
51,318,838
52,8,936
52,9,909
52,23,1728
52,24,1720
52,25,1720
52,26,1307
52,27,1307
52,28,1190
52,33,1409
52,34,1409
52,46,935
52,47,887
52,48,109
52,49,109
52,50,728
52,51,728
52,52,30
52,53,349
52,54,532
52,55,370
52,56,584
52,57,623
52,58,683
52,59,677
52,60,1653
52,61,1700
52,75,1641
52,76,1641
52,77,1164
52,78,1221
52,79,1164
52,80,1399
52,81,1451
52,82,1557
52,83,1387
52,92,1738
52,93,1774
52,94,1772
52,95,1728
52,96,836
52,97,700
52,98,844
52,99,761
52,100,1189
52,101,1278
52,102,1537
52,103,1652
52,104,1731
52,105,1647
52,227,1572
52,228,1572
52,233,1449
52,235,1433
52,236,1433
52,251,974
52,252,974
52,276,819
52,277,799
52,280,1294
52,281,1085
52,282,1048
52,288,1531
52,289,1529
52,290,1568
52,300,1043
52,301,740
52,302,720
52,303,761
52,311,1236
52,312,1236
52,313,1552
52,314,1633
52,317,837
52,318,837
53,8,1296
53,9,1268
53,21,1572
53,22,1572
53,23,1379
53,24,1371
53,25,1371
53,26,958
53,27,958
53,28,842
53,29,1636
53,30,1593
53,31,1636
53,33,1060
53,34,1060
53,36,1782
53,46,824
53,47,699
53,48,468
53,49,468
53,50,1087
53,51,1087
53,52,620
53,53,30
53,54,183
53,55,21
53,56,235
53,57,274
53,58,1042
53,59,1036
53,75,1293
53,76,1293
53,77,815
53,78,872
53,79,815
53,80,1050
53,81,1102
53,82,1209
53,83,1082
53,84,1530
53,85,1492
53,86,1476
53,87,1612
53,90,1693
53,91,1722
53,92,1389
53,93,1426
53,94,1423
53,95,1379
53,96,1196
53,97,1060
53,98,1204
53,99,1120
53,100,1548
53,101,1637
53,235,1084
53,236,1084
53,251,625
53,252,625
53,276,1178
53,277,1158
53,280,945
53,281,736
53,282,699
53,300,694
53,301,392
53,302,371
53,303,412
53,311,887
53,312,887
53,313,1663
53,314,1582
53,317,488
53,318,488
54,8,1284
54,9,1256
54,21,1575
54,22,1575
54,23,1382
54,24,1374
54,25,1374
54,26,961
54,27,961
54,28,844
54,29,1638
54,30,1595
54,31,1638
54,33,1063
54,34,1063
54,36,1784
54,46,826
54,47,702
54,48,456
54,49,456
54,50,1075
54,51,1075
54,52,613
54,53,319
54,54,30
54,55,24
54,56,237
54,57,277
54,58,1030
54,59,1024
54,75,1295
54,76,1295
54,77,817
54,78,874
54,79,817
54,80,1052
54,81,1105
54,82,1211
54,83,1084
54,84,1532
54,85,1494
54,86,1479
54,87,1614
54,90,1695
54,91,1724
54,92,1392
54,93,1428
54,94,1425
54,95,1381
54,96,1184
54,97,1048
54,98,1192
54,99,1108
54,100,1536
54,101,1625
54,233,1797
54,235,1087
54,236,1087
54,251,627
54,252,627
54,276,1166
54,277,1146
54,280,947
54,281,739
54,282,701
54,300,697
54,301,394
54,302,373
54,303,415
54,311,889
54,312,889
54,313,1666
54,314,1585
54,317,490
54,318,490
55,8,1275
55,9,1248
55,21,1552
55,22,1552
55,23,1359
55,24,1351
55,25,1351
55,26,938
55,27,938
55,28,821
55,29,1615
55,30,1572
55,31,1615
55,33,1039
55,34,1039
55,36,1761
55,46,803
55,47,679
55,48,448
55,49,448
55,50,1067
55,51,1067
55,52,599
55,53,310
55,54,162
55,55,30
55,56,214
55,57,254
55,58,1022
55,59,1016
55,75,1272
55,76,1272
55,77,794
55,78,851
55,79,794
55,80,1029
55,81,1082
55,82,1188
55,83,1061
55,84,1509
55,85,1471
55,86,1455
55,87,1591
55,89,1791
55,90,1672
55,91,1701
55,92,1369
55,93,1405
55,94,1402
55,95,1358
55,96,1175
55,97,1039
55,98,1183
55,99,1099
55,100,1527
55,101,1616
55,233,1788
55,235,1064
55,236,1064
55,251,604
55,252,604
55,276,1158
55,277,1137
55,280,924
55,281,715
55,282,678
55,300,674
55,301,371
55,302,350
55,303,392
55,311,866
55,312,866
55,313,1643
55,314,1562
55,317,467
55,318,467
56,8,1330
56,9,1302
56,21,1338
56,22,1338
56,23,1145
56,24,1235
56,25,1235
56,26,1028
56,27,1028
56,28,607
56,29,1401
56,30,1358
56,31,1401
56,33,1253
56,34,1253
56,46,590
56,47,465
56,48,502
56,49,502
56,50,1121
56,51,1121
56,52,394
56,53,415
56,54,376
56,55,214
56,56,30
56,57,40
56,58,1076
56,59,1071
56,75,1486
56,76,1486
56,77,1008
56,78,1065
56,79,1008
56,80,1243
56,81,1295
56,82,1402
56,83,1275
56,84,1723
56,85,1685
56,86,1669
56,92,1582
56,93,1619
56,94,1616
56,95,1572
56,96,1230
56,97,1094
56,98,1238
56,99,1154
56,100,1582
56,101,1671
56,235,850
56,236,850
56,251,818
56,252,818
56,276,1212
56,277,1192
56,280,1061
56,281,929
56,282,892
56,284,1796
56,300,888
56,301,585
56,302,564
56,303,605
56,311,1080
56,312,1080
56,314,1776
56,317,254
56,318,254
57,8,1344
57,9,1317
57,21,1338
57,22,1338
57,23,1145
57,24,1235
57,25,1235
57,26,1028
57,27,1028
57,28,607
57,29,1401
57,30,1358
57,31,1401
57,33,1293
57,34,1293
57,46,550
57,47,426
57,48,517
57,49,517
57,50,1136
57,51,1136
57,52,409
57,53,446
57,54,415
57,55,254
57,56,40
57,57,30
57,58,1091
57,59,1085
57,75,1525
57,76,1525
57,77,1047
57,78,1104
57,79,1047
57,80,1282
57,81,1335
57,82,1441
57,83,1314
57,84,1762
57,85,1724
57,86,1708
57,92,1622
57,93,1658
57,94,1655
57,95,1611
57,96,1244
57,97,1109
57,98,1252
57,99,1169
57,100,1597
57,101,1686
57,235,850
57,236,850
57,251,857
57,252,857
57,276,1227
57,277,1207
57,280,1061
57,281,968
57,282,931
57,284,1796
57,300,927
57,301,624
57,302,603
57,303,645
57,311,1119
57,312,1119
57,317,214
57,318,214
58,8,1539
58,9,1511
58,12,1659
58,58,30
58,59,1441
58,60,970
58,61,1017
58,100,1415
58,101,1504
58,102,1496
58,103,1122
58,104,1690
58,105,965
58,288,849
58,289,846
58,290,886
58,315,1580
58,316,1494
58,344,1701
58,345,1202
59,8,1562
59,9,1534
59,28,1463
59,46,1061
59,47,1014
59,48,734
59,49,734
59,50,1353
59,51,1353
59,52,626
59,53,975
59,54,1157
59,55,995
59,56,896
59,57,896
59,58,1308
59,59,30
59,77,1789
59,79,1789
59,96,1462
59,97,1326
59,98,1470
59,99,1386
59,235,1706
59,236,1706
59,251,1599
59,252,1599
59,276,1444
59,277,1424
59,281,1710
59,282,1673
59,300,1669
59,301,1366
59,302,1345
59,303,1387
59,317,1110
59,318,1110
60,8,1530
60,9,1502
60,12,1650
60,46,1532
60,47,1484
60,48,1205
60,49,1205
60,52,1096
60,53,1445
60,54,1628
60,55,1466
60,56,1366
60,57,1366
60,58,1778
60,59,471
60,60,30
60,61,48
60,97,1796
60,100,1406
60,101,1494
60,102,1486
60,103,1113
60,104,1681
60,105,956
60,277,1792
60,288,840
60,289,837
60,290,877
60,315,1571
60,316,1485
60,317,1580
60,318,1580
60,344,1692
60,345,1193
61,8,1483
61,9,1455
61,12,1603
61,46,1485
61,47,1437
61,48,1157
61,49,1157
61,50,1776
61,51,1776
61,52,1049
61,53,1398
61,54,1581
61,55,1419
61,56,1319
61,57,1319
61,58,1731
61,59,424
61,60,914
61,61,30
61,97,1749
61,100,1358
61,101,1447
61,102,1439
61,103,1066
61,104,1634
61,105,909
61,276,1765
61,277,1745
61,288,793
61,289,790
61,290,830
61,301,1789
61,302,1768
61,315,1524
61,316,1438
61,317,1533
61,318,1533
61,344,1645
61,345,1146
62,37,1256
62,38,1256
62,39,1032
62,40,1033
62,41,268
62,42,137
62,43,137
62,62,30
62,63,81
62,64,892
62,229,517
62,230,491
62,307,452
62,308,515
62,347,770
62,348,731
63,37,1337
63,38,1337
63,39,1113
63,40,1114
63,41,349
63,42,217
63,43,217
63,62,81
63,63,30
63,64,811
63,229,598
63,230,572
63,307,371
63,308,434
63,347,851
63,348,812
64,41,1160
64,42,1028
64,43,1028
64,62,892
64,63,811
64,64,30
64,229,1409
64,230,1383
64,307,441
64,308,410
64,347,1662
64,348,1623
65,32,1648
65,65,30
65,66,92
65,67,193
65,68,462
65,69,435
65,70,786
65,71,724
65,72,1351
65,73,1216
65,74,1353
65,75,1678
65,76,1678
65,77,1694
65,78,1750
65,79,1694
65,90,1759
65,91,1730
65,175,1633
65,176,1633
65,239,1454
65,240,1448
65,305,1375
65,306,1328
65,311,1622
65,312,1622
66,32,1557
66,66,30
66,67,101
66,68,370
66,69,344
66,70,695
66,71,633
66,72,1260
66,73,1125
66,74,1262
66,75,1587
66,76,1587
66,77,1603
66,78,1659
66,79,1603
66,85,1786
66,90,1668
66,91,1639
66,175,1542
66,176,1542
66,239,1363
66,240,1357
66,305,1284
66,306,1237
66,311,1531
66,312,1531
67,32,1456
67,35,1785
67,66,101
67,67,30
67,68,270
67,69,243
67,70,594
67,71,532
67,72,1159
67,73,1024
67,74,1161
67,75,1486
67,76,1486
67,77,1502
67,78,1558
67,79,1502
67,80,1737
67,84,1723
67,85,1685
67,90,1567
67,91,1538
67,175,1441
67,176,1441
67,239,1262
67,240,1256
67,305,1183
67,306,1136
67,311,1430
67,312,1430
68,6,1698
68,7,1691
68,32,1187
68,33,1677
68,34,1677
68,35,1516
68,36,1569
68,65,1703
68,66,370
68,67,270
68,68,30
68,69,27
68,70,325
68,71,263
68,72,890
68,73,755
68,74,892
68,75,1217
68,76,1217
68,77,1233
68,78,1289
68,79,1233
68,80,1468
68,81,1768
68,82,1626
68,83,1747
68,84,1454
68,85,1416
68,87,1536
68,88,1778
68,89,1737
68,90,1298
68,91,1269
68,95,1796
68,175,1172
68,176,1172
68,177,1534
68,178,1534
68,179,1649
68,180,1651
68,239,993
68,240,987
68,301,1706
68,302,1677
68,303,1727
68,305,914
68,306,867
68,311,1161
68,312,1161
69,6,1725
69,7,1717
69,32,1213
69,33,1703
69,34,1703
69,35,1542
69,36,1595
69,65,1677
69,66,344
69,67,243
69,68,27
69,69,30
69,70,351
69,71,289
69,72,916
69,73,781
69,74,918
69,75,1243
69,76,1243
69,77,1259
69,78,1315
69,79,1259
69,80,1494
69,81,1794
69,82,1652
69,83,1774
69,84,1480
69,85,1442
69,87,1563
69,89,1763
69,90,1324
69,91,1295
69,175,1198
69,176,1198
69,177,1560
69,178,1560
69,179,1675
69,180,1677
69,239,1020
69,240,1013
69,301,1732
69,302,1703
69,303,1753
69,305,940
69,306,893
69,311,1187
69,312,1187
70,6,1374
70,7,1367
70,32,895
70,33,1385
70,34,1385
70,35,1192
70,36,1244
70,37,1594
70,38,1594
70,54,1717
70,55,1740
70,66,688
70,67,588
70,68,318
70,69,345
70,70,30
70,71,132
70,72,598
70,73,463
70,74,600
70,75,925
70,76,925
70,77,940
70,78,997
70,79,940
70,80,1175
70,81,1476
70,82,1334
70,83,1455
70,84,1162
70,85,1124
70,86,1542
70,87,1244
70,88,1486
70,89,1444
70,90,1006
70,91,976
70,92,1515
70,93,1551
70,94,1548
70,95,1504
70,173,1720
70,174,1671
70,175,879
70,176,879
70,177,1242
70,178,1242
70,179,1357
70,180,1358
70,186,1694
70,239,701
70,240,695
70,251,1647
70,252,1647
70,281,1643
70,282,1606
70,300,1518
70,301,1414
70,302,1384
70,303,1434
70,305,621
70,306,575
70,311,869
70,312,869
70,313,1788
70,314,1708
71,6,1436
71,7,1429
71,32,925
71,33,1415
71,34,1415
71,35,1254
71,36,1307
71,37,1656
71,38,1656
71,54,1747
71,55,1770
71,66,751
71,67,650
71,68,381
71,69,407
71,70,63
71,71,30
71,72,628
71,73,493
71,74,630
71,75,955
71,76,955
71,77,970
71,78,1027
71,79,970
71,80,1205
71,81,1506
71,82,1364
71,83,1485
71,84,1192
71,85,1154
71,86,1572
71,87,1274
71,88,1516
71,89,1474
71,90,1036
71,91,1006
71,92,1545
71,93,1581
71,94,1578
71,95,1534
71,173,1750
71,174,1701
71,175,910
71,176,910
71,177,1272
71,178,1272
71,179,1387
71,180,1389
71,186,1724
71,239,731
71,240,725
71,251,1677
71,252,1677
71,281,1673
71,282,1636
71,300,1548
71,301,1444
71,302,1415
71,303,1464
71,305,652
71,306,605
71,311,899
71,312,899
71,314,1738
72,6,1642
72,7,1635
72,26,1570
72,27,1570
72,28,1553
72,32,924
72,33,1415
72,34,1415
72,35,1460
72,36,1512
72,48,1696
72,49,1696
72,53,1604
72,54,1327
72,55,1350
72,56,1563
72,57,1603
72,66,1132
72,67,1031
72,68,762
72,69,788
72,70,444
72,71,576
72,72,30
72,73,57
72,74,629
72,75,604
72,76,604
72,77,550
72,78,607
72,79,550
72,80,785
72,81,1085
72,82,943
72,83,1065
72,84,841
72,85,803
72,86,1208
72,87,923
72,88,1165
72,89,1123
72,90,1004
72,91,1033
72,92,1124
72,93,1160
72,94,1158
72,95,1114
72,96,1788
72,98,1796
72,99,1712
72,170,1542
72,171,1554
72,172,1549
72,174,1784
72,175,1323
72,176,1323
72,177,1685
72,178,1685
72,179,1800
72,235,1763
72,236,1763
72,239,311
72,240,304
72,251,1256
72,252,1256
72,280,1557
72,281,1348
72,282,1311
72,300,1127
72,301,1023
72,302,994
72,303,1044
72,305,1065
72,306,1018
72,311,478
72,312,478
72,313,1398
72,314,1317
73,6,1586
73,7,1578
73,26,1594
73,27,1594
73,28,1577
73,32,868
73,33,1358
73,34,1358
73,35,1403
73,36,1456
73,48,1719
73,49,1719
73,53,1628
73,54,1350
73,55,1373
73,56,1587
73,57,1626
73,66,1076
73,67,975
73,68,706
73,69,732
73,70,388
73,71,520
73,72,231
73,73,30
73,74,573
73,75,627
73,76,627
73,77,573
73,78,630
73,79,573
73,80,808
73,81,1109
73,82,967
73,83,1088
73,84,865
73,85,826
73,86,1231
73,87,947
73,88,1189
73,89,1147
73,90,1027
73,91,1057
73,92,1148
73,93,1184
73,94,1181
73,95,1137
73,99,1736
73,170,1565
73,171,1577
73,172,1573
73,175,1267
73,176,1267
73,177,1629
73,178,1629
73,179,1744
73,180,1746
73,235,1787
73,236,1787
73,239,334
73,240,328
73,251,1280
73,252,1280
73,280,1581
73,281,1372
73,282,1335
73,300,1151
73,301,1047
73,302,1018
73,303,1067
73,305,1009
73,306,962
73,311,502
73,312,502
73,313,1422
73,314,1341
74,6,1632
74,7,1625
74,26,1561
74,27,1561
74,28,1543
74,32,914
74,33,1405
74,34,1405
74,35,1450
74,36,1502
74,48,1686
74,49,1686
74,53,1594
74,54,1317
74,55,1340
74,56,1554
74,57,1593
74,66,1122
74,67,1021
74,68,752
74,69,779
74,70,434
74,71,566
74,72,198
74,73,47
74,74,30
74,75,594
74,76,594
74,77,540
74,78,597
74,79,540
74,80,775
74,81,1075
74,82,934
74,83,1055
74,84,831
74,85,793
74,86,1198
74,87,913
74,88,1155
74,89,1113
74,90,994
74,91,1023
74,92,1114
74,93,1151
74,94,1148
74,95,1104
74,96,1778
74,98,1786
74,99,1703
74,168,1796
74,169,1796
74,170,1532
74,171,1544
74,172,1539
74,174,1775
74,175,1313
74,176,1313
74,177,1676
74,178,1676
74,179,1790
74,180,1792
74,235,1753
74,236,1753
74,239,301
74,240,294
74,251,1246
74,252,1246
74,280,1547
74,281,1338
74,282,1301
74,300,1117
74,301,1013
74,302,984
74,303,1034
74,305,1055
74,306,1009
74,311,468
74,312,468
74,313,1388
74,314,1307
75,26,1498
75,27,1498
75,28,1481
75,32,1369
75,33,1600
75,34,1600
75,48,1624
75,49,1624
75,53,1532
75,54,1255
75,55,1278
75,56,1492
75,57,1531
75,66,1385
75,67,1284
75,68,1015
75,69,1041
75,70,697
75,71,829
75,72,722
75,73,586
75,74,1074
75,75,30
75,76,30
75,77,478
75,78,535
75,79,478
75,80,713
75,81,833
75,82,578
75,83,767
75,84,238
75,85,200
75,86,618
75,87,320
75,88,562
75,89,520
75,90,401
75,91,430
75,92,758
75,93,794
75,94,792
75,95,748
75,96,1422
75,97,1501
75,98,1430
75,99,1347
75,168,1439
75,169,1439
75,170,939
75,171,951
75,172,946
75,173,1230
75,174,1181
75,175,1122
75,176,1122
75,177,1600
75,178,1600
75,179,1715
75,180,1717
75,185,1601
75,186,1663
75,235,1691
75,236,1691
75,239,825
75,240,818
75,251,1184
75,252,1184
75,253,1442
75,254,1425
75,276,1522
75,277,1761
75,280,1485
75,281,1276
75,282,1239
75,300,1055
75,301,951
75,302,922
75,303,972
75,305,1318
75,306,807
75,311,406
75,312,406
75,313,1032
75,314,951
75,317,1745
75,318,1745
76,26,1498
76,27,1498
76,28,1481
76,32,1369
76,33,1600
76,34,1600
76,48,1624
76,49,1624
76,53,1532
76,54,1255
76,55,1278
76,56,1492
76,57,1531
76,66,1385
76,67,1284
76,68,1015
76,69,1041
76,70,697
76,71,829
76,72,722
76,73,586
76,74,1074
76,75,30
76,76,30
76,77,478
76,78,535
76,79,478
76,80,713
76,81,833
76,82,578
76,83,767
76,84,238
76,85,200
76,86,618
76,87,320
76,88,562
76,89,520
76,90,401
76,91,430
76,92,758
76,93,794
76,94,792
76,95,748
76,96,1422
76,97,1501
76,98,1430
76,99,1347
76,168,1439
76,169,1439
76,170,939
76,171,951
76,172,946
76,173,1230
76,174,1181
76,175,1122
76,176,1122
76,177,1600
76,178,1600
76,179,1715
76,180,1717
76,185,1601
76,186,1663
76,235,1691
76,236,1691
76,239,825
76,240,818
76,251,1184
76,252,1184
76,253,1442
76,254,1425
76,276,1522
76,277,1761
76,280,1485
76,281,1276
76,282,1239
76,300,1055
76,301,951
76,302,922
76,303,972
76,305,1318
76,306,807
76,311,406
76,312,406
76,313,1032
76,314,951
76,317,1745
76,318,1745
77,21,1734
77,22,1734
77,23,1541
77,24,1434
77,25,1434
77,26,1021
77,27,1021
77,28,1004
77,33,1123
77,34,1123
77,46,1603
77,47,1478
77,48,1146
77,49,1146
77,50,1765
77,51,1765
77,52,1349
77,53,1055
77,54,777
77,55,800
77,56,1014
77,57,1053
77,58,1720
77,59,1715
77,67,1761
77,68,1492
77,69,1518
77,70,1174
77,71,1306
77,72,1199
77,73,1064
77,74,1552
77,75,478
77,76,478
77,77,30
77,78,57
77,79,30
77,80,235
77,81,536
77,82,394
77,83,515
77,84,715
77,85,677
77,86,662
77,87,797
77,88,1039
77,89,998
77,90,878
77,91,907
77,92,575
77,93,611
77,94,608
77,95,564
77,96,1239
77,97,1318
77,98,1247
77,99,1163
77,100,1760
77,168,1256
77,169,1256
77,170,1416
77,171,1428
77,172,1424
77,173,1707
77,174,1659
77,175,1599
77,176,1599
77,235,1214
77,236,1214
77,239,1302
77,240,1296
77,251,707
77,252,707
77,253,1369
77,254,1391
77,276,1339
77,277,1578
77,280,1008
77,281,799
77,282,762
77,293,1778
77,300,578
77,301,474
77,302,445
77,303,495
77,305,1795
77,306,1284
77,311,72
77,312,72
77,313,849
77,314,768
77,317,1267
77,318,1267
78,26,1731
78,27,1731
78,28,1714
78,48,1747
78,49,1747
78,50,1712
78,51,1712
78,53,1655
78,54,1488
78,55,1511
78,56,1724
78,57,1764
78,68,1716
78,69,1742
78,70,1398
78,71,1530
78,72,1423
78,73,1288
78,74,1775
78,75,702
78,76,702
78,77,711
78,78,30
78,79,711
78,80,179
78,81,593
78,82,337
78,83,527
78,84,680
78,85,670
78,86,605
78,87,762
78,88,1004
78,89,962
78,90,848
78,91,878
78,92,518
78,93,554
78,94,552
78,95,508
78,96,1182
78,97,1261
78,98,1190
78,99,1106
78,100,1703
78,101,1792
78,168,1199
78,169,1199
78,170,1380
78,171,1392
78,172,1388
78,173,1672
78,174,1623
78,175,1569
78,176,1569
78,233,1783
78,239,1526
78,240,1519
78,251,1417
78,252,1417
78,253,1313
78,254,1334
78,276,1282
78,277,1521
78,280,1718
78,281,1509
78,282,1472
78,293,1722
78,300,1288
78,301,1184
78,302,1155
78,303,1205
78,306,1255
78,311,783
78,312,783
78,313,792
78,314,711
79,21,1734
79,22,1734
79,23,1541
79,24,1434
79,25,1434
79,26,1021
79,27,1021
79,28,1004
79,33,1123
79,34,1123
79,46,1603
79,47,1478
79,48,1146
79,49,1146
79,50,1765
79,51,1765
79,52,1349
79,53,1055
79,54,777
79,55,800
79,56,1014
79,57,1053
79,58,1720
79,59,1715
79,67,1761
79,68,1492
79,69,1518
79,70,1174
79,71,1306
79,72,1199
79,73,1064
79,74,1552
79,75,478
79,76,478
79,77,30
79,78,57
79,79,30
79,80,235
79,81,536
79,82,394
79,83,515
79,84,715
79,85,677
79,86,662
79,87,797
79,88,1039
79,89,998
79,90,878
79,91,907
79,92,575
79,93,611
79,94,608
79,95,564
79,96,1239
79,97,1318
79,98,1247
79,99,1163
79,100,1760
79,168,1256
79,169,1256
79,170,1416
79,171,1428
79,172,1424
79,173,1707
79,174,1659
79,175,1599
79,176,1599
79,235,1214
79,236,1214
79,239,1302
79,240,1296
79,251,707
79,252,707
79,253,1369
79,254,1391
79,276,1339
79,277,1578
79,280,1008
79,281,799
79,282,762
79,293,1778
79,300,578
79,301,474
79,302,445
79,303,495
79,305,1795
79,306,1284
79,311,72
79,312,72
79,313,849
79,314,768
79,317,1267
79,318,1267
80,26,1553
80,27,1553
80,28,1536
80,33,1655
80,34,1655
80,48,1569
80,49,1569
80,50,1533
80,51,1533
80,52,1771
80,53,1477
80,54,1309
80,55,1332
80,56,1546
80,57,1585
80,68,1538
80,69,1564
80,70,1220
80,71,1352
80,72,1245
80,73,1109
80,74,1597
80,75,524
80,76,524
80,77,533
80,78,589
80,79,533
80,80,30
80,81,414
80,82,159
80,83,349
80,84,501
80,85,492
80,86,427
80,87,583
80,88,825
80,89,784
80,90,670
80,91,699
80,92,340
80,93,376
80,94,373
80,95,329
80,96,1004
80,97,1083
80,98,1012
80,99,928
80,100,1525
80,101,1614
80,168,1021
80,169,1021
80,170,1202
80,171,1214
80,172,1210
80,173,1493
80,174,1445
80,175,1391
80,176,1391
80,227,1739
80,228,1739
80,233,1604
80,235,1746
80,236,1746
80,239,1348
80,240,1341
80,251,1239
80,252,1239
80,253,1135
80,254,1156
80,276,1104
80,277,1343
80,280,1540
80,281,1331
80,282,1294
80,293,1543
80,300,1110
80,301,1006
80,302,977
80,303,1027
80,305,1778
80,306,1076
80,311,604
80,312,604
80,313,614
80,314,533
80,317,1799
80,318,1799
81,26,1680
81,27,1680
81,28,1662
81,33,1782
81,34,1782
81,48,1695
81,49,1695
81,50,1660
81,51,1660
81,53,1604
81,54,1436
81,55,1459
81,56,1673
81,57,1712
81,68,1664
81,69,1691
81,70,1346
81,71,1478
81,72,1371
81,73,1236
81,74,1724
81,75,650
81,76,650
81,77,659
81,78,716
81,79,659
81,80,894
81,81,30
81,82,286
81,83,111
81,84,628
81,85,619
81,86,553
81,87,710
81,88,952
81,89,910
81,90,797
81,91,826
81,92,466
81,93,503
81,94,500
81,95,456
81,96,1130
81,97,1210
81,98,1138
81,99,1055
81,100,1651
81,101,1740
81,168,1148
81,169,1148
81,170,1329
81,171,1341
81,172,1336
81,173,1620
81,174,1571
81,175,1518
81,176,1518
81,233,1731
81,239,1474
81,240,1468
81,251,1366
81,252,1366
81,253,1261
81,254,1282
81,276,1230
81,277,1469
81,280,1666
81,281,1457
81,282,1420
81,293,1670
81,300,1236
81,301,1132
81,302,1103
81,303,1153
81,306,1203
81,311,731
81,312,731
81,313,740
81,314,660
82,8,1720
82,9,1692
82,26,1394
82,27,1394
82,28,1377
82,33,1496
82,34,1496
82,48,1410
82,49,1410
82,50,1375
82,51,1375
82,52,1612
82,53,1319
82,54,1151
82,55,1174
82,56,1388
82,57,1427
82,68,1744
82,69,1770
82,70,1426
82,71,1557
82,72,1450
82,73,1315
82,75,729
82,76,729
82,77,374
82,78,431
82,79,374
82,80,609
82,81,256
82,82,30
82,83,190
82,84,707
82,85,698
82,86,632
82,87,789
82,88,1031
82,89,989
82,90,876
82,91,905
82,92,545
82,93,582
82,94,215
82,95,171
82,96,845
82,97,924
82,98,853
82,99,769
82,100,1366
82,101,1455
82,102,1714
82,168,1227
82,169,1227
82,170,1408
82,171,1420
82,172,1415
82,173,1699
82,174,1650
82,175,1597
82,176,1597
82,227,1581
82,228,1581
82,233,1458
82,235,1587
82,236,1587
82,239,1553
82,240,1547
82,251,1080
82,252,1080
82,253,1340
82,254,1361
82,276,945
82,277,1184
82,280,1381
82,281,1172
82,282,1135
82,293,1749
82,300,951
82,301,847
82,302,818
82,303,868
82,306,1282
82,311,446
82,312,446
82,313,819
82,314,739
82,317,1641
82,318,1641
83,26,1569
83,27,1569
83,28,1552
83,33,1671
83,34,1671
83,48,1585
83,49,1585
83,50,1549
83,51,1549
83,52,1787
83,53,1493
83,54,1325
83,55,1348
83,56,1562
83,57,1601
83,68,1554
83,69,1580
83,70,1236
83,71,1368
83,72,1261
83,73,1126
83,74,1613
83,75,540
83,76,540
83,77,549
83,78,605
83,79,549
83,80,784
83,81,430
83,82,175
83,83,30
83,84,517
83,85,508
83,86,443
83,87,599
83,88,841
83,89,800
83,90,686
83,91,715
83,92,356
83,93,392
83,94,389
83,95,345
83,96,1020
83,97,1099
83,98,1028
83,99,944
83,100,1541
83,101,1630
83,168,1037
83,169,1037
83,170,1218
83,171,1230
83,172,1226
83,173,1509
83,174,1461
83,175,1407
83,176,1407
83,227,1756
83,228,1756
83,233,1620
83,235,1762
83,236,1762
83,239,1364
83,240,1357
83,251,1255
83,252,1255
83,253,1151
83,254,1172
83,276,1120
83,277,1359
83,280,1556
83,281,1347
83,282,1310
83,293,1559
83,300,1126
83,301,1022
83,302,993
83,303,1043
83,305,1794
83,306,1092
83,311,620
83,312,620
83,313,630
83,314,549
84,26,1736
84,27,1736
84,28,1718
84,32,1607
84,53,1770
84,54,1492
84,55,1515
84,56,1729
84,57,1768
84,66,1622
84,67,1521
84,68,1252
84,69,1278
84,70,934
84,71,1066
84,72,959
84,73,824
84,74,1311
84,75,238
84,76,238
84,77,715
84,78,772
84,79,715
84,80,950
84,81,746
84,82,490
84,83,680
84,84,30
84,85,39
84,86,599
84,87,83
84,88,325
84,89,283
84,90,217
84,91,246
84,92,671
84,93,707
84,94,705
84,95,661
84,96,1335
84,97,1414
84,98,1343
84,99,1259
84,168,1230
84,169,1230
84,170,701
84,171,713
84,172,709
84,173,993
84,174,944
84,175,938
84,176,938
84,177,1416
84,178,1416
84,179,1531
84,180,1533
84,185,1364
84,186,1426
84,187,1680
84,188,1689
84,239,1062
84,240,1055
84,251,1422
84,252,1422
84,253,1205
84,254,1188
84,276,1435
84,277,1674
84,280,1722
84,281,1514
84,282,1476
84,293,1569
84,300,1292
84,301,1189
84,302,1159
84,303,1209
84,305,1325
84,306,623
84,311,643
84,312,643
84,313,945
84,314,864
85,26,1697
85,27,1697
85,28,1680
85,32,1568
85,33,1799
85,34,1799
85,53,1731
85,54,1454
85,55,1477
85,56,1691
85,57,1730
85,66,1584
85,67,1483
85,68,1214
85,69,1240
85,70,896
85,71,1028
85,72,921
85,73,785
85,74,1273
85,75,200
85,76,200
85,77,677
85,78,734
85,79,677
85,80,912
85,81,784
85,82,529
85,83,718
85,84,39
85,85,30
85,86,638
85,87,121
85,88,363
85,89,321
85,90,207
85,91,237
85,92,709
85,93,746
85,94,743
85,95,699
85,96,1373
85,97,1453
85,98,1381
85,99,1298
85,168,1268
85,169,1268
85,170,740
85,171,752
85,172,747
85,173,1031
85,174,982
85,175,929
85,176,929
85,177,1407
85,178,1407
85,179,1522
85,180,1524
85,185,1402
85,186,1464
85,187,1718
85,188,1727
85,239,1024
85,240,1017
85,251,1383
85,252,1383
85,253,1243
85,254,1226
85,276,1473
85,277,1712
85,280,1684
85,281,1475
85,282,1438
85,293,1607
85,300,1254
85,301,1150
85,302,1121
85,303,1171
85,305,1316
85,306,614
85,311,605
85,312,605
85,313,983
85,314,903
86,26,1763
86,27,1763
86,28,1746
86,32,1634
86,53,1797
86,54,1519
86,55,1542
86,56,1756
86,57,1795
86,66,1649
86,67,1548
86,68,1279
86,69,1305
86,70,961
86,71,1093
86,72,986
86,73,851
86,74,1339
86,75,265
86,76,265
86,77,742
86,78,799
86,79,742
86,80,977
86,81,820
86,82,565
86,83,755
86,84,75
86,85,66
86,86,30
86,87,157
86,88,399
86,89,357
86,90,244
86,91,273
86,92,746
86,93,782
86,94,779
86,95,735
86,96,1410
86,97,1489
86,98,1418
86,99,1334
86,168,1305
86,169,1305
86,170,776
86,171,788
86,172,783
86,173,1067
86,174,1019
86,175,965
86,176,965
86,177,1443
86,178,1443
86,179,1558
86,180,1560
86,185,1438
86,186,1501
86,187,1754
86,188,1764
86,239,1089
86,240,1083
86,251,1449
86,252,1449
86,253,1280
86,254,1262
86,276,1510
86,277,1749
86,280,1750
86,281,1541
86,282,1503
86,293,1643
86,300,1320
86,301,1216
86,302,1186
86,303,1236
86,305,1352
86,306,650
86,311,671
86,312,671
86,313,1020
86,314,939
87,32,1689
87,54,1574
87,55,1597
87,66,1704
87,67,1603
87,68,1334
87,69,1360
87,70,1016
87,71,1148
87,72,1041
87,73,906
87,74,1394
87,75,320
87,76,320
87,77,797
87,78,854
87,79,797
87,80,1032
87,81,828
87,82,573
87,83,762
87,84,83
87,85,121
87,86,682
87,87,30
87,88,242
87,89,201
87,90,299
87,91,284
87,92,753
87,93,790
87,94,787
87,95,743
87,96,1417
87,97,1497
87,98,1425
87,99,1342
87,168,1148
87,169,1148
87,170,619
87,171,631
87,172,627
87,173,910
87,174,862
87,175,1020
87,176,1020
87,177,1498
87,178,1498
87,179,1613
87,180,1615
87,185,1281
87,186,1344
87,187,1598
87,188,1607
87,193,1782
87,233,1731
87,239,1144
87,240,1138
87,251,1504
87,252,1504
87,253,1123
87,254,1105
87,255,1762
87,276,1517
87,277,1756
87,281,1596
87,282,1559
87,293,1486
87,300,1375
87,301,1271
87,302,1242
87,303,1291
87,305,1407
87,306,705
87,311,726
87,312,726
87,313,922
87,314,947
88,68,1576
88,69,1602
88,70,1258
88,71,1390
88,72,1283
88,73,1148
88,74,1635
88,75,562
88,76,562
88,77,1039
88,78,1096
88,79,1039
88,80,1274
88,81,1070
88,82,814
88,83,1004
88,84,325
88,85,363
88,86,923
88,87,242
88,88,30
88,89,42
88,90,521
88,91,492
88,92,789
88,93,825
88,94,1029
88,95,985
88,96,1571
88,97,1651
88,98,1579
88,99,1505
88,168,906
88,169,906
88,170,377
88,171,389
88,172,385
88,173,669
88,174,620
88,175,1242
88,176,1242
88,177,1721
88,178,1721
88,185,1040
88,186,1102
88,187,1356
88,188,1365
88,193,1540
88,223,1630
88,224,1630
88,225,1744
88,227,1660
88,228,1660
88,233,1489
88,239,1386
88,240,1379
88,251,1746
88,252,1746
88,253,881
88,254,864
88,255,1520
88,256,1564
88,276,1671
88,282,1800
88,293,1245
88,294,1628
88,300,1616
88,301,1513
88,302,1483
88,303,1533
88,305,1630
88,306,928
88,311,967
88,312,967
88,313,680
88,314,761
89,54,1774
89,55,1797
89,68,1534
89,69,1560
89,70,1216
89,71,1348
89,72,1241
89,73,1106
89,74,1594
89,75,520
89,76,520
89,77,998
89,78,1054
89,79,998
89,80,1232
89,81,1028
89,82,773
89,83,962
89,84,283
89,85,321
89,86,882
89,87,201
89,88,42
89,89,30
89,90,489
89,91,459
89,92,747
89,93,784
89,94,987
89,95,943
89,96,1613
89,97,1692
89,98,1621
89,99,1542
89,168,948
89,169,948
89,170,419
89,171,431
89,172,427
89,173,710
89,174,662
89,175,1210
89,176,1210
89,177,1688
89,178,1688
89,185,1081
89,186,1144
89,187,1397
89,188,1407
89,193,1582
89,223,1672
89,224,1672
89,225,1786
89,227,1701
89,228,1701
89,233,1531
89,239,1344
89,240,1338
89,251,1704
89,252,1704
89,253,923
89,254,905
89,255,1562
89,256,1606
89,276,1713
89,281,1796
89,282,1759
89,293,1286
89,294,1670
89,300,1575
89,301,1471
89,302,1442
89,303,1492
89,305,1597
89,306,895
89,311,926
89,312,926
89,313,722
89,314,802
90,32,1739
90,54,1727
90,55,1750
90,66,1565
90,67,1464
90,68,1195
90,69,1221
90,70,877
90,71,1009
90,72,1194
90,73,1059
90,74,1444
90,75,473
90,76,473
90,77,951
90,78,1007
90,79,951
90,80,1185
90,81,981
90,82,726
90,83,915
90,84,236
90,85,274
90,86,835
90,87,318
90,88,560
90,89,518
90,90,30
90,91,30
90,92,906
90,93,943
90,94,940
90,95,896
90,96,1570
90,97,1650
90,98,1578
90,99,1495
90,168,1465
90,169,1465
90,170,937
90,171,949
90,172,944
90,173,1228
90,174,1179
90,175,722
90,176,722
90,177,1200
90,178,1200
90,179,1315
90,180,1317
90,185,1599
90,186,1536
90,187,1790
90,188,1799
90,193,1773
90,239,1297
90,240,1291
90,251,1657
90,252,1657
90,253,1440
90,254,1423
90,276,1671
90,281,1749
90,282,1712
90,300,1528
90,301,1424
90,302,1395
90,303,1445
90,305,1109
90,306,407
90,311,879
90,312,879
90,313,1180
90,314,1100
91,32,1768
91,54,1698
91,55,1721
91,66,1594
91,67,1493
91,68,1224
91,69,1250
91,70,906
91,71,1038
91,72,1165
91,73,1030
91,74,1473
91,75,444
91,76,444
91,77,921
91,78,978
91,79,921
91,80,1156
91,81,952
91,82,697
91,83,886
91,84,207
91,85,245
91,86,805
91,87,289
91,88,531
91,89,489
91,90,30
91,91,30
91,92,877
91,93,913
91,94,911
91,95,867
91,96,1541
91,97,1620
91,98,1549
91,99,1466
91,168,1436
91,169,1436
91,170,907
91,171,919
91,172,915
91,173,1199
91,174,1150
91,175,751
91,176,751
91,177,1229
91,178,1229
91,179,1344
91,180,1346
91,185,1570
91,186,1565
91,239,1268
91,240,1261
91,251,1628
91,252,1628
91,253,1411
91,254,1394
91,276,1641
91,281,1720
91,282,1682
91,293,1775
91,300,1498
91,301,1395
91,302,1365
91,303,1415
91,305,1138
91,306,436
91,311,850
91,312,850
91,313,1151
91,314,1070
92,26,1717
92,27,1717
92,28,1700
92,48,1733
92,49,1733
92,50,1697
92,51,1697
92,53,1641
92,54,1473
92,55,1496
92,56,1710
92,57,1749
92,68,1699
92,69,1725
92,70,1381
92,71,1513
92,72,1406
92,73,1271
92,74,1758
92,75,685
92,76,685
92,77,697
92,78,753
92,79,697
92,80,931
92,81,578
92,82,323
92,83,513
92,84,662
92,85,653
92,86,588
92,87,744
92,88,726
92,89,685
92,90,831
92,91,860
92,92,30
92,93,37
92,94,537
92,95,493
92,96,1168
92,97,1247
92,98,1176
92,99,1092
92,100,1689
92,101,1778
92,168,682
92,169,682
92,170,1103
92,171,1115
92,172,1111
92,173,1394
92,174,1346
92,175,1552
92,176,1552
92,185,1766
92,227,1435
92,228,1435
92,233,1265
92,234,1721
92,239,1509
92,240,1502
92,251,1403
92,252,1403
92,253,795
92,254,816
92,255,1480
92,256,1523
92,276,1268
92,277,1507
92,280,1704
92,281,1495
92,282,1458
92,293,1204
92,294,1588
92,300,1274
92,301,1170
92,302,1141
92,303,1191
92,306,1237
92,311,768
92,312,768
92,313,274
92,314,194
93,54,1634
93,55,1657
93,70,1541
93,71,1673
93,72,1566
93,73,1431
93,75,845
93,76,845
93,77,857
93,78,913
93,79,857
93,80,1092
93,81,739
93,82,483
93,83,673
93,84,809
93,85,813
93,86,748
93,87,726
93,88,690
93,89,648
93,90,991
93,91,1010
93,92,161
93,93,30
93,94,698
93,95,654
93,96,1289
93,97,1369
93,98,1297
93,99,1223
93,100,1799
93,101,1792
93,168,665
93,169,665
93,170,1067
93,171,1079
93,172,1074
93,173,1358
93,174,1310
93,175,1712
93,176,1712
93,185,1729
93,186,1792
93,227,1418
93,228,1418
93,233,1248
93,234,1704
93,239,1669
93,240,1662
93,251,1563
93,252,1563
93,253,778
93,254,799
93,255,1462
93,256,1506
93,276,1389
93,277,1617
93,281,1655
93,282,1618
93,293,1187
93,294,1571
93,300,1434
93,301,1330
93,302,1301
93,303,1351
93,306,1398
93,311,929
93,312,929
93,313,257
93,314,176
94,8,1505
94,9,1478
94,26,1565
94,27,1565
94,28,1547
94,33,1667
94,34,1667
94,48,1196
94,49,1196
94,50,1161
94,51,1161
94,52,1398
94,53,1104
94,54,1287
94,55,1125
94,56,1339
94,57,1378
94,58,1770
94,59,1764
94,70,1603
94,71,1735
94,72,1628
94,73,1493
94,75,907
94,76,907
94,77,544
94,78,601
94,79,544
94,80,779
94,81,433
94,82,542
94,83,368
94,84,884
94,85,875
94,86,810
94,87,967
94,88,1208
94,89,1167
94,90,1053
94,91,1082
94,92,723
94,93,759
94,94,30
94,95,712
94,96,631
94,97,710
94,98,639
94,99,555
94,100,1152
94,101,1241
94,102,1500
94,103,1615
94,104,1695
94,168,1209
94,169,1209
94,170,1585
94,171,1597
94,172,1593
94,175,1774
94,176,1774
94,227,1367
94,228,1367
94,233,1244
94,234,1652
94,235,1758
94,236,1758
94,239,1731
94,240,1724
94,251,1251
94,252,1251
94,253,1322
94,254,1343
94,276,731
94,277,970
94,280,1551
94,281,1342
94,282,1305
94,293,1731
94,300,1121
94,301,1017
94,302,988
94,303,1038
94,306,1459
94,311,616
94,312,616
94,313,942
94,314,916
94,317,1592
94,318,1592
95,8,1550
95,9,1522
95,26,1609
95,27,1609
95,28,1591
95,33,1711
95,34,1711
95,48,1240
95,49,1240
95,50,1205
95,51,1205
95,52,1442
95,53,1148
95,54,1331
95,55,1169
95,56,1383
95,57,1422
95,70,1647
95,71,1779
95,72,1672
95,73,1537
95,75,951
95,76,951
95,77,588
95,78,645
95,79,588
95,80,823
95,81,477
95,82,586
95,83,412
95,84,928
95,85,919
95,86,854
95,87,1011
95,88,1252
95,89,1211
95,90,1097
95,91,1126
95,92,767
95,93,803
95,94,45
95,95,30
95,96,675
95,97,754
95,98,683
95,99,599
95,100,1196
95,101,1285
95,102,1544
95,103,1659
95,104,1739
95,168,1253
95,169,1253
95,170,1629
95,171,1641
95,172,1637
95,227,1411
95,228,1411
95,233,1288
95,234,1697
95,239,1775
95,240,1768
95,251,1295
95,252,1295
95,253,1366
95,254,1387
95,276,775
95,277,1014
95,280,1595
95,281,1387
95,282,1349
95,293,1775
95,300,1165
95,301,1062
95,302,1032
95,303,1082
95,306,1504
95,311,660
95,312,660
95,313,986
95,314,960
95,317,1636
95,318,1636
96,8,925
96,9,898
96,46,1727
96,47,1680
96,48,901
96,49,901
96,50,834
96,51,834
96,52,1188
96,53,1537
96,54,1719
96,55,1557
96,56,1458
96,57,1458
96,58,1253
96,59,1248
96,77,1457
96,78,1514
96,79,1457
96,80,1692
96,81,1346
96,82,1455
96,83,1281
96,84,1797
96,85,1788
96,86,1723
96,92,1603
96,93,1624
96,94,1669
96,95,1625
96,96,30
96,97,593
96,98,522
96,99,654
96,100,522
96,101,611
96,102,870
96,103,985
96,104,1064
96,105,1303
96,168,1595
96,169,1595
96,227,1465
96,228,1465
96,233,1342
96,234,1751
96,253,1709
96,254,1730
96,276,101
96,277,339
96,311,1529
96,312,1529
96,313,1329
96,314,1410
96,315,1622
96,316,1671
96,317,1672
96,318,1672
97,47,1682
97,48,1075
97,49,1075
97,50,1487
97,51,1487
97,52,1277
97,53,983
97,54,1166
97,55,1004
97,56,1217
97,57,1257
97,58,1649
97,59,1643
97,75,1227
97,76,1227
97,77,864
97,78,921
97,79,864
97,80,1099
97,81,753
97,82,862
97,83,688
97,84,1204
97,85,1195
97,86,1130
97,87,1287
97,88,1528
97,89,1487
97,90,1373
97,91,1402
97,92,1043
97,93,1079
97,94,1077
97,95,1032
97,96,958
97,97,30
97,98,966
97,99,882
97,100,1479
97,101,1568
97,168,1558
97,169,1558
97,227,1693
97,228,1693
97,233,1570
97,251,1571
97,252,1571
97,253,1672
97,254,1693
97,276,1058
97,277,1297
97,281,1663
97,282,1625
97,300,1441
97,301,1338
97,302,1308
97,303,1358
97,306,1780
97,311,936
97,312,936
97,313,1292
97,314,1236
97,317,1470
97,318,1470
98,8,867
98,9,840
98,28,1713
98,46,1415
98,47,1368
98,48,589
98,49,589
98,50,522
98,51,522
98,52,876
98,53,1225
98,54,1407
98,55,1245
98,56,1146
98,57,1146
98,58,1161
98,59,1155
98,81,1736
98,83,1671
98,96,1120
98,97,984
98,98,30
98,99,1044
98,100,1171
98,101,1260
98,102,1519
98,103,1634
98,104,1714
98,233,1732
98,276,750
98,277,730
98,301,1616
98,302,1595
98,303,1637
98,317,1360
98,318,1360
99,8,1517
99,9,1489
99,48,1239
99,49,1239
99,50,1172
99,51,1172
99,52,1526
99,53,1704
99,55,1725
99,56,1796
99,57,1795
99,75,1750
99,76,1750
99,77,1510
99,78,1566
99,79,1510
99,80,1745
99,81,1399
99,82,1389
99,83,1333
99,84,1646
99,85,1684
99,86,1653
99,87,1563
99,88,1335
99,89,1363
99,92,1066
99,93,1087
99,94,1603
99,95,1559
99,96,642
99,97,721
99,98,650
99,99,30
99,100,1163
99,101,1252
99,102,1511
99,103,1626
99,104,1706
99,161,1748
99,162,1748
99,166,1323
99,167,1284
99,168,1059
99,169,1059
99,170,1493
99,171,1505
99,172,1500
99,173,1784
99,174,1735
99,227,812
99,228,812
99,233,689
99,234,1098
99,253,1172
99,254,1193
99,276,742
99,277,981
99,293,1581
99,311,1581
99,312,1581
99,313,792
99,314,873
100,8,404
100,9,376
100,46,1787
100,47,1740
100,48,1227
100,49,1227
100,50,1160
100,51,1160
100,52,1352
100,53,1701
100,55,1721
100,56,1622
100,57,1622
100,58,732
100,59,727
100,60,1702
100,61,1749
100,77,1783
100,79,1783
100,81,1672
100,82,1781
100,83,1607
100,96,1055
100,97,920
100,98,848
100,99,980
100,100,30
100,101,89
100,102,348
100,103,463
100,104,543
100,105,782
100,227,1791
100,228,1791
100,233,1668
100,276,686
100,277,666
100,288,1581
100,289,1578
100,290,1618
100,313,1552
100,314,1632
100,315,1101
100,316,1150
100,349,1532
100,350,1515
101,8,315
101,9,287
101,46,1698
101,47,1651
101,48,1139
101,49,1139
101,50,1072
101,51,1072
101,52,1263
101,53,1612
101,54,1794
101,55,1633
101,56,1533
101,57,1533
101,58,643
101,59,638
101,60,1613
101,61,1660
101,77,1694
101,78,1751
101,79,1694
101,81,1583
101,82,1692
101,83,1518
101,96,967
101,97,831
101,98,759
101,99,891
101,100,191
101,101,30
101,102,260
101,103,374
101,104,454
101,105,693
101,166,1755
101,167,1716
101,227,1702
101,228,1702
101,233,1579
101,276,597
101,277,577
101,288,1492
101,289,1489
101,290,1529
101,311,1766
101,312,1766
101,313,1683
101,314,1763
101,315,1012
101,316,1061
101,317,1747
101,318,1747
101,349,1443
101,350,1426
102,8,617
102,9,590
102,48,1441
102,49,1441
102,50,1374
102,51,1374
102,52,1565
102,58,946
102,59,940
102,60,1555
102,61,1602
102,96,1269
102,97,1133
102,98,1062
102,99,1193
102,100,493
102,101,582
102,102,30
102,103,115
102,104,195
102,105,434
102,276,899
102,277,879
102,288,1433
102,289,1431
102,290,1470
102,315,753
102,316,802
102,345,1786
102,349,1184
102,350,1167
103,8,502
103,9,475
103,48,1326
103,49,1326
103,50,1259
103,51,1259
103,52,1450
103,53,1799
103,56,1721
103,57,1720
103,58,831
103,59,825
103,60,1481
103,61,1528
103,81,1771
103,83,1705
103,96,1154
103,97,1018
103,98,947
103,99,1078
103,100,378
103,101,467
103,102,459
103,103,30
103,104,654
103,105,698
103,233,1767
103,276,784
103,277,764
103,288,1359
103,289,1357
103,290,1396
103,315,1211
103,316,1261
103,345,1712
103,349,1643
103,350,1626
104,8,898
104,9,871
104,48,1722
104,49,1722
104,50,1655
104,51,1655
104,58,1227
104,59,1221
104,60,1360
104,61,1407
104,96,1550
104,97,1414
104,98,1343
104,99,1474
104,100,774
104,101,863
104,102,800
104,103,397
104,104,30
104,105,239
104,276,1180
104,277,1160
104,288,1239
104,289,1236
104,290,1276
104,315,558
104,316,608
104,345,1592
104,349,990
104,350,973
105,8,659
105,9,632
105,48,1483
105,49,1483
105,50,1416
105,51,1416
105,52,1608
105,58,988
105,59,982
105,60,1638
105,61,1685
105,96,1311
105,97,1175
105,98,1104
105,99,1235
105,100,535
105,101,624
105,102,616
105,103,158
105,104,811
105,105,30
105,276,941
105,277,921
105,288,1516
105,289,1514
105,290,1553
105,315,1368
105,316,1418
105,349,1800
105,350,1783
106,16,492
106,106,30
106,107,30
106,108,1110
106,109,744
106,110,790
106,111,604
106,112,604
106,113,645
106,114,362
106,115,659
106,116,659
106,241,216
106,242,216
106,244,1023
107,16,492
107,106,30
107,107,30
107,108,1110
107,109,744
107,110,790
107,111,604
107,112,604
107,113,645
107,114,362
107,115,659
107,116,659
107,241,216
107,242,216
107,244,1023
108,16,1499
108,106,1008
108,107,1008
108,108,30
108,109,364
108,110,318
108,111,504
108,112,504
108,113,666
108,114,1238
108,115,902
108,116,902
108,241,1224
108,242,1224
108,244,1266
109,16,1136
109,106,645
109,107,645
109,108,367
109,109,30
109,110,46
109,111,141
109,112,141
109,113,302
109,114,875
109,115,539
109,116,539
109,241,860
109,242,860
109,244,903
110,16,1182
110,106,691
110,107,691
110,108,321
110,109,46
110,110,30
110,111,187
110,112,187
110,113,348
110,114,921
110,115,584
110,116,584
110,241,906
110,242,906
110,244,949
111,16,996
111,106,505
111,107,505
111,108,507
111,109,141
111,110,187
111,111,30
111,112,30
111,113,162
111,114,735
111,115,398
111,116,398
111,241,720
111,242,720
111,243,1796
111,244,763
112,16,996
112,106,505
112,107,505
112,108,507
112,109,141
112,110,187
112,111,30
112,112,30
112,113,162
112,114,735
112,115,398
112,116,398
112,241,720
112,242,720
112,243,1796
112,244,763
113,16,834
113,106,343
113,107,343
113,108,1322
113,109,956
113,110,1002
113,111,815
113,112,815
113,113,30
113,114,573
113,115,870
113,116,870
113,241,559
113,242,559
113,244,1235
114,16,1117
114,106,625
114,107,625
114,108,749
114,109,383
114,110,429
114,111,243
114,112,243
114,113,283
114,114,30
114,115,297
114,116,297
114,117,1705
114,118,1705
114,241,841
114,242,841
114,243,1695
114,244,662
114,272,1791
115,16,1560
115,106,1069
115,107,1069
115,108,1192
115,109,826
115,110,872
115,111,686
115,112,686
115,113,727
115,114,1300
115,115,30
115,116,30
115,117,1408
115,118,1408
115,120,1765
115,129,1522
115,241,1285
115,242,1285
115,243,1399
115,244,365
115,271,1667
115,272,1494
115,273,1619
115,274,1777
115,286,1672
116,16,1560
116,106,1069
116,107,1069
116,108,1192
116,109,826
116,110,872
116,111,686
116,112,686
116,113,727
116,114,1300
116,115,30
116,116,30
116,117,1408
116,118,1408
116,120,1765
116,129,1522
116,241,1285
116,242,1285
116,243,1399
116,244,365
116,271,1667
116,272,1494
116,273,1619
116,274,1777
116,286,1672
117,44,1550
117,45,1550
117,106,1601
117,107,1601
117,108,1725
117,109,1359
117,110,1404
117,111,1218
117,112,1218
117,113,1259
117,114,1678
117,115,1045
117,116,1045
117,117,30
117,118,30
117,120,1233
117,121,1639
117,122,1515
117,123,1639
117,124,1550
117,125,1570
117,127,1166
117,128,1355
117,129,1475
117,130,1226
117,221,1264
117,222,1264
117,243,473
117,244,636
117,268,1561
117,270,1797
117,271,1043
117,272,858
117,273,984
117,274,1142
117,286,1549
118,44,1550
118,45,1550
118,106,1601
118,107,1601
118,108,1725
118,109,1359
118,110,1404
118,111,1218
118,112,1218
118,113,1259
118,114,1678
118,115,1045
118,116,1045
118,117,30
118,118,30
118,120,1233
118,121,1639
118,122,1515
118,123,1639
118,124,1550
118,125,1570
118,127,1166
118,128,1355
118,129,1475
118,130,1226
118,221,1264
118,222,1264
118,243,473
118,244,636
118,268,1561
118,270,1797
118,271,1043
118,272,858
118,273,984
118,274,1142
118,286,1549
119,10,691
119,11,739
119,12,1544
119,13,1386
119,44,1051
119,45,1051
119,117,1622
119,118,1622
119,119,30
119,120,734
119,121,393
119,122,464
119,123,393
119,124,294
119,125,925
119,126,859
119,127,1290
119,128,1478
119,130,1371
119,133,1791
119,221,617
119,222,617
119,267,1241
119,268,1685
119,270,1402
119,271,1188
119,272,1209
119,273,1129
119,274,1287
119,286,1746
119,291,961
119,292,961
119,344,1766
120,10,1442
120,11,1489
120,12,811
120,13,653
120,44,317
120,45,317
120,119,882
120,120,30
120,121,1275
120,122,1346
120,123,1275
120,124,1175
120,126,1741
120,221,1499
120,222,1499
120,288,1577
120,289,1517
120,290,1614
120,291,1712
120,292,1712
120,344,1033
120,345,1092
121,10,984
121,11,1032
121,12,1513
121,13,1355
121,44,1020
121,45,1020
121,117,1591
121,118,1591
121,119,1445
121,120,703
121,121,30
121,122,433
121,123,362
121,124,464
121,125,532
121,126,466
121,127,897
121,128,1085
121,130,1339
121,131,1553
121,133,1398
121,134,1425
121,135,1797
121,136,1762
121,221,586
121,222,586
121,267,848
121,268,1292
121,269,1486
121,270,1009
121,271,1156
121,272,1178
121,273,1097
121,274,1151
121,286,1715
121,291,1255
121,292,1255
121,344,1735
121,345,1795
122,10,1335
122,11,1383
122,12,1081
122,13,923
122,44,588
122,45,588
122,117,1639
122,118,1639
122,119,1153
122,120,271
122,121,904
122,122,30
122,123,904
122,124,815
122,125,1435
122,126,1369
122,127,1800
122,221,1128
122,222,1128
122,243,1629
122,244,1792
122,267,1752
122,271,1698
122,272,1586
122,273,1639
122,274,1798
122,289,1788
122,291,1605
122,292,1605
122,344,1303
122,345,1362
123,10,1076
123,11,1124
123,12,1601
123,13,1443
123,44,1108
123,45,1108
123,117,1230
123,118,1230
123,119,1537
123,120,791
123,121,645
123,122,521
123,123,30
123,124,556
123,125,1127
123,126,1111
123,127,919
123,128,1107
123,129,1485
123,130,978
123,221,225
123,222,225
123,243,1703
123,267,1443
123,268,1314
123,269,1789
123,270,1550
123,271,795
123,272,817
123,273,736
123,274,894
123,285,1734
123,286,1354
123,291,1347
123,292,1347
124,10,521
124,11,568
124,13,1680
124,44,1520
124,45,1520
124,119,981
124,120,1203
124,121,862
124,122,933
124,123,862
124,124,30
124,125,1394
124,126,1328
124,127,1759
124,221,1086
124,222,1086
124,267,1710
124,271,1657
124,272,1679
124,273,1598
124,274,1756
124,291,791
124,292,791
124,315,1761
124,316,1676
125,14,1291
125,15,1372
125,121,1696
125,122,1575
125,123,1495
125,124,1607
125,125,30
125,127,1041
125,128,981
125,130,1615
125,131,1022
125,132,1658
125,133,867
125,134,893
125,135,1266
125,136,1230
125,221,1564
125,222,1564
125,247,1634
125,248,1634
125,267,317
125,268,815
125,269,955
125,270,477
125,271,1432
125,272,1454
125,273,1373
125,274,1274
126,10,1297
126,11,1345
126,13,1668
126,14,1357
126,15,1438
126,44,1332
126,45,1332
126,117,1279
126,118,1279
126,119,1758
126,120,1016
126,121,866
126,122,745
126,123,666
126,124,777
126,125,67
126,126,30
126,127,432
126,128,620
126,129,1534
126,130,1027
126,131,1088
126,132,1725
126,133,933
126,134,959
126,135,1332
126,136,1296
126,221,734
126,222,734
126,243,1752
126,247,1700
126,248,1700
126,267,383
126,268,827
126,269,1021
126,270,544
126,271,845
126,272,866
126,273,785
126,274,686
126,285,1783
126,286,1403
126,291,1567
126,292,1567
127,10,1587
127,11,1634
127,14,1234
127,15,1316
127,44,1622
127,45,1622
127,117,850
127,118,850
127,120,1305
127,121,1155
127,122,1035
127,123,955
127,124,1066
127,125,404
127,126,1621
127,127,30
127,128,189
127,129,1105
127,130,599
127,131,965
127,132,1602
127,133,1021
127,134,1047
127,135,1420
127,136,1384
127,221,843
127,222,843
127,243,1323
127,244,1486
127,245,1495
127,246,1495
127,247,1788
127,248,1788
127,267,720
127,268,396
127,269,871
127,270,632
127,271,416
127,272,438
127,273,357
127,274,257
127,285,1355
127,286,975
128,10,1647
128,11,1695
128,14,1295
128,15,1376
128,44,1682
128,45,1682
128,117,886
128,118,886
128,120,1366
128,121,1216
128,122,1095
128,123,1015
128,124,1127
128,125,465
128,126,1681
128,127,61
128,128,30
128,129,1141
128,130,635
128,131,1026
128,132,1663
128,133,1081
128,134,1108
128,135,1480
128,136,1445
128,221,878
128,222,878
128,243,1359
128,244,1522
128,245,1531
128,246,1531
128,267,781
128,268,456
128,269,931
128,270,692
128,271,452
128,272,473
128,273,393
128,274,293
128,285,1390
128,286,1010
129,10,1667
129,11,1714
129,14,1371
129,15,1434
129,44,1698
129,45,1698
129,109,1767
129,111,1626
129,112,1626
129,113,1667
129,115,1453
129,116,1453
129,117,795
129,118,795
129,120,1382
129,121,1236
129,122,1111
129,123,1235
129,124,1147
129,125,1051
129,126,1701
129,127,647
129,128,835
129,129,30
129,130,777
129,131,1073
129,132,1721
129,133,1532
129,134,1568
129,137,1717
129,138,1564
129,221,815
129,222,815
129,243,1229
129,244,1044
129,245,914
129,246,914
129,267,1367
129,268,1042
129,269,1273
129,270,1278
129,271,388
129,272,410
129,273,535
129,274,694
129,285,774
129,286,393
130,10,1681
130,11,1729
130,14,1354
130,15,1417
130,44,1713
130,45,1713
130,109,1781
130,111,1641
130,112,1641
130,113,1682
130,115,1468
130,116,1468
130,117,809
130,118,809
130,120,1396
130,121,1250
130,122,1126
130,123,1250
130,124,1161
130,125,1033
130,126,1716
130,127,630
130,128,818
130,129,507
130,130,30
130,131,1056
130,132,1703
130,133,1515
130,134,1550
130,137,1700
130,138,1547
130,221,830
130,222,830
130,243,1244
130,244,1059
130,245,897
130,246,897
130,267,1349
130,268,1025
130,269,1256
130,270,1261
130,271,403
130,272,425
130,273,550
130,274,708
130,285,756
130,286,376
131,14,789
131,15,871
131,117,1734
131,118,1734
131,121,1796
131,122,1676
131,123,1596
131,124,1707
131,125,1028
131,127,909
131,128,849
131,129,1766
131,130,1483
131,131,30
131,132,1157
131,133,685
131,134,720
131,135,1058
131,136,1041
131,140,1671
131,141,1671
131,153,1499
131,154,1638
131,155,1541
131,221,1664
131,222,1664
131,247,1454
131,248,1454
131,267,1344
131,268,916
131,269,426
131,270,739
131,271,1300
131,272,1322
131,273,1241
131,274,1141
131,286,1635
132,14,331
132,15,412
132,117,1767
132,118,1767
132,122,1708
132,123,1628
132,124,1740
132,125,1061
132,127,942
132,128,881
132,129,1534
132,130,1515
132,131,33
132,132,30
132,133,716
132,134,751
132,135,795
132,136,779
132,140,1409
132,141,1409
132,153,1040
132,154,1180
132,155,1083
132,158,1504
132,159,1504
132,160,1504
132,221,1697
132,222,1697
132,232,1790
132,245,1675
132,246,1675
132,247,1192
132,248,1192
132,267,1377
132,268,948
132,269,458
132,270,771
132,271,1332
132,272,1354
132,273,1273
132,274,1174
132,285,1535
132,286,1403
133,14,878
133,15,959
133,121,1696
133,122,1576
133,123,1496
133,124,1607
133,125,928
133,127,1042
133,128,982
133,130,1616
133,131,719
133,132,1246
133,133,30
133,134,36
133,135,408
133,136,373
133,140,994
133,141,994
133,153,1587
133,154,1727
133,155,1630
133,221,1564
133,222,1564
133,232,1375
133,247,777
133,248,777
133,267,1244
133,268,816
133,269,654
133,270,639
133,271,1433
133,272,1454
133,273,1374
133,274,1274
134,14,871
134,15,952
134,125,1333
134,127,1447
134,128,1386
134,131,850
134,132,1239
134,133,423
134,134,30
134,135,373
134,136,337
134,140,959
134,141,959
134,153,1580
134,154,1720
134,155,1623
134,232,1340
134,247,741
134,248,741
134,267,1649
134,268,1221
134,269,1059
134,270,1044
134,273,1779
134,274,1679
135,14,792
135,15,874
135,125,1254
135,127,1368
135,128,1308
135,131,771
135,132,1160
135,133,345
135,134,380
135,135,30
135,136,285
135,140,907
135,141,907
135,153,1501
135,154,1641
135,155,1544
135,232,1288
135,247,689
135,248,689
135,267,1570
135,268,1142
135,269,980
135,270,965
135,271,1759
135,272,1780
135,273,1700
135,274,1600
136,14,629
136,15,710
136,125,1290
136,127,1404
136,128,1343
136,131,786
136,132,996
136,133,380
136,134,416
136,135,36
136,136,30
136,140,631
136,141,631
136,153,1338
136,154,1478
136,155,1381
136,232,1012
136,247,413
136,248,413
136,267,1606
136,268,1178
136,269,1010
136,270,1001
136,271,1795
136,273,1736
136,274,1636
136,309,1771
136,310,1771
137,129,1635
137,137,30
137,138,569
137,139,490
137,154,1556
137,155,1653
137,156,918
137,157,869
137,158,1233
137,159,1233
137,160,1233
137,245,759
137,246,759
137,257,923
137,258,923
137,285,1254
138,15,1798
138,129,1535
138,137,333
138,138,30
138,139,652
138,154,988
138,155,1085
138,156,350
138,157,301
138,158,665
138,159,665
138,160,665
138,245,658
138,246,658
138,257,1085
138,258,1085
138,285,1154
139,137,717
139,138,1097
139,139,30
139,156,1446
139,157,1397
139,158,1761
139,159,1761
139,160,1761
139,245,1287
139,246,1287
139,257,433
139,258,433
139,285,1782
140,140,30
140,141,30
140,142,1287
140,143,1287
140,144,1395
140,145,1395
140,146,1772
140,309,1141
140,310,1141
141,140,30
141,141,30
141,142,1287
141,143,1287
141,144,1395
141,145,1395
141,146,1772
141,309,1141
141,310,1141
142,0,1540
142,1,1540
142,15,1775
142,142,30
142,143,30
142,153,933
142,154,1073
142,155,976
142,156,1789
142,158,1397
142,159,1397
142,160,1397
143,0,1540
143,1,1540
143,15,1775
143,142,30
143,143,30
143,153,933
143,154,1073
143,155,976
143,156,1789
143,158,1397
143,159,1397
143,160,1397
144,133,1692
144,134,1727
144,135,1347
144,136,1331
144,140,1379
144,141,1379
144,142,627
144,143,627
144,144,30
144,145,30
144,146,1353
144,149,1544
144,153,1560
144,154,1699
144,155,1602
144,232,1761
144,247,1162
144,248,1162
144,309,723
144,310,723
145,133,1692
145,134,1727
145,135,1347
145,136,1331
145,140,1379
145,141,1379
145,142,627
145,143,627
145,144,30
145,145,30
145,146,1353
145,149,1544
145,153,1560
145,154,1699
145,155,1602
145,232,1761
145,247,1162
145,248,1162
145,309,723
145,310,723
146,146,30
146,147,932
146,148,752
146,149,191
146,150,616
146,151,616
146,152,1292
146,309,1668
146,310,1668
147,142,1600
147,143,1600
147,144,973
147,145,973
147,146,1367
147,147,30
147,149,1558
147,309,737
147,310,737
148,142,1780
148,143,1780
148,144,1153
148,145,1153
148,146,1547
148,147,180
148,148,30
148,149,1738
148,309,917
148,310,917
149,144,1714
149,145,1714
149,147,741
149,148,561
149,149,30
149,150,425
149,151,425
149,152,1102
149,309,1478
149,310,1478
150,148,1650
150,150,30
150,151,30
150,152,677
151,148,1650
151,150,30
151,151,30
151,152,677
152,152,30
153,14,921
153,15,842
153,131,1161
153,132,1129
153,133,1789
153,135,1565
153,136,1549
153,137,1524
153,138,1191
153,153,30
153,154,140
153,155,43
153,156,856
153,157,891
153,158,464
153,159,464
153,160,464
153,245,1700
153,246,1700
153,269,1586
154,14,889
154,15,811
154,131,1129
154,132,1097
154,133,1757
154,134,1792
154,135,1534
154,136,1517
154,137,1385
154,138,1052
154,139,1703
154,153,1598
154,154,30
154,155,97
154,156,717
154,157,751
154,158,325
154,159,325
154,160,325
154,245,1668
154,246,1668
154,269,1555
155,14,878
155,15,799
155,131,1118
155,132,1086
155,133,1746
155,134,1781
155,135,1522
155,136,1506
155,137,1481
155,138,1149
155,139,1800
155,153,1587
155,154,97
155,155,30
155,156,814
155,157,848
155,158,421
155,159,421
155,160,421
155,245,1657
155,246,1657
155,269,1544
156,14,1527
156,15,1448
156,131,1767
156,132,1735
156,137,801
156,138,468
156,139,1119
156,154,638
156,155,735
156,156,30
156,157,167
156,158,315
156,159,315
156,160,315
156,245,1126
156,246,1126
156,257,1552
156,258,1552
156,285,1621
157,14,1576
157,15,1498
157,132,1784
157,137,634
157,138,301
157,139,953
157,154,687
157,155,784
157,156,50
157,157,30
157,158,365
157,159,365
157,160,365
157,245,959
157,246,959
157,257,1386
157,258,1386
157,285,1454
158,14,1212
158,15,1133
158,131,1452
158,132,1420
158,137,1060
158,138,728
158,139,1379
158,154,323
158,155,420
158,156,393
158,157,427
158,158,30
158,159,30
158,160,30
158,245,1386
158,246,1386
159,14,1212
159,15,1133
159,131,1452
159,132,1420
159,137,1060
159,138,728
159,139,1379
159,154,323
159,155,420
159,156,393
159,157,427
159,158,30
159,159,30
159,160,30
159,245,1386
159,246,1386
160,14,1212
160,15,1133
160,131,1452
160,132,1420
160,137,1060
160,138,728
160,139,1379
160,154,323
160,155,420
160,156,393
160,157,427
160,158,30
160,159,30
160,160,30
160,245,1386
160,246,1386
161,161,30
161,162,30
161,163,324
161,164,169
161,165,854
161,166,1155
161,167,1116
161,234,1647
161,237,780
161,238,626
161,293,1737
161,304,1547
162,161,30
162,162,30
162,163,324
162,164,169
162,165,854
162,166,1155
162,167,1116
162,234,1647
162,237,780
162,238,626
162,293,1737
162,304,1547
163,163,30
163,165,1357
163,166,1709
163,167,1670
163,237,457
163,238,302
163,304,1223
164,102,1766
164,161,1105
164,162,1105
164,163,156
164,164,30
164,165,685
164,166,986
164,167,947
164,234,1478
164,237,612
164,238,457
164,293,1568
164,304,1379
165,102,1751
165,161,1171
165,162,1171
165,163,140
165,164,1340
165,165,30
165,166,971
165,167,932
165,234,1463
165,237,597
165,238,442
165,293,1553
165,304,1363
166,161,425
166,162,425
166,163,749
166,164,594
166,165,1279
166,166,30
166,167,506
166,227,1559
166,228,1559
166,233,1521
166,234,1169
166,237,1205
166,238,1051
166,253,1655
166,254,1676
166,255,1568
166,256,1611
166,293,1259
166,294,1676
167,161,465
167,162,465
167,163,788
167,164,633
167,165,1318
167,166,40
167,167,30
167,227,1598
167,228,1598
167,233,1560
167,234,1208
167,237,1245
167,238,1090
167,253,1694
167,254,1715
167,255,1607
167,256,1651
167,293,1298
167,294,1715
168,75,1478
168,76,1478
168,77,1595
168,78,1652
168,79,1595
168,81,1477
168,82,1221
168,83,1411
168,84,1241
168,85,1279
168,86,1486
168,87,1159
168,88,917
168,89,959
168,90,1438
168,91,1409
168,92,899
168,93,920
168,94,1436
168,95,1392
168,96,1516
168,97,1596
168,98,1524
168,99,1450
168,161,1645
168,162,1645
168,166,1241
168,167,1202
168,168,30
168,169,30
168,170,562
168,171,550
168,172,554
168,173,853
168,174,804
168,185,1224
168,186,1286
168,187,1540
168,188,1549
168,193,1724
168,194,1373
168,195,1470
168,227,1011
168,228,1011
168,233,841
168,234,1297
168,253,114
168,254,135
168,255,798
168,256,842
168,276,1616
168,278,1747
168,279,1747
168,293,523
168,294,907
168,311,1667
168,312,1667
168,313,625
168,314,706
169,75,1478
169,76,1478
169,77,1595
169,78,1652
169,79,1595
169,81,1477
169,82,1221
169,83,1411
169,84,1241
169,85,1279
169,86,1486
169,87,1159
169,88,917
169,89,959
169,90,1438
169,91,1409
169,92,899
169,93,920
169,94,1436
169,95,1392
169,96,1516
169,97,1596
169,98,1524
169,99,1450
169,161,1645
169,162,1645
169,166,1241
169,167,1202
169,168,30
169,169,30
169,170,562
169,171,550
169,172,554
169,173,853
169,174,804
169,185,1224
169,186,1286
169,187,1540
169,188,1549
169,193,1724
169,194,1373
169,195,1470
169,227,1011
169,228,1011
169,233,841
169,234,1297
169,253,114
169,254,135
169,255,798
169,256,842
169,276,1616
169,278,1747
169,279,1747
169,293,523
169,294,907
169,311,1667
169,312,1667
169,313,625
169,314,706
170,70,1641
170,71,1772
170,72,1665
170,73,1530
170,75,944
170,76,944
170,77,1422
170,78,1479
170,79,1422
170,80,1657
170,81,1452
170,82,1197
170,83,1387
170,84,707
170,85,745
170,86,1306
170,87,625
170,88,383
170,89,425
170,90,904
170,91,875
170,92,1121
170,93,1143
170,94,1411
170,95,1367
170,96,1739
170,98,1747
170,99,1673
170,166,1586
170,167,1547
170,168,553
170,169,553
170,170,30
170,171,12
170,172,8
170,173,292
170,174,243
170,175,1625
170,176,1625
170,179,1751
170,180,1767
170,185,663
170,186,725
170,187,979
170,188,988
170,189,1728
170,190,1728
170,191,1569
170,192,1569
170,193,1163
170,194,1717
170,223,1253
170,224,1253
170,225,1367
170,226,1443
170,227,1396
170,228,1396
170,233,1226
170,234,1682
170,239,1769
170,240,1762
170,253,504
170,254,487
170,255,1143
170,256,1187
170,293,868
170,294,1251
170,306,1310
170,311,1350
170,312,1350
170,313,847
170,314,928
171,70,1638
171,71,1770
171,72,1663
171,73,1527
171,75,941
171,76,941
171,77,1419
171,78,1476
171,79,1419
171,80,1654
171,81,1449
171,82,1194
171,83,1384
171,84,704
171,85,742
171,86,1303
171,87,622
171,88,380
171,89,422
171,90,901
171,91,872
171,92,1118
171,93,1140
171,94,1408
171,95,1364
171,96,1736
171,98,1744
171,99,1670
171,166,1574
171,167,1535
171,168,541
171,169,541
171,170,12
171,171,30
171,172,5
171,173,304
171,174,255
171,175,1622
171,176,1622
171,179,1748
171,180,1764
171,185,675
171,186,737
171,187,991
171,188,1000
171,189,1740
171,190,1740
171,191,1581
171,192,1581
171,193,1175
171,194,1705
171,223,1265
171,224,1265
171,225,1379
171,226,1455
171,227,1384
171,228,1384
171,233,1214
171,234,1670
171,239,1766
171,240,1759
171,253,492
171,254,475
171,255,1131
171,256,1175
171,293,856
171,294,1240
171,306,1307
171,311,1347
171,312,1347
171,313,845
171,314,925
172,70,1633
172,71,1765
172,72,1658
172,73,1523
172,75,937
172,76,937
172,77,1414
172,78,1471
172,79,1414
172,80,1649
172,81,1445
172,82,1190
172,83,1379
172,84,700
172,85,738
172,86,1299
172,87,618
172,88,376
172,89,417
172,90,896
172,91,867
172,92,1114
172,93,1135
172,94,1404
172,95,1360
172,96,1731
172,98,1739
172,99,1665
172,166,1579
172,167,1539
172,168,545
172,169,545
172,170,8
172,171,5
172,172,30
172,173,299
172,174,250
172,175,1618
172,176,1618
172,179,1743
172,180,1760
172,185,670
172,186,732
172,187,986
172,188,995
172,189,1735
172,190,1735
172,191,1577
172,192,1577
172,193,1170
172,194,1710
172,223,1261
172,224,1261
172,225,1374
172,226,1451
172,227,1388
172,228,1388
172,233,1218
172,234,1674
172,239,1761
172,240,1755
172,253,497
172,254,479
172,255,1136
172,256,1180
172,293,860
172,294,1244
172,306,1303
172,311,1343
172,312,1343
172,313,840
172,314,921
173,70,1677
173,75,1235
173,76,1235
173,77,1713
173,78,1770
173,79,1713
173,81,1743
173,82,1488
173,83,1678
173,84,998
173,85,1036
173,86,1597
173,87,916
173,88,674
173,89,716
173,90,1195
173,91,1166
173,92,1412
173,93,1434
173,94,1702
173,95,1658
173,168,844
173,169,844
173,170,292
173,171,304
173,172,299
173,173,30
173,174,49
173,175,1524
173,176,1524
173,177,1745
173,178,1745
173,179,1603
173,180,1620
173,185,372
173,186,434
173,187,688
173,188,697
173,189,1437
173,190,1437
173,191,1278
173,192,1278
173,193,872
173,223,962
173,224,962
173,225,1076
173,226,1152
173,227,1687
173,228,1687
173,233,1517
173,253,795
173,254,778
173,255,1432
173,256,1476
173,259,1639
173,260,1639
173,261,1694
173,275,1753
173,293,1157
173,294,1541
173,306,1209
173,311,1641
173,312,1641
173,313,1139
173,314,1219
173,319,1775
173,320,1629
173,322,1629
174,70,1629
174,71,1761
174,73,1773
174,75,1187
174,76,1187
174,77,1664
174,78,1721
174,79,1664
174,81,1695
174,82,1440
174,83,1629
174,84,950
174,85,988
174,86,1549
174,87,867
174,88,626
174,89,667
174,90,1146
174,91,1117
174,92,1364
174,93,1385
174,94,1654
174,95,1610
174,167,1788
174,168,795
174,169,795
174,170,243
174,171,255
174,172,250
174,173,49
174,174,30
174,175,1475
174,176,1475
174,177,1697
174,178,1697
174,179,1554
174,180,1571
174,185,420
174,186,483
174,187,736
174,188,745
174,189,1485
174,190,1485
174,191,1327
174,192,1327
174,193,920
174,223,1011
174,224,1011
174,225,1125
174,226,1201
174,227,1638
174,228,1638
174,233,1468
174,253,747
174,254,729
174,255,1384
174,256,1428
174,259,1687
174,260,1687
174,261,1743
174,293,1109
174,294,1492
174,306,1161
174,311,1593
174,312,1593
174,313,1090
174,314,1171
174,320,1678
174,322,1678
175,67,1721
175,68,1452
175,69,1478
175,70,1134
175,71,1266
175,72,1700
175,73,1565
175,74,1701
175,75,1326
175,76,1326
175,82,1579
175,83,1768
175,84,1089
175,85,1127
175,86,1688
175,87,1171
175,88,1413
175,89,1371
175,90,912
175,91,883
175,92,1759
175,93,1796
175,94,1793
175,95,1749
175,170,1656
175,171,1668
175,172,1663
175,173,1514
175,174,1465
175,175,30
175,176,30
175,177,479
175,178,479
175,179,594
175,180,595
175,186,1610
175,189,1621
175,190,1621
175,240,1796
175,259,1471
175,260,1471
175,261,1472
175,262,1668
175,305,823
175,306,664
175,311,1732
175,312,1732
176,67,1721
176,68,1452
176,69,1478
176,70,1134
176,71,1266
176,72,1700
176,73,1565
176,74,1701
176,75,1326
176,76,1326
176,82,1579
176,83,1768
176,84,1089
176,85,1127
176,86,1688
176,87,1171
176,88,1413
176,89,1371
176,90,912
176,91,883
176,92,1759
176,93,1796
176,94,1793
176,95,1749
176,170,1656
176,171,1668
176,172,1663
176,173,1514
176,174,1465
176,175,30
176,176,30
176,177,479
176,178,479
176,179,594
176,180,595
176,186,1610
176,189,1621
176,190,1621
176,240,1796
176,259,1471
176,260,1471
176,261,1472
176,262,1668
176,305,823
176,306,664
176,311,1732
176,312,1732
177,68,1560
177,69,1587
177,70,1242
177,71,1374
177,73,1673
177,75,1434
177,76,1434
177,82,1687
177,84,1197
177,85,1235
177,86,1796
177,87,1279
177,88,1521
177,89,1479
177,90,1020
177,91,991
177,170,1764
177,171,1776
177,172,1771
177,173,1622
177,174,1573
177,175,590
177,176,590
177,177,30
177,178,30
177,179,444
177,180,446
177,181,1660
177,182,1660
177,186,1719
177,189,1471
177,190,1471
177,193,1678
177,259,1322
177,260,1322
177,261,1322
177,262,1519
177,264,1770
177,305,971
177,306,772
178,68,1560
178,69,1587
178,70,1242
178,71,1374
178,73,1673
178,75,1434
178,76,1434
178,82,1687
178,84,1197
178,85,1235
178,86,1796
178,87,1279
178,88,1521
178,89,1479
178,90,1020
178,91,991
178,170,1764
178,171,1776
178,172,1771
178,173,1622
178,174,1573
178,175,590
178,176,590
178,177,30
178,178,30
178,179,444
178,180,446
178,181,1660
178,182,1660
178,186,1719
178,189,1471
178,190,1471
178,193,1678
178,259,1322
178,260,1322
178,261,1322
178,262,1519
178,264,1770
178,305,971
178,306,772
179,70,1582
179,71,1714
179,75,1774
179,76,1774
179,84,1536
179,85,1574
179,87,1618
179,90,1359
179,91,1330
179,170,1745
179,171,1757
179,172,1752
179,173,1603
179,174,1554
179,175,929
179,176,929
179,177,340
179,178,340
179,179,30
179,180,17
179,181,1231
179,182,1231
179,184,1767
179,186,1795
179,187,1447
179,188,1424
179,189,1042
179,190,1042
179,191,1435
179,192,1435
179,193,1249
179,223,1721
179,224,1721
179,225,1536
179,226,1380
179,259,893
179,260,893
179,261,893
179,262,1090
179,263,1483
179,264,1341
179,275,1681
179,305,1310
179,306,1112
180,177,1329
180,178,1329
180,179,1049
180,180,30
180,181,1214
180,182,1214
180,184,1751
180,186,1778
180,187,1430
180,188,1407
180,189,1026
180,190,1026
180,191,1418
180,192,1418
180,193,1232
180,223,1704
180,224,1704
180,225,1519
180,226,1363
180,259,876
180,260,876
180,261,877
180,262,1073
180,263,1466
180,264,1324
180,275,1665
181,170,1800
181,173,1607
181,174,1610
181,175,1467
181,176,1467
181,177,877
181,178,877
181,179,538
181,180,555
181,181,30
181,182,30
181,183,1386
181,184,1284
181,185,1635
181,186,1267
181,187,919
181,188,897
181,189,559
181,190,559
181,191,951
181,192,951
181,193,722
181,223,1194
181,224,1194
181,225,1052
181,226,896
181,259,409
181,260,409
181,261,410
181,262,606
181,263,999
181,264,857
181,265,1595
181,266,1589
181,275,1198
181,306,1649
181,319,1714
181,320,1568
181,322,1568
182,170,1800
182,173,1607
182,174,1610
182,175,1467
182,176,1467
182,177,877
182,178,877
182,179,538
182,180,555
182,181,30
182,182,30
182,183,1386
182,184,1284
182,185,1635
182,186,1267
182,187,919
182,188,897
182,189,559
182,190,559
182,191,951
182,192,951
182,193,722
182,223,1194
182,224,1194
182,225,1052
182,226,896
182,259,409
182,260,409
182,261,410
182,262,606
182,263,999
182,264,857
182,265,1595
182,266,1589
182,275,1198
182,306,1649
182,319,1714
182,320,1568
182,322,1568
183,17,678
183,18,678
183,181,1539
183,182,1539
183,183,30
183,184,42
183,189,1350
183,190,1350
183,191,1743
183,192,1743
183,226,1688
183,259,1256
183,260,1256
183,261,911
183,262,1453
183,263,610
183,264,468
183,265,316
183,266,310
183,287,1237
183,319,1766
184,17,674
184,18,674
184,179,1791
184,181,1524
184,182,1524
184,183,103
184,184,30
184,189,1335
184,190,1335
184,191,1727
184,192,1727
184,226,1672
184,259,1241
184,260,1241
184,261,895
184,262,1438
184,263,594
184,264,452
184,265,312
184,266,306
184,287,1233
184,319,1751
185,70,1658
185,71,1790
185,75,1754
185,76,1754
185,84,1517
185,85,1555
185,87,1434
185,88,1193
185,89,1234
185,90,1438
185,91,1408
185,168,1362
185,169,1362
185,170,810
185,171,822
185,172,817
185,173,519
185,174,567
185,175,1504
185,176,1504
185,177,1766
185,178,1766
185,179,1427
185,180,1444
185,181,1532
185,182,1532
185,185,30
185,186,63
185,187,317
185,188,326
185,189,1066
185,190,1066
185,191,907
185,192,907
185,193,501
185,223,591
185,224,591
185,225,705
185,226,781
185,253,1314
185,254,1296
185,259,1268
185,260,1268
185,261,1323
185,262,1465
185,264,1770
185,275,1382
185,293,1614
185,306,1190
185,313,1657
185,314,1738
185,319,1404
185,320,1258
185,322,1258
185,323,1722
185,324,1722
186,84,1608
186,85,1647
186,87,1526
186,88,1284
186,89,1326
186,90,1668
186,91,1639
186,168,1454
186,169,1454
186,170,902
186,171,914
186,172,909
186,173,611
186,174,659
186,175,1735
186,176,1735
186,177,1704
186,178,1704
186,179,1364
186,180,1381
186,181,1470
186,182,1470
186,185,638
186,186,30
186,187,254
186,188,263
186,189,1003
186,190,1003
186,191,845
186,192,845
186,193,438
186,223,529
186,224,529
186,225,642
186,226,719
186,253,1405
186,254,1388
186,259,1205
186,260,1205
186,261,1261
186,262,1402
186,264,1708
186,275,1319
186,293,1706
186,306,1420
186,313,1749
186,319,1342
186,320,1196
186,322,1196
186,323,1659
186,324,1659
187,84,1686
187,85,1725
187,87,1604
187,88,1362
187,89,1404
187,90,1746
187,91,1717
187,168,1532
187,169,1532
187,170,980
187,171,992
187,172,987
187,173,689
187,174,737
187,177,1778
187,178,1778
187,179,1438
187,180,1455
187,181,1544
187,182,1544
187,185,716
187,186,349
187,187,30
187,188,337
187,189,1077
187,190,1077
187,191,919
187,192,919
187,193,512
187,223,603
187,224,603
187,225,716
187,226,793
187,253,1483
187,254,1466
187,259,1279
187,260,1279
187,261,1334
187,262,1476
187,264,1782
187,275,1393
187,293,1784
187,306,1498
187,319,1416
187,320,1270
187,322,1270
187,323,1733
187,324,1733
188,4,1606
188,5,1606
188,84,1709
188,85,1747
188,87,1627
188,88,1385
188,89,1427
188,90,1768
188,91,1739
188,168,1554
188,169,1554
188,170,1002
188,171,1014
188,172,1010
188,173,711
188,174,760
188,177,1697
188,178,1697
188,179,1358
188,180,1375
188,181,1239
188,182,1239
188,185,738
188,186,371
188,187,23
188,188,30
188,189,772
188,190,772
188,191,614
188,192,614
188,193,175
188,220,1723
188,223,298
188,224,298
188,225,411
188,226,488
188,253,1506
188,254,1488
188,259,974
188,260,974
188,261,1220
188,262,1171
188,264,1668
188,275,1088
188,306,1521
188,319,1111
188,320,965
188,322,965
188,323,1428
188,324,1428
188,325,1723
188,326,1723
189,4,1651
189,5,1651
189,170,1758
189,171,1770
189,172,1766
189,173,1467
189,174,1516
189,177,1344
189,178,1344
189,179,1004
189,180,1021
189,181,467
189,182,467
189,183,1425
189,184,1323
189,185,1494
189,186,1127
189,187,779
189,188,1116
189,189,30
189,190,30
189,191,393
189,192,393
189,193,1188
189,220,1768
189,223,1381
189,224,1381
189,225,494
189,226,338
189,259,202
189,260,202
189,261,449
189,262,399
189,263,1038
189,264,896
189,265,1634
189,266,1628
189,275,640
189,319,1156
189,320,1009
189,322,1009
189,323,1473
189,324,1473
189,325,1768
189,326,1768
190,4,1651
190,5,1651
190,170,1758
190,171,1770
190,172,1766
190,173,1467
190,174,1516
190,177,1344
190,178,1344
190,179,1004
190,180,1021
190,181,467
190,182,467
190,183,1425
190,184,1323
190,185,1494
190,186,1127
190,187,779
190,188,1116
190,189,30
190,190,30
190,191,393
190,192,393
190,193,1188
190,220,1768
190,223,1381
190,224,1381
190,225,494
190,226,338
190,259,202
190,260,202
190,261,449
190,262,399
190,263,1038
190,264,896
190,265,1634
190,266,1628
190,275,640
190,319,1156
190,320,1009
190,322,1009
190,323,1473
190,324,1473
190,325,1768
190,326,1768
191,4,1593
191,5,1593
191,170,1701
191,171,1712
191,172,1708
191,173,1409
191,174,1458
191,177,1672
191,178,1672
191,179,1333
191,180,1350
191,181,796
191,182,796
191,183,1754
191,184,1651
191,185,1437
191,186,1069
191,187,721
191,188,1058
191,189,329
191,190,329
191,191,30
191,192,30
191,193,1233
191,220,1710
191,223,1323
191,224,1323
191,225,436
191,226,280
191,259,531
191,260,531
191,261,777
191,262,728
191,263,1367
191,264,1225
191,275,643
191,319,1098
191,320,952
191,322,952
191,323,1415
191,324,1415
191,325,1711
191,326,1711
192,4,1593
192,5,1593
192,170,1701
192,171,1712
192,172,1708
192,173,1409
192,174,1458
192,177,1672
192,178,1672
192,179,1333
192,180,1350
192,181,796
192,182,796
192,183,1754
192,184,1651
192,185,1437
192,186,1069
192,187,721
192,188,1058
192,189,329
192,190,329
192,191,30
192,192,30
192,193,1233
192,220,1710
192,223,1323
192,224,1323
192,225,436
192,226,280
192,259,531
192,260,531
192,261,777
192,262,728
192,263,1367
192,264,1225
192,275,643
192,319,1098
192,320,952
192,322,952
192,323,1415
192,324,1415
192,325,1711
192,326,1711
193,4,1781
193,5,1781
193,88,1560
193,89,1602
193,90,1709
193,91,1680
193,168,1729
193,169,1729
193,170,1177
193,171,1189
193,172,1185
193,173,886
193,174,935
193,175,1776
193,176,1776
193,177,1522
193,178,1522
193,179,1183
193,180,1200
193,181,1414
193,182,1414
193,185,913
193,186,546
193,187,198
193,188,175
193,189,947
193,190,947
193,191,789
193,192,789
193,193,30
193,223,473
193,224,473
193,225,586
193,226,663
193,253,1681
193,254,1663
193,259,1079
193,260,1079
193,261,1079
193,262,1275
193,263,1668
193,264,1526
193,275,1263
193,306,1462
193,319,1286
193,320,1139
193,322,1139
193,323,1603
193,324,1603
194,166,1575
194,167,1536
194,168,1653
194,169,1653
194,170,1726
194,171,1714
194,172,1718
194,194,30
194,195,98
194,196,561
194,197,623
194,198,1769
194,200,1345
194,201,884
194,202,1376
194,203,1406
194,206,1649
194,207,1649
194,216,1793
194,217,1793
194,233,1620
194,253,1278
194,254,1299
194,255,1184
194,256,1228
194,278,375
194,279,375
194,293,882
194,294,835
194,313,1768
195,166,1673
195,167,1633
195,168,1750
195,169,1750
195,194,98
195,195,30
195,196,659
195,197,721
195,200,1442
195,201,982
195,202,1473
195,203,1503
195,206,1746
195,207,1746
195,233,1717
195,253,1376
195,254,1397
195,255,1281
195,256,1325
195,278,343
195,279,343
195,293,980
195,294,932
196,194,641
196,195,739
196,196,30
196,197,62
196,198,1208
196,199,1270
196,200,784
196,201,323
196,202,815
196,203,845
196,206,1088
196,207,1088
196,212,1686
196,213,1689
196,214,1588
196,215,1588
196,216,1232
196,217,1232
196,278,1016
196,279,1016
196,293,1523
196,294,1476
197,194,612
197,195,709
197,196,1173
197,197,30
197,198,1189
197,199,1251
197,200,765
197,201,305
197,202,796
197,203,826
197,206,1069
197,207,1069
197,212,1667
197,213,1671
197,214,1569
197,215,1569
197,216,1213
197,217,1213
197,255,1795
197,278,986
197,279,986
197,293,1493
197,294,1446
198,194,1007
198,195,1104
198,196,1568
198,197,427
198,198,30
198,199,904
198,200,492
198,201,178
198,202,556
198,203,586
198,206,677
198,207,677
198,210,1678
198,211,1678
198,212,1275
198,213,1279
198,214,1329
198,215,1329
198,216,973
198,217,973
198,218,1781
198,219,1781
198,278,1381
198,279,1381
199,197,1229
199,198,837
199,199,30
199,200,1329
199,201,979
199,202,1392
199,203,1422
199,206,742
199,207,742
199,210,1743
199,211,1743
199,212,1340
199,213,1344
200,194,933
200,195,1030
200,196,1494
200,197,354
200,198,943
200,199,1006
200,200,30
200,201,59
200,202,608
200,203,638
200,206,823
200,207,823
200,212,1421
200,213,1425
200,214,1381
200,215,1381
200,216,1025
200,217,1025
200,278,1308
200,279,1308
200,294,1767
201,194,875
201,195,972
201,196,1436
201,197,296
201,198,885
201,199,947
201,200,519
201,201,30
201,202,549
201,203,579
201,206,765
201,207,765
201,210,1766
201,211,1766
201,212,1363
201,213,1367
201,214,1322
201,215,1322
201,216,967
201,217,967
201,218,1775
201,219,1775
201,278,1249
201,279,1249
201,293,1757
201,294,1709
202,194,1687
202,195,1785
202,197,1108
202,200,1343
202,201,1285
202,202,30
202,203,320
202,214,774
202,215,774
202,216,418
202,217,418
202,218,1226
202,219,1226
202,296,1599
202,299,1599
203,194,1476
203,195,1573
203,197,897
203,200,1448
203,201,1074
203,202,142
203,203,30
203,214,879
203,215,879
203,216,559
203,217,559
203,218,1332
203,219,1332
203,296,1704
203,299,1704
204,194,1447
204,195,1544
204,197,868
204,198,441
204,199,547
204,200,932
204,201,618
204,202,996
204,203,1026
204,204,30
204,205,50
204,206,346
204,207,346
204,210,1347
204,211,1347
204,212,944
204,213,948
204,214,1769
204,215,1769
204,216,1413
204,217,1413
204,249,1603
204,250,1701
205,194,1397
205,195,1495
205,197,818
205,198,391
205,199,498
205,200,883
205,201,568
205,202,947
205,203,977
205,204,1578
205,205,30
205,206,297
205,207,297
205,210,1298
205,211,1298
205,212,895
205,213,898
205,214,1720
205,215,1720
205,216,1364
205,217,1364
205,249,1554
205,250,1652
205,278,1772
205,279,1772
206,197,1435
206,198,1008
206,199,1115
206,200,1241
206,201,1186
206,202,1305
206,203,1335
206,204,1281
206,205,1331
206,206,30
206,207,30
206,210,1002
206,211,1002
206,212,598
206,213,602
206,214,1790
206,215,1790
206,216,1722
206,217,1722
206,249,1257
206,250,1356
207,197,1435
207,198,1008
207,199,1115
207,200,1241
207,201,1186
207,202,1305
207,203,1335
207,204,1281
207,205,1331
207,206,30
207,207,30
207,210,1002
207,211,1002
207,212,598
207,213,602
207,214,1790
207,215,1790
207,216,1722
207,217,1722
207,249,1257
207,250,1356
208,208,30
208,209,943
208,210,684
208,211,684
208,212,1159
208,213,1083
208,249,428
208,250,330
208,295,786
209,208,33
209,209,30
209,210,716
209,211,716
209,212,1191
209,213,1115
209,249,460
209,250,362
209,295,818
210,198,1599
210,199,1705
210,201,1776
210,204,1159
210,205,1208
210,206,1504
210,207,1504
210,208,1257
210,209,1225
210,210,30
210,211,30
210,212,476
210,213,400
210,249,256
210,250,355
210,295,1069
211,198,1599
211,199,1705
211,201,1776
211,204,1159
211,205,1208
211,206,1504
211,207,1504
211,208,1257
211,209,1225
211,210,30
211,211,30
211,212,476
211,213,400
211,249,256
211,250,355
211,295,1069
212,197,1551
212,198,1124
212,199,1230
212,200,1615
212,201,1301
212,202,1679
212,203,1709
212,204,683
212,205,733
212,206,1029
212,207,1029
212,212,30
212,213,1631
213,197,1627
213,198,1200
213,199,1306
213,200,1691
213,201,1377
213,202,1755
213,203,1785
213,204,759
213,205,809
213,206,1105
213,207,1105
213,208,1657
213,209,1625
213,210,400
213,211,400
213,212,76
213,213,30
213,249,656
213,250,754
213,295,1468
214,200,1620
214,201,1678
214,202,1315
214,203,1282
214,214,30
214,215,30
214,216,1503
214,217,1503
214,218,453
214,219,453
214,296,825
214,297,1222
214,298,1222
214,299,825
215,200,1620
215,201,1678
215,202,1315
215,203,1282
215,214,30
215,215,30
215,216,1503
215,217,1503
215,218,453
215,219,453
215,296,825
215,297,1222
215,298,1222
215,299,825
216,197,1279
216,198,1735
216,200,925
216,201,984
216,202,580
216,203,546
216,206,1615
216,207,1615
216,214,356
216,215,356
216,216,30
216,217,30
216,218,809
216,219,809
216,296,1181
216,297,1578
216,298,1578
216,299,1181
217,197,1279
217,198,1735
217,200,925
217,201,984
217,202,580
217,203,546
217,206,1615
217,207,1615
217,214,356
217,215,356
217,216,30
217,217,30
217,218,809
217,219,809
217,296,1181
217,297,1578
217,298,1578
217,299,1181
218,200,1687
218,201,1745
218,202,1382
218,203,1349
218,214,532
218,215,532
218,216,1570
218,217,1570
218,218,30
218,219,30
218,296,390
218,297,787
218,298,787
218,299,390
218,319,1635
218,321,1528
218,325,1366
218,326,1366
219,200,1687
219,201,1745
219,202,1382
219,203,1349
219,214,532
219,215,532
219,216,1570
219,217,1570
219,218,30
219,219,30
219,296,390
219,297,787
219,298,787
219,299,390
219,319,1635
219,321,1528
219,325,1366
219,326,1366
220,2,575
220,3,485
220,4,1089
220,5,1089
220,220,30
220,225,1707
220,226,1783
220,319,1056
220,323,1303
220,324,1303
221,10,852
221,11,900
221,12,1377
221,13,1219
221,44,884
221,45,884
221,117,1650
221,118,1650
221,119,1313
221,120,567
221,121,421
221,122,297
221,123,421
221,124,332
221,125,953
221,126,887
221,127,1318
221,128,1506
221,130,1398
221,221,30
221,222,30
221,243,1680
221,267,1269
221,268,1713
221,270,1430
221,271,1215
221,272,1237
221,273,1156
221,274,1315
221,286,1774
221,291,1123
221,292,1123
221,344,1599
221,345,1659
222,10,852
222,11,900
222,12,1377
222,13,1219
222,44,884
222,45,884
222,117,1650
222,118,1650
222,119,1313
222,120,567
222,121,421
222,122,297
222,123,421
222,124,332
222,125,953
222,126,887
222,127,1318
222,128,1506
222,130,1398
222,221,30
222,222,30
222,243,1680
222,267,1269
222,268,1713
222,270,1430
222,271,1215
222,272,1237
222,273,1156
222,274,1315
222,286,1774
222,291,1123
222,292,1123
222,344,1599
222,345,1659
223,4,1309
223,5,1309
223,88,1799
223,170,1416
223,171,1428
223,172,1424
223,173,1125
223,174,1174
223,179,1479
223,180,1496
223,181,942
223,182,942
223,184,1797
223,185,1152
223,186,785
223,187,437
223,188,774
223,189,475
223,190,475
223,191,317
223,192,317
223,193,949
223,220,1426
223,223,30
223,224,30
223,225,114
223,226,191
223,259,677
223,260,677
223,261,923
223,262,874
223,263,1513
223,264,1371
223,275,791
223,297,1702
223,298,1702
223,319,814
223,320,667
223,322,667
223,323,1131
223,324,1131
223,325,1426
223,326,1426
224,4,1309
224,5,1309
224,88,1799
224,170,1416
224,171,1428
224,172,1424
224,173,1125
224,174,1174
224,179,1479
224,180,1496
224,181,942
224,182,942
224,184,1797
224,185,1152
224,186,785
224,187,437
224,188,774
224,189,475
224,190,475
224,191,317
224,192,317
224,193,949
224,220,1426
224,223,30
224,224,30
224,225,114
224,226,191
224,259,677
224,260,677
224,261,923
224,262,874
224,263,1513
224,264,1371
224,275,791
224,297,1702
224,298,1702
224,319,814
224,320,667
224,322,667
224,323,1131
224,324,1131
224,325,1426
224,326,1426
225,4,1389
225,5,1389
225,170,1497
225,171,1509
225,172,1504
225,173,1206
225,174,1254
225,177,1705
225,178,1705
225,179,1365
225,180,1382
225,181,828
225,182,828
225,183,1786
225,184,1684
225,185,1233
225,186,866
225,187,518
225,188,854
225,189,361
225,190,361
225,191,203
225,192,203
225,193,1029
225,220,1506
225,223,1120
225,224,1120
225,225,30
225,226,77
225,259,563
225,260,563
225,261,810
225,262,760
225,263,1399
225,264,1257
225,275,677
225,297,1782
225,298,1782
225,319,894
225,320,748
225,322,748
225,323,1212
225,324,1212
225,325,1507
225,326,1507
226,4,1313
226,5,1313
226,170,1421
226,171,1432
226,172,1428
226,173,1129
226,174,1178
226,179,1521
226,180,1538
226,181,984
226,182,984
226,185,1157
226,186,789
226,187,441
226,188,778
226,189,517
226,190,517
226,191,359
226,192,359
226,193,953
226,220,1430
226,223,1043
226,224,1043
226,225,156
226,226,30
226,259,719
226,260,719
226,261,965
226,262,916
226,263,1555
226,264,1413
226,275,833
226,297,1706
226,298,1706
226,319,818
226,320,672
226,322,672
226,323,1135
226,324,1135
226,325,1431
226,326,1431
227,48,1664
227,49,1664
227,50,1597
227,51,1597
227,88,1771
227,89,1800
227,92,1544
227,93,1565
227,96,1067
227,97,1147
227,98,1075
227,99,1207
227,100,1588
227,101,1677
227,102,1752
227,161,936
227,162,936
227,163,1260
227,164,1105
227,165,1790
227,166,512
227,167,472
227,168,1207
227,169,1207
227,170,1437
227,171,1425
227,172,1429
227,173,1728
227,174,1679
227,227,30
227,228,30
227,233,639
227,234,286
227,237,1716
227,238,1562
227,253,989
227,254,1010
227,255,1278
227,256,1322
227,276,1167
227,277,1406
227,293,969
227,294,1386
227,313,1270
227,314,1350
228,48,1664
228,49,1664
228,50,1597
228,51,1597
228,88,1771
228,89,1800
228,92,1544
228,93,1565
228,96,1067
228,97,1147
228,98,1075
228,99,1207
228,100,1588
228,101,1677
228,102,1752
228,161,936
228,162,936
228,163,1260
228,164,1105
228,165,1790
228,166,512
228,167,472
228,168,1207
228,169,1207
228,170,1437
228,171,1425
228,172,1429
228,173,1728
228,174,1679
228,227,30
228,228,30
228,233,639
228,234,286
228,237,1716
228,238,1562
228,253,989
228,254,1010
228,255,1278
228,256,1322
228,276,1167
228,277,1406
228,293,969
228,294,1386
228,313,1270
228,314,1350
229,6,1647
229,7,1640
229,24,1761
229,25,1761
229,35,1465
229,36,1518
229,37,740
229,38,740
229,39,516
229,40,517
229,41,249
229,42,379
229,43,379
229,62,515
229,63,596
229,64,1407
229,229,30
229,230,26
229,307,967
229,308,1030
229,347,254
229,348,215
230,6,1673
230,7,1665
230,24,1786
230,25,1786
230,35,1491
230,36,1543
230,37,765
230,38,765
230,39,541
230,40,542
230,41,224
230,42,354
230,43,354
230,62,490
230,63,570
230,64,1381
230,229,26
230,230,30
230,307,941
230,308,1004
230,347,279
230,348,240
231,135,1477
231,136,1460
231,140,1509
231,141,1509
231,142,1014
231,143,1014
231,144,1122
231,145,1122
231,146,1499
231,149,1690
231,231,30
231,247,1291
231,248,1291
231,309,868
231,310,868
232,14,1639
232,15,1721
232,131,1796
232,133,1391
232,134,1426
232,135,1047
232,136,1030
232,140,437
232,141,437
232,142,1723
232,143,1723
232,144,1749
232,145,1749
232,232,30
232,247,862
232,248,862
232,309,1495
232,310,1495
233,81,1746
233,82,1491
233,83,1681
233,84,1708
233,85,1746
233,86,1756
233,87,1626
233,88,1397
233,89,1425
233,92,1169
233,93,1190
233,94,1706
233,95,1661
233,96,1482
233,97,1562
233,98,1490
233,99,1622
233,161,1352
233,162,1352
233,163,1675
233,164,1520
233,166,927
233,167,888
233,168,832
233,169,832
233,170,1272
233,171,1260
233,172,1265
233,173,1563
233,174,1515
233,227,416
233,228,416
233,233,30
233,234,701
233,253,891
233,254,912
233,255,1273
233,256,1317
233,276,1583
233,293,998
233,294,1382
233,313,895
233,314,976
234,8,1656
234,9,1629
234,48,1378
234,49,1378
234,50,1311
234,51,1311
234,52,1665
234,77,1725
234,78,1781
234,79,1725
234,81,1614
234,82,1580
234,83,1548
234,84,1797
234,87,1715
234,88,1486
234,89,1515
234,92,1258
234,93,1279
234,94,1795
234,95,1751
234,96,782
234,97,861
234,98,789
234,99,921
234,100,1303
234,101,1392
234,102,1651
234,103,1766
234,161,1327
234,162,1327
234,163,1651
234,164,1496
234,166,902
234,167,863
234,168,921
234,169,921
234,170,1361
234,171,1349
234,172,1354
234,173,1652
234,174,1604
234,227,391
234,228,391
234,233,353
234,234,30
234,253,1035
234,254,1056
234,255,1626
234,256,1669
234,276,882
234,277,1120
234,293,1350
234,294,1734
234,311,1796
234,312,1796
234,313,984
234,314,1065
235,8,1508
235,9,1481
235,21,1215
235,22,1215
235,23,1022
235,24,1112
235,25,1112
235,26,904
235,27,904
235,28,484
235,29,1282
235,30,1238
235,31,1282
235,33,1360
235,34,1360
235,36,1769
235,46,768
235,47,643
235,48,681
235,49,681
235,50,1300
235,51,1300
235,52,573
235,53,610
235,54,579
235,55,417
235,56,204
235,57,218
235,58,1255
235,59,1249
235,75,1689
235,76,1689
235,77,1211
235,78,1268
235,79,1211
235,80,1446
235,81,1499
235,82,1605
235,83,1478
235,92,1786
235,95,1775
235,96,1408
235,97,1272
235,98,1416
235,99,1333
235,100,1761
235,235,30
235,236,30
235,251,893
235,252,893
235,276,1391
235,277,1371
235,280,938
235,281,1036
235,282,999
235,283,1725
235,284,1672
235,300,1091
235,301,788
235,302,767
235,303,809
235,311,1283
235,312,1283
235,317,432
235,318,432
236,8,1508
236,9,1481
236,21,1215
236,22,1215
236,23,1022
236,24,1112
236,25,1112
236,26,904
236,27,904
236,28,484
236,29,1282
236,30,1238
236,31,1282
236,33,1360
236,34,1360
236,36,1769
236,46,768
236,47,643
236,48,681
236,49,681
236,50,1300
236,51,1300
236,52,573
236,53,610
236,54,579
236,55,417
236,56,204
236,57,218
236,58,1255
236,59,1249
236,75,1689
236,76,1689
236,77,1211
236,78,1268
236,79,1211
236,80,1446
236,81,1499
236,82,1605
236,83,1478
236,92,1786
236,95,1775
236,96,1408
236,97,1272
236,98,1416
236,99,1333
236,100,1761
236,235,30
236,236,30
236,251,893
236,252,893
236,276,1391
236,277,1371
236,280,938
236,281,1036
236,282,999
236,283,1725
236,284,1672
236,300,1091
236,301,788
236,302,767
236,303,809
236,311,1283
236,312,1283
236,317,432
236,318,432
237,163,1178
237,165,1367
237,237,30
237,238,1480
237,304,767
238,161,1551
238,162,1551
238,163,635
238,164,1719
238,165,1055
238,166,1408
238,167,1369
238,237,155
238,238,30
238,304,922
239,23,1793
239,24,1686
239,25,1686
239,26,1273
239,27,1273
239,28,1256
239,32,1153
239,33,1375
239,34,1375
239,35,1688
239,36,1741
239,47,1731
239,48,1399
239,49,1399
239,52,1601
239,53,1307
239,54,1029
239,55,1052
239,56,1266
239,57,1305
239,66,1361
239,67,1260
239,68,991
239,69,1017
239,70,673
239,71,805
239,72,229
239,73,285
239,74,858
239,75,587
239,76,587
239,77,253
239,78,309
239,79,253
239,80,488
239,81,788
239,82,646
239,83,768
239,84,824
239,85,786
239,86,911
239,87,906
239,88,1148
239,89,1106
239,90,987
239,91,1016
239,92,827
239,93,863
239,94,860
239,95,816
239,96,1491
239,97,1570
239,98,1499
239,99,1415
239,168,1508
239,169,1508
239,170,1525
239,171,1537
239,172,1532
239,174,1767
239,175,1552
239,176,1552
239,235,1466
239,236,1466
239,239,30
239,240,7
239,251,959
239,252,959
239,253,1622
239,254,1643
239,276,1591
239,280,1260
239,281,1051
239,282,1014
239,300,830
239,301,726
239,302,697
239,303,747
239,305,1294
239,306,1247
239,311,181
239,312,181
239,313,1101
239,314,1020
239,317,1519
239,318,1519
240,23,1787
240,24,1680
240,25,1680
240,26,1267
240,27,1267
240,28,1249
240,32,1146
240,33,1368
240,34,1368
240,35,1682
240,36,1734
240,47,1724
240,48,1392
240,49,1392
240,52,1594
240,53,1300
240,54,1023
240,55,1046
240,56,1260
240,57,1299
240,66,1354
240,67,1253
240,68,984
240,69,1010
240,70,666
240,71,798
240,72,223
240,73,279
240,74,851
240,75,580
240,76,580
240,77,246
240,78,303
240,79,246
240,80,481
240,81,781
240,82,640
240,83,761
240,84,817
240,85,779
240,86,904
240,87,900
240,88,1141
240,89,1100
240,90,980
240,91,1009
240,92,820
240,93,857
240,94,854
240,95,810
240,96,1484
240,97,1564
240,98,1492
240,99,1409
240,168,1502
240,169,1502
240,170,1518
240,171,1530
240,172,1526
240,174,1761
240,175,1545
240,176,1545
240,235,1460
240,236,1460
240,239,7
240,240,30
240,251,953
240,252,953
240,253,1615
240,254,1636
240,276,1584
240,280,1253
240,281,1044
240,282,1007
240,300,823
240,301,719
240,302,690
240,303,740
240,305,1287
240,306,1241
240,311,174
240,312,174
240,313,1094
240,314,1014
240,317,1513
240,318,1513
241,16,276
241,106,216
241,107,216
241,108,1326
241,109,960
241,110,1006
241,111,820
241,112,820
241,113,860
241,114,578
241,115,875
241,116,875
241,241,30
241,242,30
241,244,1239
242,16,276
242,106,216
242,107,216
242,108,1326
242,109,960
242,110,1006
242,111,820
242,112,820
242,113,860
242,114,578
242,115,875
242,116,875
242,241,30
242,242,30
242,244,1239
243,16,1620
243,106,1128
243,107,1128
243,108,1252
243,109,886
243,110,932
243,111,745
243,112,745
243,113,786
243,114,1359
243,115,572
243,116,572
243,117,1207
243,118,1207
243,120,1667
243,127,1600
243,128,1789
243,129,1197
243,130,1660
243,221,1697
243,222,1697
243,241,1344
243,242,1344
243,243,30
243,244,163
243,245,1698
243,246,1698
243,271,1343
243,272,1292
243,273,1418
243,274,1576
243,285,1558
243,286,1348
244,111,1666
244,112,1666
244,113,1707
244,115,1375
244,116,1375
244,117,1044
244,118,1044
244,120,1504
244,122,1786
244,127,1437
244,128,1626
244,129,1746
244,130,1497
244,221,1535
244,222,1535
244,243,1034
244,244,30
244,271,1314
244,272,1129
244,273,1255
244,274,1413
245,14,1431
245,15,1352
245,117,1636
245,118,1636
245,127,1523
245,128,1712
245,129,877
245,130,1654
245,131,1671
245,132,1638
245,137,803
245,138,650
245,139,1122
245,154,1638
245,155,1735
245,156,1000
245,157,951
245,158,1315
245,159,1315
245,160,1315
245,221,1692
245,222,1692
245,244,1742
245,245,30
245,246,30
245,257,1555
245,258,1555
245,271,1265
245,272,1286
245,273,1412
245,274,1570
245,285,496
245,286,1270
246,14,1431
246,15,1352
246,117,1636
246,118,1636
246,127,1523
246,128,1712
246,129,877
246,130,1654
246,131,1671
246,132,1638
246,137,803
246,138,650
246,139,1122
246,154,1638
246,155,1735
246,156,1000
246,157,951
246,158,1315
246,159,1315
246,160,1315
246,221,1692
246,222,1692
246,244,1742
246,245,30
246,246,30
246,257,1555
246,258,1555
246,271,1265
246,272,1286
246,273,1412
246,274,1570
246,285,496
246,286,1270
247,14,1151
247,15,1233
247,131,1309
247,132,1519
247,133,903
247,134,939
247,135,559
247,136,543
247,140,218
247,141,218
247,142,1504
247,143,1504
247,144,1612
247,145,1612
247,232,599
247,247,30
247,248,30
247,268,1701
247,269,1533
247,270,1524
247,309,1359
247,310,1359
248,14,1151
248,15,1233
248,131,1309
248,132,1519
248,133,903
248,134,939
248,135,559
248,136,543
248,140,218
248,141,218
248,142,1504
248,143,1504
248,144,1612
248,145,1612
248,232,599
248,247,30
248,248,30
248,268,1701
248,269,1533
248,270,1524
248,309,1359
248,310,1359
249,204,1415
249,205,1464
249,206,1760
249,207,1760
249,208,1002
249,209,970
249,210,256
249,211,256
249,212,732
249,213,656
249,249,30
249,250,99
249,295,813
250,204,1513
250,205,1562
250,208,903
250,209,871
250,210,355
250,211,355
250,212,830
250,213,754
250,249,99
250,250,30
250,295,715
251,6,1737
251,7,1730
251,21,1028
251,22,1028
251,23,835
251,24,925
251,25,925
251,26,718
251,27,718
251,28,297
251,29,1307
251,30,1263
251,31,1307
251,33,1173
251,34,1173
251,36,1582
251,46,1275
251,47,1150
251,48,1188
251,49,1188
251,52,1080
251,53,1117
251,54,1086
251,55,924
251,56,711
251,57,725
251,58,1762
251,59,1756
251,75,1793
251,76,1793
251,77,1316
251,78,1373
251,79,1316
251,80,1551
251,81,1603
251,82,1709
251,83,1583
251,97,1779
251,235,507
251,236,507
251,251,30
251,252,30
251,280,751
251,281,849
251,282,812
251,283,1538
251,284,1486
251,300,1195
251,301,892
251,302,872
251,303,822
251,311,1388
251,312,1388
251,317,939
251,318,939
252,6,1737
252,7,1730
252,21,1028
252,22,1028
252,23,835
252,24,925
252,25,925
252,26,718
252,27,718
252,28,297
252,29,1307
252,30,1263
252,31,1307
252,33,1173
252,34,1173
252,36,1582
252,46,1275
252,47,1150
252,48,1188
252,49,1188
252,52,1080
252,53,1117
252,54,1086
252,55,924
252,56,711
252,57,725
252,58,1762
252,59,1756
252,75,1793
252,76,1793
252,77,1316
252,78,1373
252,79,1316
252,80,1551
252,81,1603
252,82,1709
252,83,1583
252,97,1779
252,235,507
252,236,507
252,251,30
252,252,30
252,280,751
252,281,849
252,282,812
252,283,1538
252,284,1486
252,300,1195
252,301,892
252,302,872
252,303,822
252,311,1388
252,312,1388
252,317,939
252,318,939
253,75,1365
253,76,1365
253,77,1660
253,78,1717
253,79,1660
253,81,1542
253,82,1287
253,83,1477
253,84,1128
253,85,1166
253,86,1551
253,87,1045
253,88,804
253,89,845
253,90,1324
253,91,1295
253,92,964
253,93,986
253,94,1501
253,95,1457
253,96,1582
253,97,1661
253,98,1590
253,99,1516
253,161,1693
253,162,1693
253,166,1290
253,167,1250
253,168,375
253,169,375
253,170,448
253,171,436
253,172,441
253,173,739
253,174,691
253,185,1110
253,186,1173
253,187,1426
253,188,1435
253,193,1610
253,194,1421
253,195,1518
253,223,1701
253,224,1701
253,227,1217
253,228,1217
253,233,1046
253,234,1502
253,253,30
253,254,183
253,255,847
253,256,891
253,276,1682
253,278,1795
253,279,1795
253,293,571
253,294,955
253,306,1731
253,311,1732
253,312,1732
253,313,690
253,314,771
254,88,1587
254,89,1629
254,92,1548
254,93,1569
254,161,1510
254,162,1510
254,164,1679
254,166,1107
254,167,1068
254,168,1159
254,169,1159
254,170,1232
254,171,1220
254,172,1224
254,173,1523
254,174,1474
254,186,1678
254,194,1238
254,195,1335
254,196,1782
254,227,1541
254,228,1541
254,233,1126
254,234,1403
254,253,784
254,254,30
254,255,664
254,256,708
254,278,1612
254,279,1612
254,293,388
254,294,772
254,313,1274
254,314,1354
255,194,575
255,195,672
255,196,1119
255,197,1181
255,201,1442
255,253,1569
255,254,1590
255,255,30
255,256,44
255,278,949
255,279,949
255,293,1173
255,294,1125
256,167,1783
256,194,531
256,195,628
256,196,1075
256,197,1137
256,201,1398
256,253,1525
256,254,1546
256,255,973
256,256,30
256,278,905
256,279,905
256,293,1129
256,294,1081
257,129,1730
257,137,284
257,138,664
257,139,603
257,154,1651
257,155,1748
257,156,1014
257,157,964
257,158,1329
257,159,1329
257,160,1329
257,245,854
257,246,854
257,257,30
257,258,30
257,285,1349
258,129,1730
258,137,284
258,138,664
258,139,603
258,154,1651
258,155,1748
258,156,1014
258,157,964
258,158,1329
258,159,1329
258,160,1329
258,245,854
258,246,854
258,257,30
258,258,30
258,285,1349
259,17,1794
259,18,1794
259,177,1482
259,178,1482
259,179,1143
259,180,1159
259,181,898
259,182,898
259,183,1224
259,184,1121
259,187,1488
259,188,1501
259,189,709
259,190,709
259,191,1102
259,192,1102
259,193,1326
259,223,1798
259,224,1798
259,225,1203
259,226,1047
259,259,30
259,260,30
259,261,247
259,262,197
259,263,836
259,264,694
259,265,1432
259,266,1426
259,275,1348
259,320,1718
259,322,1718
260,17,1794
260,18,1794
260,177,1482
260,178,1482
260,179,1143
260,180,1159
260,181,898
260,182,898
260,183,1224
260,184,1121
260,187,1488
260,188,1501
260,189,709
260,190,709
260,191,1102
260,192,1102
260,193,1326
260,223,1798
260,224,1798
260,225,1203
260,226,1047
260,259,30
260,260,30
260,261,247
260,262,197
260,263,836
260,264,694
260,265,1432
260,266,1426
260,275,1348
260,320,1718
260,322,1718
261,17,1548
261,18,1548
261,177,1236
261,178,1236
261,179,896
261,180,913
261,181,652
261,182,652
261,183,977
261,184,875
261,186,1589
261,187,1241
261,188,1255
261,189,463
261,190,463
261,191,856
261,192,856
261,193,1080
261,223,1552
261,224,1552
261,225,956
261,226,801
261,259,369
261,260,369
261,261,30
261,262,566
261,263,590
261,264,448
261,265,1186
261,266,1180
261,275,1102
261,319,1597
261,320,1472
261,322,1472
262,17,1598
262,18,1598
262,177,1285
262,178,1285
262,179,946
262,180,962
262,181,701
262,182,701
262,183,1027
262,184,924
262,186,1639
262,187,1291
262,188,1304
262,189,512
262,190,512
262,191,905
262,192,905
262,193,1129
262,223,1601
262,224,1601
262,225,1006
262,226,850
262,259,418
262,260,418
262,261,50
262,262,30
262,263,639
262,264,497
262,265,1235
262,266,1229
262,275,1152
262,319,1646
262,320,1521
262,322,1521
263,17,1112
263,18,1112
263,177,1721
263,178,1721
263,179,1381
263,180,1398
263,181,1114
263,182,1114
263,183,541
263,184,438
263,187,1703
263,188,1740
263,189,925
263,190,925
263,191,1318
263,192,1318
263,193,1565
263,225,1418
263,226,1263
263,259,831
263,260,831
263,261,486
263,262,1028
263,263,30
263,264,43
263,265,750
263,266,744
263,275,1564
263,287,1671
263,319,1341
263,323,1659
263,324,1659
264,17,1101
264,18,1101
264,177,1709
264,178,1709
264,179,1370
264,180,1387
264,181,1103
264,182,1103
264,183,530
264,184,427
264,187,1692
264,188,1729
264,189,914
264,190,914
264,191,1306
264,192,1306
264,193,1554
264,225,1407
264,226,1251
264,259,820
264,260,820
264,261,474
264,262,1017
264,263,142
264,264,30
264,265,739
264,266,732
264,275,1553
264,287,1660
264,319,1330
264,323,1648
264,324,1648
265,17,363
265,18,363
265,183,428
265,184,325
265,189,1634
265,190,1634
265,259,1540
265,260,1540
265,261,1194
265,262,1736
265,263,893
265,264,751
265,265,30
265,266,26
265,287,922
266,17,369
266,18,369
266,183,434
266,184,331
266,189,1640
266,190,1640
266,259,1546
266,260,1546
266,261,1200
266,262,1743
266,263,899
266,264,758
266,265,7
266,266,30
266,287,928
267,14,974
267,15,1056
267,117,1551
267,118,1551
267,120,1529
267,121,1379
267,122,1259
267,123,1179
267,124,1291
267,125,612
267,127,725
267,128,665
267,130,1299
267,131,706
267,132,1342
267,133,551
267,134,577
267,135,950
267,136,914
267,140,1535
267,141,1535
267,153,1684
267,155,1727
267,221,1248
267,222,1248
267,247,1318
267,248,1318
267,267,30
267,268,499
267,269,639
267,270,161
267,271,1116
267,272,1138
267,273,1057
267,274,957
267,286,1675
268,10,1725
268,11,1773
268,14,1050
268,15,1131
268,44,1761
268,45,1761
268,117,1626
268,118,1626
268,120,1444
268,121,1294
268,122,1173
268,123,1094
268,124,1205
268,125,526
268,126,1759
268,127,801
268,128,740
268,130,1374
268,131,781
268,132,1418
268,133,626
268,134,652
268,135,1025
268,136,989
268,140,1610
268,141,1610
268,153,1759
268,221,1162
268,222,1162
268,247,1393
268,248,1393
268,267,842
268,268,30
268,269,714
268,270,237
268,271,1192
268,272,1213
268,273,1132
268,274,1033
268,286,1750
269,14,1127
269,15,1208
269,117,1382
269,118,1382
269,120,1521
269,121,1371
269,122,1251
269,123,1171
269,124,1282
269,125,603
269,127,557
269,128,496
269,129,1637
269,130,1131
269,131,858
269,132,1495
269,133,703
269,134,729
269,135,1102
269,136,1066
269,140,1687
269,141,1687
269,221,1239
269,222,1239
269,247,1470
269,248,1470
269,267,919
269,268,491
269,269,30
269,270,314
269,271,948
269,272,969
269,273,889
269,274,789
269,286,1506
270,14,1267
270,15,1349
270,125,1318
270,127,1431
270,128,1371
270,131,1109
270,132,1635
270,133,390
270,134,416
270,135,789
270,136,753
270,140,1374
270,141,1374
270,232,1756
270,247,1157
270,248,1157
270,267,1634
270,268,1205
270,269,1043
270,270,30
270,273,1763
270,274,1663
271,109,1793
271,111,1653
271,112,1653
271,113,1693
271,115,1480
271,116,1480
271,117,435
271,118,435
271,120,1656
271,121,1510
271,122,1386
271,123,1510
271,124,1421
271,125,1396
271,127,992
271,128,1181
271,129,1137
271,130,1052
271,221,1090
271,222,1090
271,243,908
271,244,1071
271,245,1731
271,246,1731
271,267,1712
271,268,1388
271,270,1624
271,271,30
271,272,685
271,273,810
271,274,968
271,285,1591
271,286,1210
272,10,1257
272,11,1305
272,12,1782
272,13,1624
272,44,1289
272,45,1289
272,117,1436
272,118,1436
272,119,1718
272,120,972
272,121,826
272,122,702
272,123,826
272,124,737
272,125,1333
272,126,1292
272,127,1124
272,128,1313
272,129,1691
272,130,1184
272,221,406
272,222,406
272,267,1649
272,268,1519
272,270,1756
272,271,1001
272,272,30
272,273,942
272,274,1100
272,286,1560
272,291,1528
272,292,1528
273,14,1596
273,15,1659
273,115,1710
273,116,1710
273,117,1051
273,118,1051
273,120,1638
273,121,1492
273,122,1368
273,123,1492
273,124,1403
273,125,1275
273,127,872
273,128,1060
273,129,749
273,130,243
273,131,1298
273,133,1757
273,134,1792
273,138,1789
273,221,1072
273,222,1072
273,243,1486
273,244,1301
273,245,1139
273,246,1139
273,267,1591
273,268,1267
273,269,1498
273,270,1503
273,271,645
273,272,667
273,273,30
273,274,950
273,285,998
273,286,618
274,10,1438
274,11,1485
274,14,1695
274,15,1759
274,44,1469
274,45,1469
274,115,1639
274,116,1639
274,117,594
274,118,594
274,120,1152
274,121,1006
274,122,882
274,123,1006
274,124,917
274,125,892
274,126,1472
274,127,489
274,128,677
274,129,849
274,130,342
274,131,1397
274,133,1509
274,134,1535
274,221,586
274,222,586
274,243,1067
274,244,1230
274,245,1239
274,246,1239
274,267,1208
274,268,884
274,269,1359
274,270,1120
274,271,159
274,272,181
274,273,100
274,274,30
274,285,1098
274,286,718
274,291,1708
274,292,1708
275,173,1776
275,179,1644
275,180,1660
275,181,1106
275,182,1106
275,186,1436
275,187,1088
275,188,1425
275,189,640
275,190,640
275,191,722
275,192,722
275,193,1600
275,223,1690
275,224,1690
275,225,803
275,226,648
275,259,842
275,260,842
275,261,1088
275,262,1039
275,263,1677
275,264,1535
275,275,30
275,319,1465
275,320,1319
275,322,1319
275,323,1783
275,324,1783
276,8,825
276,9,797
276,46,1627
276,47,1580
276,48,801
276,49,801
276,50,734
276,51,734
276,52,1088
276,53,1437
276,54,1619
276,55,1457
276,56,1358
276,57,1358
276,58,1153
276,59,1147
276,75,1719
276,76,1719
276,77,1357
276,78,1414
276,79,1357
276,80,1592
276,81,1246
276,82,1355
276,83,1180
276,84,1697
276,85,1688
276,86,1622
276,87,1779
276,88,1771
276,89,1800
276,92,1503
276,93,1524
276,94,1569
276,95,1525
276,96,629
276,97,493
276,98,422
276,99,554
276,100,421
276,101,510
276,102,769
276,103,884
276,104,964
276,105,1203
276,168,1495
276,169,1495
276,227,1365
276,228,1365
276,233,1242
276,234,1651
276,253,1609
276,254,1630
276,276,30
276,277,239
276,311,1429
276,312,1429
276,313,1229
276,314,1310
276,315,1521
276,316,1571
276,317,1572
276,318,1572
277,8,845
277,9,818
277,46,1598
277,47,1550
277,48,772
277,49,772
277,50,705
277,51,705
277,52,1059
277,53,1237
277,54,1419
277,55,1258
277,56,1329
277,57,1328
277,58,1173
277,59,1168
277,75,1481
277,76,1481
277,77,1118
277,78,1175
277,79,1118
277,80,1353
277,81,1007
277,82,1116
277,83,942
277,84,1458
277,85,1449
277,86,1384
277,87,1541
277,88,1649
277,89,1678
277,90,1627
277,91,1656
277,92,1297
277,93,1333
277,94,1330
277,95,1286
277,96,390
277,97,254
277,98,183
277,99,315
277,100,442
277,101,531
277,102,790
277,103,905
277,104,984
277,105,1223
277,166,1637
277,167,1598
277,168,1373
277,169,1373
277,227,1126
277,228,1126
277,233,1003
277,234,1412
277,253,1487
277,254,1508
277,276,21
277,277,30
277,300,1695
277,301,1591
277,302,1562
277,303,1612
277,311,1190
277,312,1190
277,313,1107
277,314,1187
277,315,1542
277,316,1591
277,317,1542
277,318,1542
278,194,375
278,195,343
278,196,936
278,197,998
278,200,1719
278,201,1259
278,202,1750
278,203,1780
278,253,1653
278,254,1674
278,255,1558
278,256,1602
278,278,30
278,279,30
278,293,1257
278,294,1209
279,194,375
279,195,343
279,196,936
279,197,998
279,200,1719
279,201,1259
279,202,1750
279,203,1780
279,253,1653
279,254,1674
279,255,1558
279,256,1602
279,278,30
279,279,30
279,293,1257
279,294,1209
280,6,1559
280,7,1551
280,21,1253
280,22,1253
280,23,1060
280,24,952
280,25,952
280,26,539
280,27,539
280,28,727
280,29,1505
280,30,1462
280,31,1505
280,33,698
280,34,698
280,35,1664
280,36,1405
280,37,1689
280,38,1689
280,46,1705
280,47,1580
280,48,1376
280,49,1376
280,52,1509
280,53,1238
280,54,920
280,55,943
280,56,1140
280,57,1155
280,75,1517
280,76,1517
280,77,1040
280,78,1096
280,79,1040
280,80,1275
280,81,1327
280,82,1433
280,83,1307
280,84,1755
280,85,1716
280,86,1701
280,92,1614
280,93,1650
280,94,1648
280,95,1604
280,235,937
280,236,937
280,251,430
280,252,430
280,280,30
280,281,374
280,282,336
280,283,1565
280,284,1513
280,300,919
280,301,616
280,302,596
280,303,546
280,311,1112
280,312,1112
280,317,1369
280,318,1369
281,6,1200
281,7,1193
281,19,1628
281,21,1012
281,22,1012
281,23,819
281,24,712
281,25,712
281,26,299
281,27,299
281,28,1037
281,29,1265
281,30,1221
281,31,1265
281,33,325
281,34,325
281,35,1306
281,36,1046
281,37,1331
281,38,1331
281,39,1555
281,40,1556
281,48,1716
281,49,1716
281,53,1579
281,54,1260
281,55,1284
281,56,1450
281,57,1464
281,77,1381
281,78,1437
281,79,1381
281,80,1615
281,81,1668
281,82,1774
281,83,1647
281,235,1247
281,236,1247
281,251,771
281,252,771
281,280,642
281,281,30
281,282,540
281,283,1324
281,284,1272
281,300,1260
281,301,957
281,302,936
281,303,887
281,311,1452
281,312,1452
281,317,1678
281,318,1678
282,6,1238
282,7,1230
282,19,1590
282,21,973
282,22,973
282,23,780
282,24,673
282,25,673
282,26,260
282,27,260
282,28,950
282,29,1226
282,30,1183
282,31,1226
282,33,362
282,34,362
282,35,1343
282,36,1083
282,37,1368
282,38,1368
282,39,1592
282,40,1593
282,48,1599
282,49,1599
282,52,1733
282,53,1462
282,54,1143
282,55,1167
282,56,1364
282,57,1378
282,75,1336
282,76,1336
282,77,859
282,78,916
282,79,859
282,80,1094
282,81,1146
282,82,1252
282,83,1126
282,84,1574
282,85,1535
282,86,1520
282,87,1656
282,90,1736
282,91,1766
282,92,1433
282,93,1469
282,94,1467
282,95,1423
282,99,1781
282,235,1161
282,236,1161
282,251,654
282,252,654
282,280,525
282,281,38
282,282,30
282,283,1286
282,284,1233
282,300,1110
282,301,840
282,302,819
282,303,770
282,311,931
282,312,931
282,313,1707
282,314,1626
282,317,1592
282,318,1592
283,6,1718
283,7,1710
283,19,341
283,20,605
283,21,1019
283,22,1019
283,23,826
283,24,718
283,25,718
283,26,1018
283,27,1018
283,28,1394
283,29,1271
283,30,1228
283,31,1271
283,33,1638
283,34,1638
283,35,1588
283,36,1328
283,37,1613
283,38,1613
283,235,1605
283,236,1605
283,251,1508
283,252,1508
283,280,1379
283,281,1314
283,282,1277
283,283,30
283,284,53
283,301,1694
283,302,1673
283,303,1624
283,327,964
283,328,918
283,329,1391
283,332,1695
283,333,1695
283,334,1780
283,335,1780
283,336,1395
283,337,1546
284,6,1665
284,7,1658
284,19,357
284,20,621
284,21,966
284,22,966
284,23,773
284,24,666
284,25,666
284,26,965
284,27,965
284,28,1342
284,29,1219
284,30,1176
284,31,1219
284,33,1586
284,34,1586
284,35,1535
284,36,1276
284,37,1560
284,38,1560
284,39,1784
284,40,1786
284,56,1755
284,57,1770
284,235,1552
284,236,1552
284,251,1455
284,252,1455
284,280,1327
284,281,1262
284,282,1225
284,283,53
284,284,30
284,301,1642
284,302,1621
284,303,1571
284,327,980
284,328,934
284,329,1407
284,332,1711
284,333,1711
284,334,1796
284,335,1796
284,336,1411
284,337,1562
285,14,1163
285,15,1084
285,115,1655
285,116,1655
285,117,1140
285,118,1140
285,120,1763
285,121,1617
285,122,1493
285,123,1617
285,124,1528
285,125,1432
285,127,1028
285,128,1217
285,129,382
285,130,1159
285,131,1202
285,132,1370
285,136,1791
285,137,1334
285,138,1181
285,139,1653
285,156,1531
285,157,1482
285,221,1196
285,222,1196
285,243,1575
285,244,1246
285,245,531
285,246,531
285,267,1748
285,268,1423
285,269,1628
285,270,1659
285,271,770
285,272,791
285,273,917
285,274,1075
285,285,30
285,286,775
286,14,1153
286,15,1074
286,115,1675
286,116,1675
286,117,1161
286,118,1161
286,120,1783
286,121,1637
286,122,1513
286,123,1637
286,124,1548
286,125,1452
286,127,1048
286,128,1237
286,129,402
286,130,1179
286,131,1192
286,132,1360
286,135,1797
286,136,1781
286,137,1324
286,138,1171
286,139,1643
286,156,1521
286,157,1472
286,221,1216
286,222,1216
286,243,1595
286,244,1266
286,245,521
286,246,521
286,267,1768
286,268,1443
286,269,1618
286,270,1679
286,271,790
286,272,811
286,273,937
286,274,1095
286,285,381
286,286,30
287,17,681
287,18,681
287,183,1453
287,184,1350
287,264,1776
287,265,1057
287,266,1051
287,287,30
288,12,811
288,13,1388
288,59,1234
288,60,764
288,61,811
288,105,1676
288,119,1473
288,124,1767
288,288,30
288,289,379
288,290,38
288,315,1170
288,316,1084
288,344,853
288,345,353
288,349,1466
288,350,1449
289,48,1590
289,49,1590
289,52,1481
289,56,1751
289,57,1751
289,59,856
289,60,386
289,61,433
289,100,1791
289,103,1498
289,105,1341
289,288,1225
289,289,30
289,290,1262
289,345,1578
290,12,774
290,13,1351
290,59,1197
290,60,727
290,61,774
290,103,1796
290,105,1639
290,119,1436
290,124,1730
290,288,402
290,289,342
290,290,30
290,315,1133
290,316,1047
290,344,816
290,345,316
290,349,1429
290,350,1412
291,10,563
291,11,610
291,12,1048
291,13,890
291,44,1745
291,45,1745
291,103,1634
291,105,1477
291,119,935
291,120,1428
291,121,1081
291,122,1158
291,123,1087
291,124,1190
291,125,1613
291,126,1546
291,221,1311
291,222,1311
291,288,1558
291,289,1555
291,290,1595
291,291,30
291,292,30
291,315,971
291,316,885
291,344,1270
291,345,1329
291,349,1267
291,350,1250
292,10,563
292,11,610
292,12,1048
292,13,890
292,44,1745
292,45,1745
292,103,1634
292,105,1477
292,119,935
292,120,1428
292,121,1081
292,122,1158
292,123,1087
292,124,1190
292,125,1613
292,126,1546
292,221,1311
292,222,1311
292,288,1558
292,289,1555
292,290,1595
292,291,30
292,292,30
292,315,971
292,316,885
292,344,1270
292,345,1329
292,349,1267
292,350,1250
293,81,1784
293,82,1529
293,83,1718
293,84,1570
293,85,1608
293,86,1793
293,87,1488
293,88,1246
293,89,1288
293,90,1767
293,91,1737
293,92,1206
293,93,1227
293,94,1743
293,95,1699
293,99,1757
293,161,1169
293,162,1169
293,163,1493
293,164,1337
293,166,765
293,167,726
293,168,817
293,169,817
293,170,890
293,171,878
293,172,883
293,173,1181
293,174,1133
293,185,1552
293,186,1337
293,187,1591
293,188,1600
293,193,1775
293,194,896
293,195,994
293,196,1441
293,197,1503
293,201,1764
293,227,1200
293,228,1200
293,233,784
293,234,1061
293,238,1794
293,253,443
293,254,464
293,255,322
293,256,366
293,278,1271
293,279,1271
293,293,30
293,294,431
293,313,932
293,314,1013
294,81,1785
294,82,1530
294,83,1720
294,84,1571
294,85,1609
294,86,1795
294,87,1489
294,88,1247
294,89,1289
294,90,1768
294,91,1739
294,92,1208
294,93,1229
294,94,1744
294,95,1700
294,99,1759
294,161,1145
294,162,1145
294,163,1468
294,164,1313
294,166,741
294,167,702
294,168,819
294,169,819
294,170,892
294,171,880
294,172,884
294,173,1183
294,174,1134
294,185,1554
294,186,1385
294,187,1638
294,188,1648
294,194,924
294,195,1021
294,196,1468
294,197,1530
294,201,1791
294,227,1201
294,228,1201
294,233,786
294,234,1063
294,238,1770
294,253,444
294,254,465
294,255,350
294,256,393
294,278,1298
294,279,1298
294,293,48
294,294,30
294,313,934
294,314,1014
295,208,189
295,209,157
295,210,873
295,211,873
295,212,1348
295,213,1272
295,249,617
295,250,519
295,295,30
296,202,1718
296,203,1684
296,214,867
296,215,867
296,218,336
296,219,336
296,296,30
296,297,1122
296,298,1122
296,299,30
296,325,1701
296,326,1701
297,203,1791
297,214,973
297,215,973
297,218,442
297,219,442
297,296,107
297,297,30
297,298,30
297,299,107
297,319,1387
297,321,1281
297,323,1705
297,324,1705
297,325,1118
297,326,1118
298,203,1791
298,214,973
298,215,973
298,218,442
298,219,442
298,296,107
298,297,30
298,298,30
298,299,107
298,319,1387
298,321,1281
298,323,1705
298,324,1705
298,325,1118
298,326,1118
299,202,1718
299,203,1684
299,214,867
299,215,867
299,218,336
299,219,336
299,296,30
299,297,1122
299,298,1122
299,299,30
299,325,1701
299,326,1701
300,21,1724
300,22,1724
300,23,1531
300,24,1443
300,25,1443
300,26,1030
300,27,1030
300,28,993
300,33,1132
300,34,1132
300,46,1593
300,47,1468
300,48,1141
300,49,1141
300,50,1760
300,51,1760
300,52,1343
300,53,1049
300,54,767
300,55,790
300,56,1004
300,57,1043
300,58,1715
300,59,1709
300,70,1764
300,72,1788
300,73,1653
300,75,1067
300,76,1067
300,77,590
300,78,646
300,79,590
300,80,825
300,81,877
300,82,983
300,83,857
300,84,1305
300,85,1266
300,86,1251
300,87,1387
300,88,1629
300,89,1587
300,90,1467
300,91,1497
300,92,1164
300,93,1200
300,94,1198
300,95,1154
300,96,1319
300,97,1398
300,98,1326
300,99,1243
300,235,1204
300,236,1204
300,251,697
300,252,697
300,276,1419
300,277,1657
300,280,1017
300,281,808
300,282,771
300,300,30
300,301,464
300,302,434
300,303,484
300,311,662
300,312,662
300,313,1438
300,314,1357
300,317,1257
300,318,1257
301,6,1545
301,7,1538
301,8,1753
301,9,1726
301,21,1281
301,22,1281
301,23,1088
301,24,980
301,25,980
301,26,567
301,27,567
301,28,697
301,29,1533
301,30,1490
301,31,1533
301,33,669
301,34,669
301,35,1650
301,36,1391
301,37,1675
301,38,1675
301,46,1296
301,47,1171
301,48,926
301,49,926
301,50,1545
301,51,1545
301,52,1083
301,53,789
301,54,470
301,55,493
301,56,707
301,57,746
301,58,1500
301,59,1494
301,70,1756
301,72,1780
301,73,1645
301,75,1059
301,76,1059
301,77,582
301,78,638
301,79,582
301,80,817
301,81,869
301,82,975
301,83,849
301,84,1296
301,85,1258
301,86,1243
301,87,1379
301,88,1620
301,89,1579
301,90,1459
301,91,1489
301,92,1156
301,93,1192
301,94,1190
301,95,1146
301,96,1500
301,97,1518
301,98,1508
301,99,1425
301,235,907
301,236,907
301,251,400
301,252,400
301,276,1601
301,277,1616
301,280,554
301,281,345
301,282,308
301,283,1593
301,284,1541
301,300,461
301,301,30
301,302,138
301,303,188
301,311,654
301,312,654
301,313,1430
301,314,1349
301,317,960
301,318,960
302,6,1574
302,7,1567
302,8,1616
302,9,1589
302,21,1290
302,22,1290
302,23,1097
302,24,1010
302,25,1010
302,26,596
302,27,596
302,28,560
302,29,1563
302,30,1519
302,31,1563
302,33,698
302,34,698
302,35,1679
302,36,1420
302,37,1704
302,38,1704
302,46,1159
302,47,1034
302,48,789
302,49,789
302,50,1408
302,51,1408
302,52,946
302,53,652
302,54,333
302,55,356
302,56,570
302,57,609
302,58,1363
302,59,1357
302,70,1618
302,71,1750
302,72,1643
302,73,1508
302,75,922
302,76,922
302,77,445
302,78,501
302,79,445
302,80,680
302,81,732
302,82,838
302,83,711
302,84,1159
302,85,1121
302,86,1106
302,87,1242
302,88,1483
302,89,1442
302,90,1322
302,91,1351
302,92,1019
302,93,1055
302,94,1052
302,95,1008
302,96,1363
302,97,1380
302,98,1371
302,99,1288
302,168,1700
302,169,1700
302,235,770
302,236,770
302,239,1746
302,240,1740
302,251,263
302,252,263
302,276,1463
302,277,1479
302,280,583
302,281,374
302,282,337
302,283,1622
302,284,1570
302,300,324
302,301,30
302,302,30
302,303,50
302,306,1728
302,311,516
302,312,516
302,313,1293
302,314,1212
302,317,823
302,318,823
303,6,1616
303,7,1608
303,8,1658
303,9,1630
303,21,1240
303,22,1240
303,23,1047
303,24,1051
303,25,1051
303,26,638
303,27,638
303,28,510
303,29,1519
303,30,1476
303,31,1519
303,33,740
303,34,740
303,35,1721
303,36,1461
303,37,1746
303,38,1746
303,46,1200
303,47,1076
303,48,830
303,49,830
303,50,1449
303,51,1449
303,52,987
303,53,693
303,54,374
303,55,398
303,56,611
303,57,651
303,58,1404
303,59,1398
303,70,1668
303,71,1800
303,72,1693
303,73,1558
303,75,972
303,76,972
303,77,495
303,78,551
303,79,495
303,80,729
303,81,782
303,82,888
303,83,761
303,84,1209
303,85,1171
303,86,1156
303,87,1291
303,88,1533
303,89,1492
303,90,1372
303,91,1401
303,92,1069
303,93,1105
303,94,1102
303,95,1058
303,96,1413
303,97,1422
303,98,1421
303,99,1338
303,168,1750
303,169,1750
303,235,720
303,236,720
303,239,1796
303,240,1790
303,251,213
303,252,213
303,276,1513
303,277,1520
303,280,624
303,281,416
303,282,378
303,283,1664
303,284,1611
303,300,374
303,301,71
303,302,50
303,303,30
303,306,1778
303,311,566
303,312,566
303,313,1343
303,314,1262
303,317,864
303,318,864
304,163,1043
304,165,1510
304,167,1776
304,237,610
304,238,1344
304,304,30
305,32,1730
305,66,1556
305,67,1455
305,68,1186
305,69,1212
305,70,868
305,71,1000
305,72,1434
305,73,1299
305,74,1435
305,75,1060
305,76,1060
305,77,1537
305,78,1594
305,79,1537
305,80,1772
305,81,1568
305,82,1313
305,83,1502
305,84,823
305,85,861
305,86,1422
305,87,905
305,88,1147
305,89,1105
305,90,646
305,91,617
305,92,1493
305,93,1530
305,94,1527
305,95,1483
305,170,1513
305,171,1524
305,172,1520
305,173,1371
305,174,1322
305,175,530
305,176,530
305,177,1008
305,178,1008
305,179,1123
305,180,1125
305,185,1740
305,186,1344
305,187,1598
305,188,1607
305,193,1582
305,239,1537
305,240,1530
305,305,30
305,306,215
305,311,1466
305,312,1466
305,313,1767
305,314,1687
306,32,1516
306,66,1342
306,67,1241
306,68,972
306,69,998
306,70,654
306,71,786
306,72,1219
306,73,1084
306,74,1221
306,75,845
306,76,845
306,77,1323
306,78,1380
306,79,1323
306,80,1558
306,81,1353
306,82,1098
306,83,1288
306,84,608
306,85,646
306,86,1207
306,87,690
306,88,932
306,89,891
306,90,431
306,91,402
306,92,1279
306,93,1315
306,94,1313
306,95,1268
306,170,1298
306,171,1310
306,172,1305
306,173,1156
306,174,1108
306,175,498
306,176,498
306,177,977
306,178,977
306,179,1091
306,180,1093
306,185,1525
306,186,1130
306,187,1384
306,188,1393
306,193,1367
306,223,1658
306,224,1658
306,225,1772
306,239,1322
306,240,1316
306,254,1784
306,301,1796
306,302,1767
306,305,885
306,306,30
306,311,1251
306,312,1251
306,313,1553
306,314,1472
307,37,1708
307,38,1708
307,39,1484
307,40,1485
307,41,720
307,42,588
307,43,588
307,62,452
307,63,371
307,64,441
307,229,969
307,230,943
307,307,30
307,308,63
307,347,1222
307,348,1183
308,37,1771
308,38,1771
308,39,1546
308,40,1548
308,41,783
308,42,651
308,43,651
308,62,515
308,63,434
308,64,410
308,229,1031
308,230,1006
308,307,63
308,308,30
308,347,1285
308,348,1246
309,146,631
309,147,1563
309,148,1383
309,149,822
309,150,1246
309,151,1246
309,309,30
309,310,30
310,146,631
310,147,1563
310,148,1383
310,149,822
310,150,1246
310,151,1246
310,309,30
310,310,30
311,23,1613
311,24,1506
311,25,1506
311,26,1093
311,27,1093
311,28,1075
311,32,1775
311,33,1195
311,34,1195
311,46,1675
311,47,1550
311,48,1218
311,49,1218
311,52,1421
311,53,1127
311,54,849
311,55,872
311,56,1086
311,57,1125
311,58,1792
311,59,1786
311,66,1790
311,67,1690
311,68,1420
311,69,1447
311,70,1103
311,71,1234
311,72,1127
311,73,992
311,74,1480
311,75,406
311,76,406
311,77,72
311,78,129
311,79,72
311,80,307
311,81,607
311,82,466
311,83,587
311,84,643
311,85,605
311,86,730
311,87,726
311,88,967
311,89,926
311,90,806
311,91,836
311,92,646
311,93,683
311,94,680
311,95,636
311,96,1310
311,97,1390
311,98,1318
311,99,1235
311,168,1328
311,169,1328
311,170,1344
311,171,1356
311,172,1352
311,173,1635
311,174,1587
311,175,1527
311,176,1527
311,235,1286
311,236,1286
311,239,1230
311,240,1224
311,251,779
311,252,779
311,253,1441
311,254,1462
311,276,1411
311,277,1649
311,280,1079
311,281,871
311,282,833
311,300,649
311,301,546
311,302,516
311,303,566
311,305,1723
311,306,1213
311,311,30
311,312,30
311,313,920
311,314,840
311,317,1339
311,318,1339
312,23,1613
312,24,1506
312,25,1506
312,26,1093
312,27,1093
312,28,1075
312,32,1775
312,33,1195
312,34,1195
312,46,1675
312,47,1550
312,48,1218
312,49,1218
312,52,1421
312,53,1127
312,54,849
312,55,872
312,56,1086
312,57,1125
312,58,1792
312,59,1786
312,66,1790
312,67,1690
312,68,1420
312,69,1447
312,70,1103
312,71,1234
312,72,1127
312,73,992
312,74,1480
312,75,406
312,76,406
312,77,72
312,78,129
312,79,72
312,80,307
312,81,607
312,82,466
312,83,587
312,84,643
312,85,605
312,86,730
312,87,726
312,88,967
312,89,926
312,90,806
312,91,836
312,92,646
312,93,683
312,94,680
312,95,636
312,96,1310
312,97,1390
312,98,1318
312,99,1235
312,168,1328
312,169,1328
312,170,1344
312,171,1356
312,172,1352
312,173,1635
312,174,1587
312,175,1527
312,176,1527
312,235,1286
312,236,1286
312,239,1230
312,240,1224
312,251,779
312,252,779
312,253,1441
312,254,1462
312,276,1411
312,277,1649
312,280,1079
312,281,871
312,282,833
312,300,649
312,301,546
312,302,516
312,303,566
312,305,1723
312,306,1213
312,311,30
312,312,30
312,313,920
312,314,840
312,317,1339
312,318,1339
313,48,1629
313,49,1629
313,50,1562
313,51,1562
313,54,1747
313,55,1770
313,70,1655
313,71,1787
313,72,1680
313,73,1544
313,75,958
313,76,958
313,77,970
313,78,1027
313,79,970
313,80,1205
313,81,852
313,82,597
313,83,787
313,84,936
313,85,927
313,86,861
313,87,881
313,88,684
313,89,712
313,90,1105
313,91,1134
313,92,274
313,93,296
313,94,811
313,95,767
313,96,1033
313,97,1112
313,98,1040
313,99,967
313,100,1543
313,101,1535
313,102,1795
313,166,1649
313,167,1609
313,168,408
313,169,408
313,170,842
313,171,854
313,172,849
313,173,1133
313,174,1084
313,185,1504
313,186,1566
313,194,1780
313,227,1161
313,228,1161
313,233,991
313,234,1447
313,239,1783
313,240,1776
313,251,1677
313,252,1677
313,253,521
313,254,542
313,255,1206
313,256,1250
313,276,1133
313,277,1361
313,281,1769
313,282,1732
313,293,930
313,294,1314
313,300,1548
313,301,1444
313,302,1415
313,303,1464
313,306,1511
313,311,1042
313,312,1042
313,313,30
313,314,81
314,48,1710
314,49,1710
314,50,1643
314,51,1643
314,54,1666
314,55,1689
314,70,1574
314,71,1706
314,72,1599
314,73,1464
314,75,878
314,76,878
314,77,890
314,78,946
314,79,890
314,80,1125
314,81,771
314,82,516
314,83,706
314,84,855
314,85,846
314,86,781
314,87,800
314,88,764
314,89,722
314,90,1024
314,91,1053
314,92,194
314,93,215
314,94,730
314,95,686
314,96,1113
314,97,1193
314,98,1121
314,99,1047
314,100,1623
314,101,1616
314,166,1729
314,167,1690
314,168,489
314,169,489
314,170,923
314,171,934
314,172,930
314,173,1214
314,174,1165
314,175,1745
314,176,1745
314,185,1585
314,186,1647
314,227,1242
314,228,1242
314,233,1072
314,234,1528
314,239,1702
314,240,1695
314,251,1596
314,252,1596
314,253,602
314,254,623
314,255,1286
314,256,1330
314,276,1213
314,277,1441
314,281,1688
314,282,1651
314,293,1011
314,294,1395
314,300,1467
314,301,1363
314,302,1334
314,303,1384
314,306,1431
314,311,961
314,312,961
314,313,81
314,314,30
315,8,1354
315,9,1327
315,10,1272
315,11,1319
315,12,1586
315,13,1748
315,58,1683
315,59,1629
315,60,1159
315,61,1206
315,98,1799
315,100,1230
315,101,1319
315,102,1311
315,103,853
315,104,1506
315,105,695
315,119,1794
315,121,1790
315,123,1796
315,276,1636
315,277,1616
315,288,776
315,289,773
315,290,813
315,291,1797
315,292,1797
315,315,30
315,316,50
315,344,1628
315,345,1129
315,349,432
315,350,415
316,10,1222
316,11,1270
316,13,1699
316,119,1744
316,121,1740
316,123,1747
316,291,1747
316,292,1747
316,315,1780
316,316,30
316,349,383
316,350,366
317,8,1558
317,9,1531
317,21,1514
317,22,1514
317,23,1359
317,24,1449
317,25,1449
317,26,1241
317,27,1241
317,28,821
317,29,1566
317,30,1523
317,31,1566
317,33,1506
317,34,1506
317,46,337
317,47,212
317,48,731
317,49,731
317,50,1350
317,51,1350
317,52,623
317,53,660
317,54,629
317,55,467
317,56,254
317,57,214
317,58,1305
317,59,1299
317,75,1739
317,76,1739
317,77,1261
317,78,1318
317,79,1261
317,80,1496
317,81,1548
317,82,1655
317,83,1528
317,96,1458
317,97,1322
317,98,1466
317,99,1383
317,235,1064
317,236,1064
317,251,1071
317,252,1071
317,276,1441
317,277,1421
317,280,1275
317,281,1182
317,282,1145
317,300,1141
317,301,838
317,302,817
317,303,859
317,311,1333
317,312,1333
317,317,30
317,318,30
318,8,1558
318,9,1531
318,21,1514
318,22,1514
318,23,1359
318,24,1449
318,25,1449
318,26,1241
318,27,1241
318,28,821
318,29,1566
318,30,1523
318,31,1566
318,33,1506
318,34,1506
318,46,337
318,47,212
318,48,731
318,49,731
318,50,1350
318,51,1350
318,52,623
318,53,660
318,54,629
318,55,467
318,56,254
318,57,214
318,58,1305
318,59,1299
318,75,1739
318,76,1739
318,77,1261
318,78,1318
318,79,1261
318,80,1496
318,81,1548
318,82,1655
318,83,1528
318,96,1458
318,97,1322
318,98,1466
318,99,1383
318,235,1064
318,236,1064
318,251,1071
318,252,1071
318,276,1441
318,277,1421
318,280,1275
318,281,1182
318,282,1145
318,300,1141
318,301,838
318,302,817
318,303,859
318,311,1333
318,312,1333
318,317,30
318,318,30
319,2,1187
319,3,1098
319,4,495
319,5,495
319,186,1778
319,187,1430
319,188,1766
319,189,1506
319,190,1506
319,191,1347
319,192,1347
319,220,613
319,225,1145
319,226,1221
319,259,1707
319,260,1707
319,264,1679
319,296,1578
319,297,1472
319,298,1472
319,299,1578
319,319,30
319,320,1698
319,322,1698
319,323,741
319,324,741
319,325,1500
319,326,1500
320,2,1334
320,3,1244
320,4,642
320,5,642
320,181,1695
320,182,1695
320,184,1758
320,186,1501
320,187,1153
320,188,1490
320,189,1229
320,190,1229
320,191,1070
320,192,1070
320,193,1665
320,218,1637
320,219,1637
320,220,759
320,223,1755
320,224,1755
320,225,868
320,226,944
320,259,1431
320,260,1431
320,261,1590
320,262,1628
320,263,1473
320,264,1331
320,275,1545
320,296,1302
320,297,1195
320,298,1195
320,299,1302
320,319,147
320,320,30
320,322,30
320,323,464
320,324,464
320,325,1223
320,326,1223
321,184,1712
321,261,1544
321,263,1427
321,264,1285
321,319,1556
321,321,30
322,2,1334
322,3,1244
322,4,642
322,5,642
322,181,1695
322,182,1695
322,184,1758
322,186,1501
322,187,1153
322,188,1490
322,189,1229
322,190,1229
322,191,1070
322,192,1070
322,193,1665
322,218,1637
322,219,1637
322,220,759
322,223,1755
322,224,1755
322,225,868
322,226,944
322,259,1431
322,260,1431
322,261,1590
322,262,1628
322,263,1473
322,264,1331
322,275,1545
322,296,1302
322,297,1195
322,298,1195
322,299,1302
322,319,147
322,320,30
322,322,30
322,323,464
322,324,464
322,325,1223
322,326,1223
323,214,1704
323,215,1704
323,218,1173
323,219,1173
323,296,838
323,297,731
323,298,731
323,299,838
323,319,1634
323,321,1528
323,323,30
323,324,30
323,325,1173
323,326,1173
324,214,1704
324,215,1704
324,218,1173
324,219,1173
324,296,838
324,297,731
324,298,731
324,299,838
324,319,1634
324,321,1528
324,323,30
324,324,30
324,325,1173
324,326,1173
325,187,1702
325,189,1778
325,190,1778
325,191,1619
325,192,1619
325,218,1485
325,219,1485
325,225,1417
325,226,1493
325,296,1150
325,297,1043
325,298,1043
325,299,1150
325,319,1430
325,321,1323
325,323,1747
325,324,1747
325,325,30
325,326,30
326,187,1702
326,189,1778
326,190,1778
326,191,1619
326,192,1619
326,218,1485
326,219,1485
326,225,1417
326,226,1493
326,296,1150
326,297,1043
326,298,1043
326,299,1150
326,319,1430
326,321,1323
326,323,1747
326,324,1747
326,325,30
326,326,30
327,19,1425
327,20,1233
327,283,1421
327,284,1437
327,327,30
327,328,529
327,329,427
327,330,1393
327,331,1336
327,332,813
327,333,813
327,334,1159
327,335,1159
327,336,432
327,337,583
328,19,1470
328,20,1279
328,283,1467
328,284,1483
328,327,46
328,328,30
328,329,473
328,330,1438
328,331,1382
328,332,859
328,333,859
328,334,1204
328,335,1204
328,336,477
328,337,629
329,19,998
329,20,807
329,23,1784
329,24,1676
329,25,1676
329,283,995
329,284,1011
329,327,148
329,328,102
329,329,30
329,330,1469
329,331,1412
329,332,961
329,333,961
329,334,1306
329,335,1306
329,336,579
329,337,730
330,20,1727
330,327,1638
330,328,1593
330,329,1491
330,330,30
330,331,267
330,332,918
330,333,918
330,334,574
330,335,574
330,336,1496
330,337,1328
330,338,864
330,339,858
330,340,470
330,341,470
330,342,1203
330,343,1203
330,346,1647
331,19,1674
331,20,1483
331,327,1394
331,328,1349
331,329,1247
331,330,57
331,331,30
331,332,674
331,333,674
331,334,330
331,335,330
331,336,1251
331,337,1084
331,338,620
331,339,614
331,340,527
331,341,527
331,342,959
331,343,959
331,346,1403
332,19,1800
332,20,1609
332,283,1797
332,327,950
332,328,904
332,329,803
332,330,726
332,331,669
332,332,30
332,333,30
332,334,346
332,335,346
332,336,831
332,337,411
332,338,1289
332,339,1282
332,340,1195
332,341,1195
332,342,1628
332,343,1628
333,19,1800
333,20,1609
333,283,1797
333,327,950
333,328,904
333,329,803
333,330,726
333,331,669
333,332,30
333,333,30
333,334,346
333,335,346
333,336,831
333,337,411
333,338,1289
333,339,1282
333,340,1195
333,341,1195
333,342,1628
333,343,1628
334,20,1724
334,327,1065
334,328,1020
334,329,918
334,330,380
334,331,324
334,332,345
334,333,345
334,334,30
334,335,30
334,336,922
334,337,755
334,338,943
334,339,937
334,340,850
334,341,850
334,342,1282
334,343,1282
334,346,1726
335,20,1724
335,327,1065
335,328,1020
335,329,918
335,330,380
335,331,324
335,332,345
335,333,345
335,334,30
335,335,30
335,336,922
335,337,755
335,338,943
335,339,937
335,340,850
335,341,850
335,342,1282
335,343,1282
335,346,1726
336,19,1541
336,20,1350
336,283,1538
336,284,1554
336,327,691
336,328,645
336,329,543
336,330,1107
336,331,1051
336,332,382
336,333,382
336,334,728
336,335,728
336,336,30
336,337,152
336,338,1670
336,339,1664
336,340,1577
336,341,1577
337,19,1390
337,20,1198
337,283,1386
337,284,1403
337,327,540
337,328,494
337,329,392
337,330,1510
337,331,1453
337,332,907
337,333,907
337,334,1252
337,335,1252
337,336,525
337,337,30
338,330,813
338,331,756
338,332,1398
338,333,1398
338,334,1063
338,335,1063
338,338,30
338,339,7
338,340,1282
338,341,1282
338,342,352
338,343,352
338,346,796
339,330,806
339,331,750
339,332,1391
339,333,1391
339,334,1056
339,335,1056
339,338,7
339,339,30
339,340,1276
339,341,1276
339,342,346
339,343,346
339,346,790
340,329,1770
340,330,603
340,331,547
340,332,1197
340,333,1197
340,334,853
340,335,853
340,336,1775
340,337,1608
340,338,1143
340,339,1137
340,340,30
340,341,30
340,342,1482
340,343,1482
340,346,1742
341,329,1770
341,330,603
341,331,547
341,332,1197
341,333,1197
341,334,853
341,335,853
341,336,1775
341,337,1608
341,338,1143
341,339,1137
341,340,30
341,341,30
341,342,1482
341,343,1482
341,346,1742
342,330,1162
342,331,1106
342,332,1747
342,333,1747
342,334,1412
342,335,1412
342,338,362
342,339,356
342,340,1626
342,341,1626
342,342,30
342,343,30
342,346,444
343,330,1162
343,331,1106
343,332,1747
343,333,1747
343,334,1412
343,335,1412
343,338,362
343,339,356
343,340,1626
343,341,1626
343,342,30
343,343,30
343,346,444
344,10,1771
344,12,549
344,13,1126
344,59,1341
344,60,870
344,61,918
344,105,1782
344,119,1211
344,120,1754
344,121,1604
344,122,1675
344,123,1604
344,124,1504
344,288,545
344,289,485
344,290,582
344,315,1276
344,316,1190
344,344,30
344,345,60
344,349,1573
344,350,1555
345,10,1711
345,11,1759
345,12,489
345,13,1066
345,59,1281
345,60,811
345,61,858
345,105,1723
345,119,1151
345,120,1695
345,121,1544
345,122,1615
345,123,1544
345,124,1445
345,221,1768
345,222,1768
345,288,485
345,289,426
345,290,522
345,315,1216
345,316,1131
345,344,531
345,345,30
345,349,1513
345,350,1496
346,330,1606
346,331,1550
346,338,807
346,339,800
346,340,1705
346,341,1705
346,342,445
346,343,445
346,346,30
347,6,1394
347,7,1387
347,23,1638
347,24,1531
347,25,1531
347,26,1689
347,27,1689
347,32,1791
347,35,1212
347,36,1264
347,37,487
347,38,487
347,39,262
347,40,264
347,41,502
347,42,632
347,43,632
347,62,768
347,63,849
347,64,1660
347,229,254
347,230,279
347,307,1220
347,308,1283
347,347,30
347,348,39
348,6,1433
348,7,1426
348,23,1654
348,24,1546
348,25,1546
348,26,1704
348,27,1704
348,35,1251
348,36,1303
348,37,525
348,38,525
348,39,301
348,40,302
348,41,463
348,42,593
348,43,593
348,62,729
348,63,810
348,64,1621
348,229,215
348,230,240
348,307,1181
348,308,1244
348,347,39
348,348,30
349,10,840
349,11,888
349,12,1475
349,13,1316
349,119,1362
349,120,1706
349,121,1358
349,122,1436
349,123,1364
349,124,1467
349,221,1589
349,222,1589
349,291,1365
349,292,1365
349,315,1397
349,316,1312
349,344,1697
349,345,1756
349,349,30
349,350,1677
350,10,857
350,11,905
350,12,1492
350,13,1333
350,119,1379
350,120,1723
350,121,1375
350,122,1453
350,123,1381
350,124,1484
350,221,1606
350,222,1606
350,291,1382
350,292,1382
350,315,1415
350,316,1329
350,344,1714
350,345,1773
350,349,18
350,350,30
